{
  "Best Params": {
    "model__penalty": "l2",
    "model__C": 0.23357214690901212
  },
  "Accuracy": 0.5098039215686274,
  "Precision": 0.5040745052386496,
  "Recall": 0.8983402489626556,
  "F1-Score": 0.6457867263236391,
  "ROC-AUC": 0.524402089173277,
  "PR-AUC": 0.5050311902483302,
  "Confusion Matrix": [
    [
      61,
      426
    ],
    [
      49,
      433
    ]
  ],
  "n_train": 3875,
  "n_test": 969
}