2025-08-11 19:24:12 - TradeLogger - DEBUG - Logger initialized.
2025-08-11 19:24:12 - TradeLogger - DEBUG - Log file: logs/TradeLogger.log
2025-08-11 19:24:12 - TradeLogger - DEBUG - Logger name: TradeLogger
2025-08-11 19:24:12 - Drawdown Monitor - DEBUG - Logger initialized.
2025-08-11 19:24:12 - Drawdown Monitor - DEBUG - Log file: logs/TradeLogger.log
2025-08-11 19:24:12 - Drawdown Monitor - DEBUG - Logger name: Drawdown Monitor
2025-08-11 19:24:12 - Drawdown Monitor - INFO - [DAILY RESET] Portfolio start set to 100,000.00
2025-08-11 19:24:14 - TradeLogger - INFO - [TRADE] 2025-08-11T23:24:14.953672+00:00 | enter_long 293 MSFT @ 340.22 | SL:338.47785714285715 TP:342.54285714285714 TS:None | strat=MomentumStrategy regime=normal
2025-08-11 19:24:15 - TradeLogger - INFO - [TRADE] 2025-08-11T23:24:15.563817+00:00 | enter_short 1 MSFT @ 339.35 | SL:341.16607142857146 TP:336.92857142857144 TS:None | strat=MomentumStrategy regime=normal
2025-08-11 19:24:15 - TradeLogger - INFO - [TRADE] 2025-08-11T23:24:15.717793+00:00 | enter_short 1 MSFT @ 339.05 | SL:340.17785714285714 TP:337.35821428571427 TS:None | strat=MomentumStrategy regime=low_volatility
2025-08-11 19:24:15 - TradeLogger - INFO - [TRADE] 2025-08-11T23:24:15.770259+00:00 | enter_short 1 MSFT @ 338.87 | SL:340.60571428571427 TP:336.55571428571426 TS:None | strat=MomentumStrategy regime=normal
2025-08-11 19:24:16 - TradeLogger - INFO - [TRADE] 2025-08-11T23:24:16.020161+00:00 | enter_short 1 MSFT @ 338.41 | SL:340.1725 TP:336.06 TS:None | strat=MomentumStrategy regime=normal
2025-08-11 19:24:16 - TradeLogger - INFO - [TRADE] 2025-08-11T23:24:16.080750+00:00 | enter_short 1 MSFT @ 338.10 | SL:339.86678571428575 TP:335.74428571428575 TS:None | strat=MomentumStrategy regime=normal
2025-08-11 19:24:16 - TradeLogger - INFO - [TRADE] 2025-08-11T23:24:16.182373+00:00 | enter_short 1 MSFT @ 337.81 | SL:339.62928571428574 TP:335.3842857142857 TS:None | strat=MomentumStrategy regime=normal
2025-08-11 19:24:16 - TradeLogger - INFO - [TRADE] 2025-08-11T23:24:16.328924+00:00 | enter_short 1 MSFT @ 337.85 | SL:338.97357142857146 TP:336.1646428571429 TS:None | strat=MomentumStrategy regime=low_volatility
2025-08-11 19:24:16 - TradeLogger - INFO - [TRADE] 2025-08-11T23:24:16.384752+00:00 | enter_short 1 MSFT @ 337.95 | SL:339.6739285714286 TP:335.65142857142854 TS:None | strat=MomentumStrategy regime=normal
2025-08-11 19:24:16 - TradeLogger - INFO - [TRADE] 2025-08-11T23:24:16.485912+00:00 | enter_short 1 MSFT @ 337.57 | SL:338.6871428571429 TP:335.89428571428573 TS:None | strat=MomentumStrategy regime=low_volatility
2025-08-11 19:24:18 - TradeLogger - INFO - [TRADE] 2025-08-11T23:24:18.108259+00:00 | enter_short 1 MSFT @ 337.00 | SL:338.9296428571428 TP:334.4271428571429 TS:None | strat=MomentumStrategy regime=normal
2025-08-11 19:24:18 - TradeLogger - INFO - [TRADE] 2025-08-11T23:24:18.206477+00:00 | enter_short 1 MSFT @ 337.09 | SL:339.02714285714285 TP:334.50714285714287 TS:None | strat=MomentumStrategy regime=normal
2025-08-11 19:24:18 - TradeLogger - INFO - [TRADE] 2025-08-11T23:24:18.312330+00:00 | enter_short 1 MSFT @ 337.18 | SL:338.92857142857144 TP:334.84857142857146 TS:None | strat=MomentumStrategy regime=normal
2025-08-11 19:24:18 - TradeLogger - INFO - [TRADE] 2025-08-11T23:24:18.410927+00:00 | enter_short 1 MSFT @ 337.01 | SL:338.8925 TP:334.5 TS:None | strat=MomentumStrategy regime=normal
2025-08-11 19:24:18 - TradeLogger - INFO - [TRADE] 2025-08-11T23:24:18.563500+00:00 | enter_short 1 MSFT @ 337.01 | SL:338.0907142857143 TP:335.38892857142855 TS:None | strat=MomentumStrategy regime=low_volatility
2025-08-11 19:24:18 - TradeLogger - INFO - [TRADE] 2025-08-11T23:24:18.609691+00:00 | enter_short 1 MSFT @ 336.95 | SL:338.0292857142857 TP:335.3310714285714 TS:None | strat=MomentumStrategy regime=low_volatility
2025-08-11 19:24:18 - TradeLogger - INFO - [TRADE] 2025-08-11T23:24:18.712285+00:00 | enter_short 1 MSFT @ 337.09 | SL:338.0885714285714 TP:335.59214285714285 TS:None | strat=MomentumStrategy regime=low_volatility
2025-08-11 19:24:18 - TradeLogger - INFO - [TRADE] 2025-08-11T23:24:18.811184+00:00 | enter_short 1 MSFT @ 337.18 | SL:338.09285714285716 TP:335.8107142857143 TS:None | strat=MomentumStrategy regime=low_volatility
2025-08-11 19:24:18 - TradeLogger - INFO - [TRADE] 2025-08-11T23:24:18.911657+00:00 | enter_short 1 MSFT @ 337.37 | SL:338.2842857142857 TP:335.99857142857144 TS:None | strat=MomentumStrategy regime=low_volatility
2025-08-11 19:24:19 - TradeLogger - INFO - [TRADE] 2025-08-11T23:24:19.630078+00:00 | enter_short 1 MSFT @ 336.51 | SL:337.35785714285714 TP:335.23821428571426 TS:None | strat=MomentumStrategy regime=low_volatility
2025-08-11 19:24:19 - TradeLogger - INFO - [TRADE] 2025-08-11T23:24:19.737891+00:00 | enter_short 1 MSFT @ 336.79 | SL:337.68 TP:335.45500000000004 TS:None | strat=MomentumStrategy regime=low_volatility
2025-08-11 19:24:19 - TradeLogger - INFO - [TRADE] 2025-08-11T23:24:19.844927+00:00 | enter_short 1 MSFT @ 336.64 | SL:337.4885714285714 TP:335.3671428571428 TS:None | strat=MomentumStrategy regime=low_volatility
2025-08-11 19:24:19 - TradeLogger - INFO - [TRADE] 2025-08-11T23:24:19.953567+00:00 | enter_short 1 MSFT @ 336.66 | SL:337.6385714285715 TP:335.19214285714287 TS:None | strat=MomentumStrategy regime=low_volatility
2025-08-11 19:24:20 - TradeLogger - INFO - [TRADE] 2025-08-11T23:24:20.034932+00:00 | enter_short 1 MSFT @ 336.59 | SL:337.585 TP:335.09749999999997 TS:None | strat=MomentumStrategy regime=low_volatility
2025-08-11 19:24:20 - TradeLogger - INFO - [TRADE] 2025-08-11T23:24:20.139460+00:00 | enter_short 1 MSFT @ 336.88 | SL:338.57392857142855 TP:334.62142857142857 TS:None | strat=MomentumStrategy regime=normal
2025-08-11 19:24:22 - TradeLogger - INFO - [TRADE] 2025-08-11T23:24:22.012012+00:00 | enter_short 1 MSFT @ 336.31 | SL:338.4560714285714 TP:333.4485714285714 TS:None | strat=MomentumStrategy regime=normal
2025-08-11 19:24:22 - TradeLogger - INFO - [TRADE] 2025-08-11T23:24:22.213617+00:00 | enter_short 1 MSFT @ 336.38 | SL:338.5335714285714 TP:333.50857142857143 TS:None | strat=MomentumStrategy regime=normal
2025-08-11 19:24:22 - TradeLogger - INFO - [TRADE] 2025-08-11T23:24:22.271554+00:00 | enter_short 1 MSFT @ 336.39 | SL:338.1792857142857 TP:334.0042857142857 TS:None | strat=MomentumStrategy regime=normal
2025-08-11 19:24:22 - TradeLogger - INFO - [TRADE] 2025-08-11T23:24:22.406203+00:00 | enter_short 1 MSFT @ 335.83 | SL:337.71464285714285 TP:333.31714285714287 TS:None | strat=MomentumStrategy regime=normal
2025-08-11 19:24:22 - TradeLogger - INFO - [TRADE] 2025-08-11T23:24:22.474566+00:00 | enter_short 1 MSFT @ 335.57 | SL:336.65714285714284 TP:333.9392857142857 TS:None | strat=MomentumStrategy regime=low_volatility
2025-08-11 19:24:22 - TradeLogger - INFO - [TRADE] 2025-08-11T23:24:22.605199+00:00 | enter_short 1 MSFT @ 335.91 | SL:336.9585714285715 TP:334.3371428571429 TS:None | strat=MomentumStrategy regime=low_volatility
2025-08-11 19:24:22 - TradeLogger - INFO - [TRADE] 2025-08-11T23:24:22.676108+00:00 | enter_short 1 MSFT @ 335.74 | SL:336.74928571428575 TP:334.22607142857146 TS:None | strat=MomentumStrategy regime=low_volatility
2025-08-11 19:24:22 - TradeLogger - INFO - [TRADE] 2025-08-11T23:24:22.794106+00:00 | enter_short 1 MSFT @ 335.72 | SL:336.76214285714286 TP:334.1567857142857 TS:None | strat=MomentumStrategy regime=low_volatility
2025-08-11 19:24:22 - TradeLogger - INFO - [TRADE] 2025-08-11T23:24:22.881641+00:00 | enter_short 1 MSFT @ 335.72 | SL:336.5628571428572 TP:334.4557142857143 TS:None | strat=MomentumStrategy regime=low_volatility
2025-08-11 19:24:22 - TradeLogger - INFO - [TRADE] 2025-08-11T23:24:22.980021+00:00 | enter_short 1 MSFT @ 336.13 | SL:336.99071428571426 TP:334.83892857142854 TS:None | strat=MomentumStrategy regime=low_volatility
2025-08-11 19:24:23 - TradeLogger - INFO - [TRADE] 2025-08-11T23:24:23.085778+00:00 | enter_short 1 MSFT @ 336.26 | SL:337.08714285714285 TP:335.01928571428573 TS:None | strat=MomentumStrategy regime=low_volatility
2025-08-11 19:24:23 - TradeLogger - INFO - [TRADE] 2025-08-11T23:24:23.186112+00:00 | enter_short 1 MSFT @ 336.24 | SL:337.0464285714286 TP:335.03035714285716 TS:None | strat=MomentumStrategy regime=low_volatility
2025-08-11 19:24:23 - TradeLogger - INFO - [TRADE] 2025-08-11T23:24:23.536316+00:00 | enter_short 1 MSFT @ 335.53 | SL:336.2078571428571 TP:334.51321428571424 TS:None | strat=MomentumStrategy regime=low_volatility
2025-08-11 19:24:23 - TradeLogger - INFO - [TRADE] 2025-08-11T23:24:23.598753+00:00 | enter_short 1 MSFT @ 335.65 | SL:336.31642857142856 TP:334.6503571428571 TS:None | strat=MomentumStrategy regime=low_volatility
2025-08-11 19:24:23 - TradeLogger - INFO - [TRADE] 2025-08-11T23:24:23.699909+00:00 | enter_short 1 MSFT @ 335.88 | SL:336.60285714285715 TP:334.79571428571427 TS:None | strat=MomentumStrategy regime=low_volatility
2025-08-11 19:24:23 - TradeLogger - INFO - [TRADE] 2025-08-11T23:24:23.800348+00:00 | enter_short 1 MSFT @ 335.70 | SL:336.44357142857143 TP:334.58464285714285 TS:None | strat=MomentumStrategy regime=low_volatility
2025-08-11 19:24:23 - TradeLogger - INFO - [TRADE] 2025-08-11T23:24:23.900835+00:00 | enter_short 1 MSFT @ 335.62 | SL:336.33 TP:334.555 TS:None | strat=MomentumStrategy regime=low_volatility
2025-08-11 19:24:24 - TradeLogger - INFO - [TRADE] 2025-08-11T23:24:24.002848+00:00 | enter_short 1 MSFT @ 335.38 | SL:336.06857142857143 TP:334.34714285714284 TS:None | strat=MomentumStrategy regime=low_volatility
2025-08-11 19:24:24 - TradeLogger - INFO - [TRADE] 2025-08-11T23:24:24.104191+00:00 | enter_short 1 MSFT @ 334.98 | SL:335.78285714285715 TP:333.7757142857143 TS:None | strat=MomentumStrategy regime=low_volatility
2025-08-11 19:24:24 - TradeLogger - INFO - [TRADE] 2025-08-11T23:24:24.204972+00:00 | enter_short 1 MSFT @ 334.73 | SL:335.5207142857143 TP:333.5439285714286 TS:None | strat=MomentumStrategy regime=low_volatility
2025-08-11 19:24:24 - TradeLogger - INFO - [TRADE] 2025-08-11T23:24:24.330772+00:00 | enter_short 1 MSFT @ 334.62 | SL:335.4357142857143 TP:333.39642857142854 TS:None | strat=MomentumStrategy regime=low_volatility
2025-08-11 19:24:24 - TradeLogger - INFO - [TRADE] 2025-08-11T23:24:24.403638+00:00 | enter_short 1 MSFT @ 334.87 | SL:335.7814285714286 TP:333.5028571428571 TS:None | strat=MomentumStrategy regime=low_volatility
2025-08-11 19:24:24 - TradeLogger - INFO - [TRADE] 2025-08-11T23:24:24.509354+00:00 | enter_short 1 MSFT @ 334.62 | SL:336.0182142857143 TP:332.7557142857143 TS:None | strat=MomentumStrategy regime=normal
2025-08-11 19:24:24 - TradeLogger - INFO - [TRADE] 2025-08-11T23:24:24.631373+00:00 | enter_short 1 MSFT @ 334.88 | SL:336.31035714285713 TP:332.97285714285715 TS:None | strat=MomentumStrategy regime=normal
2025-08-11 19:24:24 - TradeLogger - INFO - [TRADE] 2025-08-11T23:24:24.745102+00:00 | enter_short 1 MSFT @ 334.67 | SL:336.27500000000003 TP:332.53000000000003 TS:None | strat=MomentumStrategy regime=normal
2025-08-11 19:24:24 - TradeLogger - INFO - [TRADE] 2025-08-11T23:24:24.806701+00:00 | enter_short 1 MSFT @ 334.50 | SL:336.3096428571429 TP:332.08714285714285 TS:None | strat=MomentumStrategy regime=normal
2025-08-11 19:24:24 - TradeLogger - INFO - [TRADE] 2025-08-11T23:24:24.957070+00:00 | enter_short 1 MSFT @ 334.90 | SL:336.9078571428571 TP:332.22285714285715 TS:None | strat=MomentumStrategy regime=normal
2025-08-11 19:24:25 - TradeLogger - INFO - [TRADE] 2025-08-11T23:24:25.022475+00:00 | enter_short 1 MSFT @ 335.14 | SL:337.1714285714286 TP:332.43142857142857 TS:None | strat=MomentumStrategy regime=normal
2025-08-11 19:24:25 - TradeLogger - INFO - [TRADE] 2025-08-11T23:24:25.122459+00:00 | enter_short 1 MSFT @ 335.20 | SL:337.2185714285714 TP:332.50857142857143 TS:None | strat=MomentumStrategy regime=normal
2025-08-11 19:24:25 - TradeLogger - INFO - [TRADE] 2025-08-11T23:24:25.223519+00:00 | enter_short 1 MSFT @ 334.89 | SL:336.9835714285714 TP:332.0985714285714 TS:None | strat=MomentumStrategy regime=normal
2025-08-11 19:24:25 - TradeLogger - INFO - [TRADE] 2025-08-11T23:24:25.324592+00:00 | enter_short 1 MSFT @ 334.86 | SL:336.93428571428575 TP:332.0942857142857 TS:None | strat=MomentumStrategy regime=normal
2025-08-11 19:24:26 - TradeLogger - INFO - [TRADE] 2025-08-11T23:24:26.386878+00:00 | enter_short 1 MSFT @ 334.60 | SL:336.6871428571429 TP:331.81714285714287 TS:None | strat=MomentumStrategy regime=normal
2025-08-11 19:24:26 - TradeLogger - INFO - [TRADE] 2025-08-11T23:24:26.437685+00:00 | enter_short 1 MSFT @ 334.42 | SL:336.5596428571429 TP:331.56714285714287 TS:None | strat=MomentumStrategy regime=normal
2025-08-11 19:24:26 - TradeLogger - INFO - [TRADE] 2025-08-11T23:24:26.646199+00:00 | enter_short 1 MSFT @ 334.77 | SL:336.70821428571423 TP:332.1857142857143 TS:None | strat=MomentumStrategy regime=normal
2025-08-11 19:24:29 - TradeLogger - INFO - [TRADE] 2025-08-11T23:24:29.226952+00:00 | enter_short 1 MSFT @ 335.43 | SL:337.2782142857143 TP:332.9657142857143 TS:None | strat=MomentumStrategy regime=normal
2025-08-11 19:24:29 - TradeLogger - INFO - [TRADE] 2025-08-11T23:24:29.291349+00:00 | enter_short 1 MSFT @ 335.38 | SL:337.00321428571425 TP:333.2157142857143 TS:None | strat=MomentumStrategy regime=normal
2025-08-11 19:24:29 - TradeLogger - INFO - [TRADE] 2025-08-11T23:24:29.389570+00:00 | enter_short 1 MSFT @ 335.15 | SL:336.8878571428571 TP:332.8328571428571 TS:None | strat=MomentumStrategy regime=normal
2025-08-11 19:24:29 - TradeLogger - INFO - [TRADE] 2025-08-11T23:24:29.491822+00:00 | enter_short 1 MSFT @ 335.23 | SL:337.0621428571429 TP:332.7871428571429 TS:None | strat=MomentumStrategy regime=normal
2025-08-11 19:24:29 - TradeLogger - INFO - [TRADE] 2025-08-11T23:24:29.624247+00:00 | enter_short 1 MSFT @ 335.25 | SL:337.0735714285714 TP:332.81857142857143 TS:None | strat=MomentumStrategy regime=normal
2025-08-11 19:24:29 - TradeLogger - INFO - [TRADE] 2025-08-11T23:24:29.735326+00:00 | enter_short 1 MSFT @ 335.06 | SL:336.6746428571428 TP:332.9071428571429 TS:None | strat=MomentumStrategy regime=normal
2025-08-11 19:24:29 - TradeLogger - INFO - [TRADE] 2025-08-11T23:24:29.800292+00:00 | enter_short 1 MSFT @ 335.31 | SL:336.96214285714285 TP:333.1071428571429 TS:None | strat=MomentumStrategy regime=normal
2025-08-11 19:24:29 - TradeLogger - INFO - [TRADE] 2025-08-11T23:24:29.908541+00:00 | enter_short 1 MSFT @ 335.53 | SL:336.5464285714285 TP:334.0053571428571 TS:None | strat=MomentumStrategy regime=low_volatility
2025-08-11 19:24:30 - TradeLogger - INFO - [TRADE] 2025-08-11T23:24:30.004254+00:00 | enter_short 1 MSFT @ 335.58 | SL:336.6221428571428 TP:334.01678571428573 TS:None | strat=MomentumStrategy regime=low_volatility
2025-08-11 19:24:30 - TradeLogger - INFO - [TRADE] 2025-08-11T23:24:30.104993+00:00 | enter_short 1 MSFT @ 335.54 | SL:336.5414285714286 TP:334.0378571428572 TS:None | strat=MomentumStrategy regime=low_volatility
2025-08-11 19:24:30 - TradeLogger - INFO - [TRADE] 2025-08-11T23:24:30.208766+00:00 | enter_short 1 MSFT @ 335.45 | SL:336.44571428571425 TP:333.95642857142855 TS:None | strat=MomentumStrategy regime=low_volatility
2025-08-11 19:24:30 - TradeLogger - INFO - [TRADE] 2025-08-11T23:24:30.306826+00:00 | enter_short 1 MSFT @ 335.28 | SL:336.8507142857143 TP:333.18571428571425 TS:None | strat=MomentumStrategy regime=normal
2025-08-11 19:24:30 - TradeLogger - INFO - [TRADE] 2025-08-11T23:24:30.413948+00:00 | enter_short 1 MSFT @ 335.05 | SL:336.8178571428571 TP:332.6928571428572 TS:None | strat=MomentumStrategy regime=normal
2025-08-11 19:24:30 - TradeLogger - INFO - [TRADE] 2025-08-11T23:24:30.509059+00:00 | enter_short 1 MSFT @ 334.85 | SL:336.60928571428576 TP:332.50428571428574 TS:None | strat=MomentumStrategy regime=normal
2025-08-11 19:24:30 - TradeLogger - INFO - [TRADE] 2025-08-11T23:24:30.614257+00:00 | enter_short 1 MSFT @ 334.73 | SL:336.545 TP:332.31 TS:None | strat=MomentumStrategy regime=normal
2025-08-11 19:24:30 - TradeLogger - INFO - [TRADE] 2025-08-11T23:24:30.716460+00:00 | enter_short 1 MSFT @ 334.68 | SL:336.5753571428572 TP:332.15285714285716 TS:None | strat=MomentumStrategy regime=normal
2025-08-11 19:24:30 - TradeLogger - INFO - [TRADE] 2025-08-11T23:24:30.866255+00:00 | enter_short 1 MSFT @ 334.53 | SL:336.30321428571426 TP:332.1657142857143 TS:None | strat=MomentumStrategy regime=normal
2025-08-11 19:24:30 - TradeLogger - INFO - [TRADE] 2025-08-11T23:24:30.933512+00:00 | enter_short 1 MSFT @ 334.79 | SL:335.8178571428572 TP:333.2482142857143 TS:None | strat=MomentumStrategy regime=low_volatility
2025-08-11 19:24:31 - TradeLogger - INFO - [TRADE] 2025-08-11T23:24:31.010144+00:00 | enter_short 1 MSFT @ 334.52 | SL:336.14964285714285 TP:332.34714285714284 TS:None | strat=MomentumStrategy regime=normal
2025-08-11 19:24:31 - TradeLogger - INFO - [TRADE] 2025-08-11T23:24:31.163304+00:00 | enter_short 1 MSFT @ 334.41 | SL:335.4428571428572 TP:332.8607142857143 TS:None | strat=MomentumStrategy regime=low_volatility
2025-08-11 19:24:31 - TradeLogger - INFO - [TRADE] 2025-08-11T23:24:31.217137+00:00 | enter_short 1 MSFT @ 334.49 | SL:336.04571428571427 TP:332.4157142857143 TS:None | strat=MomentumStrategy regime=normal
2025-08-11 19:24:31 - TradeLogger - INFO - [TRADE] 2025-08-11T23:24:31.368685+00:00 | enter_short 1 MSFT @ 334.30 | SL:335.305 TP:332.7925 TS:None | strat=MomentumStrategy regime=low_volatility
2025-08-11 19:24:31 - TradeLogger - INFO - [TRADE] 2025-08-11T23:24:31.454351+00:00 | enter_short 1 MSFT @ 334.22 | SL:335.23857142857145 TP:332.69214285714287 TS:None | strat=MomentumStrategy regime=low_volatility
2025-08-11 19:24:31 - TradeLogger - INFO - [TRADE] 2025-08-11T23:24:31.519914+00:00 | enter_short 1 MSFT @ 334.32 | SL:335.93142857142857 TP:332.1714285714286 TS:None | strat=MomentumStrategy regime=normal
2025-08-11 19:24:31 - TradeLogger - INFO - [TRADE] 2025-08-11T23:24:31.683478+00:00 | enter_short 1 MSFT @ 334.61 | SL:336.45500000000004 TP:332.15 TS:None | strat=MomentumStrategy regime=normal
2025-08-11 19:24:31 - TradeLogger - INFO - [TRADE] 2025-08-11T23:24:31.728189+00:00 | enter_short 1 MSFT @ 334.65 | SL:336.3267857142857 TP:332.4142857142857 TS:None | strat=MomentumStrategy regime=normal
2025-08-11 19:24:31 - TradeLogger - INFO - [TRADE] 2025-08-11T23:24:31.874761+00:00 | enter_short 1 MSFT @ 334.46 | SL:336.47749999999996 TP:331.77 TS:None | strat=MomentumStrategy regime=normal
2025-08-11 19:24:32 - TradeLogger - INFO - [TRADE] 2025-08-11T23:24:32.036985+00:00 | enter_short 1 MSFT @ 334.43 | SL:336.50857142857143 TP:331.6585714285714 TS:None | strat=MomentumStrategy regime=normal
2025-08-11 19:24:32 - TradeLogger - INFO - [TRADE] 2025-08-11T23:24:32.124897+00:00 | enter_short 1 MSFT @ 334.22 | SL:336.2996428571429 TP:331.44714285714286 TS:None | strat=MomentumStrategy regime=normal
2025-08-11 19:24:33 - TradeLogger - INFO - [TRADE] 2025-08-11T23:24:33.665050+00:00 | enter_short 1 MSFT @ 334.25 | SL:336.3071428571428 TP:331.50714285714287 TS:None | strat=MomentumStrategy regime=normal
2025-08-11 19:24:33 - TradeLogger - INFO - [TRADE] 2025-08-11T23:24:33.767862+00:00 | enter_short 1 MSFT @ 334.36 | SL:336.5242857142857 TP:331.4742857142857 TS:None | strat=MomentumStrategy regime=normal
2025-08-11 19:24:34 - TradeLogger - INFO - [TRADE] 2025-08-11T23:24:34.274424+00:00 | enter_short 1 MSFT @ 333.66 | SL:335.81464285714287 TP:330.7871428571429 TS:None | strat=MomentumStrategy regime=normal
2025-08-11 19:24:36 - TradeLogger - INFO - [TRADE] 2025-08-11T23:24:36.916914+00:00 | enter_short 1 MSFT @ 334.57 | SL:336.42571428571426 TP:332.0957142857143 TS:None | strat=MomentumStrategy regime=normal
2025-08-11 19:24:37 - TradeLogger - INFO - [TRADE] 2025-08-11T23:24:37.032074+00:00 | enter_short 1 MSFT @ 334.43 | SL:336.25464285714287 TP:331.9971428571429 TS:None | strat=MomentumStrategy regime=normal
2025-08-11 19:24:37 - TradeLogger - INFO - [TRADE] 2025-08-11T23:24:37.127233+00:00 | enter_short 1 MSFT @ 334.21 | SL:336.01321428571424 TP:331.80571428571426 TS:None | strat=MomentumStrategy regime=normal
2025-08-11 19:24:37 - TradeLogger - INFO - [TRADE] 2025-08-11T23:24:37.214268+00:00 | enter_short 1 MSFT @ 334.47 | SL:336.1532142857143 TP:332.22571428571433 TS:None | strat=MomentumStrategy regime=normal
2025-08-11 19:24:37 - TradeLogger - INFO - [TRADE] 2025-08-11T23:24:37.376518+00:00 | enter_short 1 MSFT @ 334.54 | SL:336.2532142857143 TP:332.2557142857143 TS:None | strat=MomentumStrategy regime=normal
2025-08-11 19:24:37 - TradeLogger - INFO - [TRADE] 2025-08-11T23:24:37.422470+00:00 | enter_short 1 MSFT @ 334.51 | SL:336.2157142857143 TP:332.23571428571427 TS:None | strat=MomentumStrategy regime=normal
2025-08-11 19:24:37 - TradeLogger - INFO - [TRADE] 2025-08-11T23:24:37.518259+00:00 | enter_short 1 MSFT @ 334.51 | SL:336.2725 TP:332.15999999999997 TS:None | strat=MomentumStrategy regime=normal
2025-08-11 19:24:37 - TradeLogger - INFO - [TRADE] 2025-08-11T23:24:37.623511+00:00 | enter_short 1 MSFT @ 334.60 | SL:336.25857142857143 TP:332.3885714285714 TS:None | strat=MomentumStrategy regime=normal
2025-08-11 19:24:37 - TradeLogger - INFO - [TRADE] 2025-08-11T23:24:37.750469+00:00 | enter_short 1 MSFT @ 334.22 | SL:335.8089285714286 TP:332.1014285714286 TS:None | strat=MomentumStrategy regime=normal
2025-08-11 19:24:37 - TradeLogger - INFO - [TRADE] 2025-08-11T23:24:37.822267+00:00 | enter_short 1 MSFT @ 334.05 | SL:335.7396428571429 TP:331.7971428571429 TS:None | strat=MomentumStrategy regime=normal
2025-08-11 19:24:37 - TradeLogger - INFO - [TRADE] 2025-08-11T23:24:37.973804+00:00 | enter_short 1 MSFT @ 334.03 | SL:335.695 TP:331.80999999999995 TS:None | strat=MomentumStrategy regime=normal
2025-08-11 19:24:38 - TradeLogger - INFO - [TRADE] 2025-08-11T23:24:38.055576+00:00 | enter_short 1 MSFT @ 334.27 | SL:335.97999999999996 TP:331.98999999999995 TS:None | strat=MomentumStrategy regime=normal
2025-08-11 19:24:38 - TradeLogger - INFO - [TRADE] 2025-08-11T23:24:38.126777+00:00 | enter_short 1 MSFT @ 334.19 | SL:335.9139285714286 TP:331.89142857142855 TS:None | strat=MomentumStrategy regime=normal
2025-08-11 19:24:38 - TradeLogger - INFO - [TRADE] 2025-08-11T23:24:38.228892+00:00 | enter_short 1 MSFT @ 334.47 | SL:336.23357142857145 TP:332.11857142857144 TS:None | strat=MomentumStrategy regime=normal
2025-08-11 19:24:38 - TradeLogger - INFO - [TRADE] 2025-08-11T23:24:38.329480+00:00 | enter_short 1 MSFT @ 334.55 | SL:336.5160714285714 TP:331.92857142857144 TS:None | strat=MomentumStrategy regime=normal
2025-08-11 19:24:38 - TradeLogger - INFO - [TRADE] 2025-08-11T23:24:38.471129+00:00 | enter_short 1 MSFT @ 334.53 | SL:336.4767857142857 TP:331.9342857142857 TS:None | strat=MomentumStrategy regime=normal
2025-08-11 19:24:38 - TradeLogger - INFO - [TRADE] 2025-08-11T23:24:38.525587+00:00 | enter_short 1 MSFT @ 334.51 | SL:336.43535714285713 TP:331.9428571428571 TS:None | strat=MomentumStrategy regime=normal
2025-08-11 19:24:38 - TradeLogger - INFO - [TRADE] 2025-08-11T23:24:38.668228+00:00 | enter_short 1 MSFT @ 334.71 | SL:336.67071428571427 TP:332.0957142857143 TS:None | strat=MomentumStrategy regime=normal
2025-08-11 19:24:38 - TradeLogger - INFO - [TRADE] 2025-08-11T23:24:38.731681+00:00 | enter_short 1 MSFT @ 334.59 | SL:336.55071428571426 TP:331.9757142857143 TS:None | strat=MomentumStrategy regime=normal
2025-08-11 19:24:38 - TradeLogger - INFO - [TRADE] 2025-08-11T23:24:38.833782+00:00 | enter_short 1 MSFT @ 334.46 | SL:336.2996428571428 TP:332.00714285714287 TS:None | strat=MomentumStrategy regime=normal
2025-08-11 19:24:38 - TradeLogger - INFO - [TRADE] 2025-08-11T23:24:38.933663+00:00 | enter_short 1 MSFT @ 334.54 | SL:336.4117857142857 TP:332.04428571428576 TS:None | strat=MomentumStrategy regime=normal
2025-08-11 19:24:39 - TradeLogger - INFO - [TRADE] 2025-08-11T23:24:39.095159+00:00 | enter_short 1 MSFT @ 334.41 | SL:336.27750000000003 TP:331.92 TS:None | strat=MomentumStrategy regime=normal
2025-08-11 19:24:39 - TradeLogger - INFO - [TRADE] 2025-08-11T23:24:39.247755+00:00 | enter_short 1 MSFT @ 334.46 | SL:336.1325 TP:332.22999999999996 TS:None | strat=MomentumStrategy regime=normal
2025-08-11 19:24:39 - TradeLogger - INFO - [TRADE] 2025-08-11T23:24:39.389105+00:00 | enter_short 1 MSFT @ 334.51 | SL:336.1878571428571 TP:332.2728571428571 TS:None | strat=MomentumStrategy regime=normal
2025-08-11 19:24:39 - TradeLogger - INFO - [TRADE] 2025-08-11T23:24:39.460347+00:00 | enter_short 1 MSFT @ 334.49 | SL:336.10035714285715 TP:332.34285714285716 TS:None | strat=MomentumStrategy regime=normal
2025-08-11 19:24:39 - TradeLogger - INFO - [TRADE] 2025-08-11T23:24:39.556820+00:00 | enter_short 1 MSFT @ 334.39 | SL:335.25142857142856 TP:333.09785714285715 TS:None | strat=MomentumStrategy regime=low_volatility
2025-08-11 19:24:44 - TradeLogger - INFO - [TRADE] 2025-08-11T23:24:44.082314+00:00 | enter_short 1 MSFT @ 335.56 | SL:336.40214285714285 TP:334.2967857142857 TS:None | strat=MomentumStrategy regime=low_volatility
2025-08-11 19:24:44 - TradeLogger - INFO - [TRADE] 2025-08-11T23:24:44.136448+00:00 | enter_short 1 MSFT @ 335.50 | SL:336.3814285714286 TP:334.17785714285714 TS:None | strat=MomentumStrategy regime=low_volatility
2025-08-11 19:24:44 - TradeLogger - INFO - [TRADE] 2025-08-11T23:24:44.279101+00:00 | enter_short 1 MSFT @ 335.62 | SL:336.44428571428574 TP:334.38357142857143 TS:None | strat=MomentumStrategy regime=low_volatility
2025-08-11 19:24:50 - TradeLogger - INFO - [TRADE] 2025-08-11T23:24:50.548749+00:00 | enter_short 1 MSFT @ 339.54 | SL:340.55428571428575 TP:338.0185714285714 TS:None | strat=MomentumStrategy regime=low_volatility
2025-08-11 19:24:50 - TradeLogger - INFO - [TRADE] 2025-08-11T23:24:50.751427+00:00 | enter_short 1 MSFT @ 339.36 | SL:340.2357142857143 TP:338.0464285714286 TS:None | strat=MomentumStrategy regime=low_volatility
2025-08-11 19:24:51 - TradeLogger - INFO - [TRADE] 2025-08-11T23:24:51.569463+00:00 | enter_short 1 MSFT @ 339.20 | SL:340.85107142857146 TP:336.9985714285714 TS:None | strat=MomentumStrategy regime=normal
2025-08-11 19:24:51 - TradeLogger - INFO - [TRADE] 2025-08-11T23:24:51.660692+00:00 | enter_short 1 MSFT @ 339.44 | SL:341.02250000000004 TP:337.33 TS:None | strat=MomentumStrategy regime=normal
2025-08-11 19:24:51 - TradeLogger - INFO - [TRADE] 2025-08-11T23:24:51.765367+00:00 | enter_short 1 MSFT @ 339.29 | SL:341.15321428571434 TP:336.8057142857143 TS:None | strat=MomentumStrategy regime=normal
2025-08-11 19:24:54 - TradeLogger - INFO - [TRADE] 2025-08-11T23:24:54.205219+00:00 | enter_short 1 MSFT @ 347.09 | SL:349.0667857142857 TP:344.4542857142857 TS:None | strat=MomentumStrategy regime=normal
2025-08-11 19:24:54 - TradeLogger - INFO - [TRADE] 2025-08-11T23:24:54.710782+00:00 | enter_short 1 MSFT @ 346.53 | SL:348.54428571428565 TP:343.8442857142857 TS:None | strat=MomentumStrategy regime=normal
2025-08-11 19:24:54 - TradeLogger - INFO - [TRADE] 2025-08-11T23:24:54.816512+00:00 | enter_short 1 MSFT @ 346.34 | SL:348.4003571428571 TP:343.59285714285716 TS:None | strat=MomentumStrategy regime=normal
2025-08-11 19:24:54 - TradeLogger - INFO - [TRADE] 2025-08-11T23:24:54.916650+00:00 | enter_short 1 MSFT @ 346.32 | SL:348.25714285714287 TP:343.7371428571429 TS:None | strat=MomentumStrategy regime=normal
2025-08-11 19:24:55 - TradeLogger - INFO - [TRADE] 2025-08-11T23:24:55.035179+00:00 | enter_short 1 MSFT @ 345.98 | SL:347.8325 TP:343.51000000000005 TS:None | strat=MomentumStrategy regime=normal
2025-08-11 19:24:55 - TradeLogger - INFO - [TRADE] 2025-08-11T23:24:55.171015+00:00 | enter_short 1 MSFT @ 346.27 | SL:348.2060714285714 TP:343.68857142857144 TS:None | strat=MomentumStrategy regime=normal
2025-08-11 19:24:55 - TradeLogger - INFO - [TRADE] 2025-08-11T23:24:55.215822+00:00 | enter_short 1 MSFT @ 345.86 | SL:347.8057142857143 TP:343.2657142857143 TS:None | strat=MomentumStrategy regime=normal
2025-08-11 19:24:55 - TradeLogger - INFO - [TRADE] 2025-08-11T23:24:55.319005+00:00 | enter_short 1 MSFT @ 345.92 | SL:347.9867857142857 TP:343.16428571428577 TS:None | strat=MomentumStrategy regime=normal
2025-08-11 19:24:55 - TradeLogger - INFO - [TRADE] 2025-08-11T23:24:55.466547+00:00 | enter_short 1 MSFT @ 345.57 | SL:347.4214285714286 TP:343.1014285714286 TS:None | strat=MomentumStrategy regime=normal
2025-08-11 19:24:55 - TradeLogger - INFO - [TRADE] 2025-08-11T23:24:55.523457+00:00 | enter_short 1 MSFT @ 345.95 | SL:347.8667857142857 TP:343.39428571428573 TS:None | strat=MomentumStrategy regime=normal
2025-08-11 19:24:55 - TradeLogger - INFO - [TRADE] 2025-08-11T23:24:55.626958+00:00 | enter_short 1 MSFT @ 345.18 | SL:347.08714285714285 TP:342.63714285714286 TS:None | strat=MomentumStrategy regime=normal
2025-08-11 19:24:56 - TradeLogger - INFO - [TRADE] 2025-08-11T23:24:56.080603+00:00 | enter_short 1 MSFT @ 343.88 | SL:345.8985714285714 TP:341.18857142857144 TS:None | strat=MomentumStrategy regime=normal
2025-08-11 19:24:56 - TradeLogger - INFO - [TRADE] 2025-08-11T23:24:56.229640+00:00 | enter_short 1 MSFT @ 343.82 | SL:345.8589285714286 TP:341.1014285714286 TS:None | strat=MomentumStrategy regime=normal
2025-08-11 19:24:56 - TradeLogger - INFO - [TRADE] 2025-08-11T23:24:56.667651+00:00 | enter_short 1 MSFT @ 343.33 | SL:345.39892857142854 TP:340.57142857142856 TS:None | strat=MomentumStrategy regime=normal
2025-08-11 19:24:56 - TradeLogger - INFO - [TRADE] 2025-08-11T23:24:56.944623+00:00 | enter_short 1 MSFT @ 344.62 | SL:346.6064285714286 TP:341.9714285714286 TS:None | strat=MomentumStrategy regime=normal
2025-08-11 19:24:57 - TradeLogger - INFO - [TRADE] 2025-08-11T23:24:57.047147+00:00 | enter_short 1 MSFT @ 344.40 | SL:346.3960714285714 TP:341.7385714285714 TS:None | strat=MomentumStrategy regime=normal
2025-08-11 19:24:57 - TradeLogger - INFO - [TRADE] 2025-08-11T23:24:57.135929+00:00 | enter_short 1 MSFT @ 344.69 | SL:346.67857142857144 TP:342.03857142857146 TS:None | strat=MomentumStrategy regime=normal
2025-08-11 19:24:57 - TradeLogger - INFO - [TRADE] 2025-08-11T23:24:57.281840+00:00 | enter_short 1 MSFT @ 344.87 | SL:346.70964285714285 TP:342.4171428571429 TS:None | strat=MomentumStrategy regime=normal
2025-08-11 19:24:57 - TradeLogger - INFO - [TRADE] 2025-08-11T23:24:57.346104+00:00 | enter_short 1 MSFT @ 344.52 | SL:346.5332142857143 TP:341.8357142857143 TS:None | strat=MomentumStrategy regime=normal
2025-08-11 19:24:58 - TradeLogger - INFO - [TRADE] 2025-08-11T23:24:58.953375+00:00 | enter_long 152 AAPL @ 314.47 | SL:311.2014285714286 TP:319.37285714285713 TS:None | strat=MomentumStrategy regime=high_volatility
2025-08-11 19:25:00 - TradeLogger - INFO - [TRADE] 2025-08-11T23:25:00.880557+00:00 | enter_short 1 MSFT @ 343.23 | SL:345.36428571428576 TP:340.38428571428574 TS:None | strat=MomentumStrategy regime=normal
2025-08-11 19:25:00 - TradeLogger - INFO - [TRADE] 2025-08-11T23:25:00.993400+00:00 | enter_short 1 MSFT @ 343.04 | SL:345.15285714285716 TP:340.22285714285715 TS:None | strat=MomentumStrategy regime=normal
2025-08-11 19:25:01 - TradeLogger - INFO - [TRADE] 2025-08-11T23:25:01.097576+00:00 | enter_short 1 MSFT @ 342.98 | SL:345.03607142857146 TP:340.23857142857145 TS:None | strat=MomentumStrategy regime=normal
2025-08-11 19:25:01 - TradeLogger - INFO - [TRADE] 2025-08-11T23:25:01.197185+00:00 | enter_short 1 MSFT @ 343.16 | SL:345.1378571428572 TP:340.52285714285716 TS:None | strat=MomentumStrategy regime=normal
2025-08-11 19:25:01 - TradeLogger - INFO - [TRADE] 2025-08-11T23:25:01.348616+00:00 | enter_short 1 MSFT @ 343.13 | SL:345.1089285714286 TP:340.49142857142857 TS:None | strat=MomentumStrategy regime=normal
2025-08-11 19:25:01 - TradeLogger - INFO - [TRADE] 2025-08-11T23:25:01.388661+00:00 | enter_short 1 AAPL @ 316.10 | SL:318.3628571428572 TP:313.08285714285716 TS:None | strat=MomentumStrategy regime=normal
2025-08-11 19:25:01 - TradeLogger - INFO - [TRADE] 2025-08-11T23:25:01.400809+00:00 | enter_short 1 MSFT @ 343.03 | SL:344.7603571428571 TP:340.7228571428571 TS:None | strat=MomentumStrategy regime=normal
2025-08-11 19:25:01 - TradeLogger - INFO - [TRADE] 2025-08-11T23:25:01.590586+00:00 | enter_short 1 AAPL @ 316.18 | SL:318.3582142857143 TP:313.2757142857143 TS:None | strat=MomentumStrategy regime=normal
2025-08-11 19:25:01 - TradeLogger - INFO - [TRADE] 2025-08-11T23:25:01.602883+00:00 | enter_short 1 MSFT @ 343.15 | SL:344.8717857142857 TP:340.8542857142857 TS:None | strat=MomentumStrategy regime=normal
2025-08-11 19:25:01 - TradeLogger - INFO - [TRADE] 2025-08-11T23:25:01.702767+00:00 | enter_short 1 MSFT @ 343.42 | SL:344.40000000000003 TP:341.95 TS:None | strat=MomentumStrategy regime=low_volatility
2025-08-11 19:25:01 - TradeLogger - INFO - [TRADE] 2025-08-11T23:25:01.793740+00:00 | enter_short 1 AAPL @ 317.22 | SL:319.5632142857143 TP:314.09571428571434 TS:None | strat=MomentumStrategy regime=normal
2025-08-11 19:25:01 - TradeLogger - INFO - [TRADE] 2025-08-11T23:25:01.804870+00:00 | enter_short 1 MSFT @ 343.63 | SL:344.54857142857145 TP:342.25214285714287 TS:None | strat=MomentumStrategy regime=low_volatility
2025-08-11 19:25:02 - TradeLogger - INFO - [TRADE] 2025-08-11T23:25:02.011960+00:00 | enter_short 1 MSFT @ 343.53 | SL:344.5357142857143 TP:342.02142857142854 TS:None | strat=MomentumStrategy regime=low_volatility
2025-08-11 19:25:02 - TradeLogger - INFO - [TRADE] 2025-08-11T23:25:02.109895+00:00 | enter_short 1 MSFT @ 343.68 | SL:344.67 TP:342.195 TS:None | strat=MomentumStrategy regime=low_volatility
2025-08-11 19:25:02 - TradeLogger - INFO - [TRADE] 2025-08-11T23:25:02.273801+00:00 | enter_short 1 MSFT @ 343.75 | SL:345.4503571428571 TP:341.48285714285714 TS:None | strat=MomentumStrategy regime=normal
2025-08-11 19:25:02 - TradeLogger - INFO - [TRADE] 2025-08-11T23:25:02.304506+00:00 | enter_short 1 AAPL @ 315.65 | SL:317.8560714285714 TP:312.7085714285714 TS:None | strat=MomentumStrategy regime=normal
2025-08-11 19:25:02 - TradeLogger - INFO - [TRADE] 2025-08-11T23:25:02.320862+00:00 | enter_short 1 MSFT @ 344.12 | SL:345.81607142857143 TP:341.85857142857145 TS:None | strat=MomentumStrategy regime=normal
2025-08-11 19:25:02 - TradeLogger - INFO - [TRADE] 2025-08-11T23:25:02.402678+00:00 | enter_short 1 AAPL @ 315.71 | SL:317.79821428571427 TP:312.92571428571426 TS:None | strat=MomentumStrategy regime=normal
2025-08-11 19:25:02 - TradeLogger - INFO - [TRADE] 2025-08-11T23:25:02.503783+00:00 | enter_short 1 AAPL @ 315.48 | SL:317.62178571428575 TP:312.62428571428575 TS:None | strat=MomentumStrategy regime=normal
2025-08-11 19:25:02 - TradeLogger - INFO - [TRADE] 2025-08-11T23:25:02.516434+00:00 | enter_short 1 MSFT @ 343.85 | SL:344.89285714285717 TP:342.28571428571433 TS:None | strat=MomentumStrategy regime=low_volatility
2025-08-11 19:25:02 - TradeLogger - INFO - [TRADE] 2025-08-11T23:25:02.603862+00:00 | enter_short 1 AAPL @ 315.55 | SL:317.875 TP:312.45 TS:None | strat=MomentumStrategy regime=normal
2025-08-11 19:25:02 - TradeLogger - INFO - [TRADE] 2025-08-11T23:25:02.706546+00:00 | enter_short 1 AAPL @ 314.92 | SL:317.2867857142857 TP:311.76428571428573 TS:None | strat=MomentumStrategy regime=normal
2025-08-11 19:25:02 - TradeLogger - INFO - [TRADE] 2025-08-11T23:25:02.808406+00:00 | enter_short 1 AAPL @ 315.51 | SL:317.74607142857144 TP:312.5285714285714 TS:None | strat=MomentumStrategy regime=normal
2025-08-11 19:25:03 - TradeLogger - INFO - [TRADE] 2025-08-11T23:25:03.111571+00:00 | enter_short 1 AAPL @ 315.49 | SL:317.78285714285715 TP:312.43285714285713 TS:None | strat=MomentumStrategy regime=normal
2025-08-11 19:25:03 - TradeLogger - INFO - [TRADE] 2025-08-11T23:25:03.212492+00:00 | enter_short 1 AAPL @ 315.47 | SL:317.5860714285715 TP:312.6485714285715 TS:None | strat=MomentumStrategy regime=normal
2025-08-11 19:25:03 - TradeLogger - INFO - [TRADE] 2025-08-11T23:25:03.313627+00:00 | enter_short 1 AAPL @ 315.02 | SL:317.1725 TP:312.15 TS:None | strat=MomentumStrategy regime=normal
2025-08-11 19:25:03 - TradeLogger - INFO - [TRADE] 2025-08-11T23:25:03.413355+00:00 | enter_short 1 AAPL @ 314.88 | SL:317.08392857142854 TP:311.94142857142856 TS:None | strat=MomentumStrategy regime=normal
2025-08-11 19:25:03 - TradeLogger - INFO - [TRADE] 2025-08-11T23:25:03.516294+00:00 | enter_short 1 AAPL @ 314.56 | SL:316.6610714285714 TP:311.75857142857143 TS:None | strat=MomentumStrategy regime=normal
2025-08-11 19:25:03 - TradeLogger - INFO - [TRADE] 2025-08-11T23:25:03.617252+00:00 | enter_short 1 AAPL @ 314.16 | SL:316.26535714285717 TP:311.35285714285715 TS:None | strat=MomentumStrategy regime=normal
2025-08-11 19:25:03 - TradeLogger - INFO - [TRADE] 2025-08-11T23:25:03.717034+00:00 | enter_short 1 AAPL @ 314.35 | SL:316.45750000000004 TP:311.54 TS:None | strat=MomentumStrategy regime=normal
2025-08-11 19:25:03 - TradeLogger - INFO - [TRADE] 2025-08-11T23:25:03.818467+00:00 | enter_short 1 AAPL @ 314.87 | SL:317.1092857142857 TP:311.88428571428574 TS:None | strat=MomentumStrategy regime=normal
2025-08-11 19:25:03 - TradeLogger - INFO - [TRADE] 2025-08-11T23:25:03.831101+00:00 | enter_short 1 MSFT @ 343.57 | SL:345.2607142857143 TP:341.31571428571425 TS:None | strat=MomentumStrategy regime=normal
2025-08-11 19:25:03 - TradeLogger - INFO - [TRADE] 2025-08-11T23:25:03.921166+00:00 | enter_short 1 AAPL @ 315.22 | SL:317.2139285714286 TP:312.56142857142856 TS:None | strat=MomentumStrategy regime=normal
2025-08-11 19:25:03 - TradeLogger - INFO - [TRADE] 2025-08-11T23:25:03.933986+00:00 | enter_short 1 MSFT @ 343.42 | SL:345.1771428571429 TP:341.07714285714286 TS:None | strat=MomentumStrategy regime=normal
2025-08-11 19:25:04 - TradeLogger - INFO - [TRADE] 2025-08-11T23:25:04.018928+00:00 | enter_short 1 AAPL @ 315.04 | SL:316.87857142857143 TP:312.58857142857147 TS:None | strat=MomentumStrategy regime=normal
2025-08-11 19:25:04 - TradeLogger - INFO - [TRADE] 2025-08-11T23:25:04.032685+00:00 | enter_short 1 MSFT @ 343.27 | SL:344.9617857142857 TP:341.0142857142857 TS:None | strat=MomentumStrategy regime=normal
2025-08-11 19:25:04 - TradeLogger - INFO - [TRADE] 2025-08-11T23:25:04.120531+00:00 | enter_short 1 AAPL @ 315.22 | SL:316.40000000000003 TP:313.45000000000005 TS:None | strat=MomentumStrategy regime=low_volatility
2025-08-11 19:25:04 - TradeLogger - INFO - [TRADE] 2025-08-11T23:25:04.133704+00:00 | enter_short 1 MSFT @ 343.11 | SL:344.8103571428572 TP:340.84285714285716 TS:None | strat=MomentumStrategy regime=normal
2025-08-11 19:25:04 - TradeLogger - INFO - [TRADE] 2025-08-11T23:25:04.221609+00:00 | enter_short 1 AAPL @ 315.13 | SL:316.3157142857143 TP:313.3514285714286 TS:None | strat=MomentumStrategy regime=low_volatility
2025-08-11 19:25:04 - TradeLogger - INFO - [TRADE] 2025-08-11T23:25:04.234774+00:00 | enter_short 1 MSFT @ 343.08 | SL:344.14714285714285 TP:341.47928571428565 TS:None | strat=MomentumStrategy regime=low_volatility
2025-08-11 19:25:04 - TradeLogger - INFO - [TRADE] 2025-08-11T23:25:04.322726+00:00 | enter_short 1 AAPL @ 315.28 | SL:316.28214285714284 TP:313.7767857142857 TS:None | strat=MomentumStrategy regime=low_volatility
2025-08-11 19:25:04 - TradeLogger - INFO - [TRADE] 2025-08-11T23:25:04.335060+00:00 | enter_short 1 MSFT @ 343.41 | SL:344.4307142857143 TP:341.87892857142856 TS:None | strat=MomentumStrategy regime=low_volatility
2025-08-11 19:25:04 - TradeLogger - INFO - [TRADE] 2025-08-11T23:25:04.425779+00:00 | enter_short 1 AAPL @ 315.16 | SL:316.08714285714285 TP:313.76928571428573 TS:None | strat=MomentumStrategy regime=low_volatility
2025-08-11 19:25:04 - TradeLogger - INFO - [TRADE] 2025-08-11T23:25:04.436045+00:00 | enter_short 1 MSFT @ 343.71 | SL:345.62892857142856 TP:341.15142857142854 TS:None | strat=MomentumStrategy regime=normal
2025-08-11 19:25:04 - TradeLogger - INFO - [TRADE] 2025-08-11T23:25:04.525192+00:00 | enter_short 1 AAPL @ 315.19 | SL:316.21 TP:313.66 TS:None | strat=MomentumStrategy regime=low_volatility
2025-08-11 19:25:04 - TradeLogger - INFO - [TRADE] 2025-08-11T23:25:04.535973+00:00 | enter_short 1 MSFT @ 343.66 | SL:345.68500000000006 TP:340.96 TS:None | strat=MomentumStrategy regime=normal
2025-08-11 19:25:04 - TradeLogger - INFO - [TRADE] 2025-08-11T23:25:04.627315+00:00 | enter_short 1 AAPL @ 314.42 | SL:315.4792857142857 TP:312.8310714285715 TS:None | strat=MomentumStrategy regime=low_volatility
2025-08-11 19:25:04 - TradeLogger - INFO - [TRADE] 2025-08-11T23:25:04.639638+00:00 | enter_short 1 MSFT @ 343.41 | SL:345.42107142857145 TP:340.72857142857146 TS:None | strat=MomentumStrategy regime=normal
2025-08-11 19:25:04 - TradeLogger - INFO - [TRADE] 2025-08-11T23:25:04.730564+00:00 | enter_short 1 AAPL @ 314.39 | SL:315.43571428571425 TP:312.82142857142856 TS:None | strat=MomentumStrategy regime=low_volatility
2025-08-11 19:25:04 - TradeLogger - INFO - [TRADE] 2025-08-11T23:25:04.740746+00:00 | enter_short 1 MSFT @ 342.91 | SL:344.7035714285715 TP:340.5185714285714 TS:None | strat=MomentumStrategy regime=normal
2025-08-11 19:25:04 - TradeLogger - INFO - [TRADE] 2025-08-11T23:25:04.831481+00:00 | enter_short 1 AAPL @ 314.04 | SL:315.82928571428573 TP:311.6542857142858 TS:None | strat=MomentumStrategy regime=normal
2025-08-11 19:25:04 - TradeLogger - INFO - [TRADE] 2025-08-11T23:25:04.844870+00:00 | enter_short 1 MSFT @ 343.22 | SL:345.0264285714286 TP:340.81142857142856 TS:None | strat=MomentumStrategy regime=normal
2025-08-11 19:25:04 - TradeLogger - INFO - [TRADE] 2025-08-11T23:25:04.934316+00:00 | enter_short 1 AAPL @ 314.26 | SL:315.4242857142857 TP:312.5135714285714 TS:None | strat=MomentumStrategy regime=low_volatility
2025-08-11 19:25:04 - TradeLogger - INFO - [TRADE] 2025-08-11T23:25:04.949296+00:00 | enter_short 1 MSFT @ 343.34 | SL:345.1689285714285 TP:340.90142857142854 TS:None | strat=MomentumStrategy regime=normal
2025-08-11 19:25:05 - TradeLogger - INFO - [TRADE] 2025-08-11T23:25:05.032855+00:00 | enter_short 1 AAPL @ 314.34 | SL:315.4871428571428 TP:312.6192857142857 TS:None | strat=MomentumStrategy regime=low_volatility
2025-08-11 19:25:05 - TradeLogger - INFO - [TRADE] 2025-08-11T23:25:05.045817+00:00 | enter_short 1 MSFT @ 343.77 | SL:345.6867857142857 TP:341.2142857142857 TS:None | strat=MomentumStrategy regime=normal
2025-08-11 19:25:05 - TradeLogger - INFO - [TRADE] 2025-08-11T23:25:05.143939+00:00 | enter_short 1 MSFT @ 343.91 | SL:345.8589285714286 TP:341.3114285714286 TS:None | strat=MomentumStrategy regime=normal
2025-08-11 19:25:05 - TradeLogger - INFO - [TRADE] 2025-08-11T23:25:05.235964+00:00 | enter_short 1 AAPL @ 315.43 | SL:317.5257142857143 TP:312.6357142857143 TS:None | strat=MomentumStrategy regime=normal
2025-08-11 19:25:05 - TradeLogger - INFO - [TRADE] 2025-08-11T23:25:05.250587+00:00 | enter_short 1 MSFT @ 343.59 | SL:345.5785714285714 TP:340.9385714285714 TS:None | strat=MomentumStrategy regime=normal
2025-08-11 19:25:05 - TradeLogger - INFO - [TRADE] 2025-08-11T23:25:05.346941+00:00 | enter_short 1 MSFT @ 343.43 | SL:345.485 TP:340.69 TS:None | strat=MomentumStrategy regime=normal
2025-08-11 19:25:07 - TradeLogger - INFO - [TRADE] 2025-08-11T23:25:07.963643+00:00 | enter_short 1 AAPL @ 315.99 | SL:317.9785714285714 TP:313.33857142857147 TS:None | strat=MomentumStrategy regime=normal
2025-08-11 19:25:08 - TradeLogger - INFO - [TRADE] 2025-08-11T23:25:08.064996+00:00 | enter_short 1 AAPL @ 316.13 | SL:318.05 TP:313.57 TS:None | strat=MomentumStrategy regime=normal
2025-08-11 19:25:08 - TradeLogger - INFO - [TRADE] 2025-08-11T23:25:08.165101+00:00 | enter_short 1 AAPL @ 315.73 | SL:317.62428571428575 TP:313.20428571428573 TS:None | strat=MomentumStrategy regime=normal
2025-08-11 19:25:08 - TradeLogger - INFO - [TRADE] 2025-08-11T23:25:08.265084+00:00 | enter_short 1 AAPL @ 316.15 | SL:317.9660714285714 TP:313.7285714285714 TS:None | strat=MomentumStrategy regime=normal
2025-08-11 19:25:08 - TradeLogger - INFO - [TRADE] 2025-08-11T23:25:08.367963+00:00 | enter_short 1 AAPL @ 316.30 | SL:318.1514285714286 TP:313.8314285714286 TS:None | strat=MomentumStrategy regime=normal
2025-08-11 19:25:08 - TradeLogger - INFO - [TRADE] 2025-08-11T23:25:08.466121+00:00 | enter_short 1 AAPL @ 315.28 | SL:317.20107142857137 TP:312.7185714285714 TS:None | strat=MomentumStrategy regime=normal
2025-08-11 19:25:08 - TradeLogger - INFO - [TRADE] 2025-08-11T23:25:08.565439+00:00 | enter_short 1 AAPL @ 314.67 | SL:316.49035714285714 TP:312.2428571428572 TS:None | strat=MomentumStrategy regime=normal
2025-08-11 19:25:08 - TradeLogger - INFO - [TRADE] 2025-08-11T23:25:08.666158+00:00 | enter_short 1 AAPL @ 314.74 | SL:315.9114285714286 TP:312.98285714285714 TS:None | strat=MomentumStrategy regime=low_volatility
2025-08-11 19:25:08 - TradeLogger - INFO - [TRADE] 2025-08-11T23:25:08.767557+00:00 | enter_short 1 AAPL @ 315.41 | SL:316.5914285714286 TP:313.6378571428572 TS:None | strat=MomentumStrategy regime=low_volatility
2025-08-11 19:25:08 - TradeLogger - INFO - [TRADE] 2025-08-11T23:25:08.868976+00:00 | enter_short 1 AAPL @ 315.45 | SL:316.5514285714286 TP:313.79785714285714 TS:None | strat=MomentumStrategy regime=low_volatility
2025-08-11 19:25:08 - TradeLogger - INFO - [TRADE] 2025-08-11T23:25:08.969818+00:00 | enter_short 1 AAPL @ 315.23 | SL:316.38357142857143 TP:313.4996428571429 TS:None | strat=MomentumStrategy regime=low_volatility
2025-08-11 19:25:09 - TradeLogger - INFO - [TRADE] 2025-08-11T23:25:09.070627+00:00 | enter_short 1 AAPL @ 316.30 | SL:317.44 TP:314.59000000000003 TS:None | strat=MomentumStrategy regime=low_volatility
2025-08-11 19:25:09 - TradeLogger - INFO - [TRADE] 2025-08-11T23:25:09.170495+00:00 | enter_short 1 AAPL @ 316.22 | SL:317.37928571428574 TP:314.48107142857145 TS:None | strat=MomentumStrategy regime=low_volatility
2025-08-11 19:25:09 - TradeLogger - INFO - [TRADE] 2025-08-11T23:25:09.275217+00:00 | enter_short 1 AAPL @ 315.73 | SL:317.5375 TP:313.32 TS:None | strat=MomentumStrategy regime=normal
2025-08-11 19:25:09 - TradeLogger - INFO - [TRADE] 2025-08-11T23:25:09.375074+00:00 | enter_short 1 AAPL @ 315.99 | SL:317.78464285714284 TP:313.59714285714284 TS:None | strat=MomentumStrategy regime=normal
2025-08-11 19:25:09 - TradeLogger - INFO - [TRADE] 2025-08-11T23:25:09.476605+00:00 | enter_short 1 AAPL @ 316.20 | SL:318.0803571428571 TP:313.6928571428571 TS:None | strat=MomentumStrategy regime=normal
2025-08-11 19:25:09 - TradeLogger - INFO - [TRADE] 2025-08-11T23:25:09.577860+00:00 | enter_short 1 AAPL @ 315.55 | SL:317.4807142857143 TP:312.9757142857143 TS:None | strat=MomentumStrategy regime=normal
2025-08-11 19:25:09 - TradeLogger - INFO - [TRADE] 2025-08-11T23:25:09.677786+00:00 | enter_short 1 AAPL @ 315.54 | SL:317.53285714285715 TP:312.8828571428572 TS:None | strat=MomentumStrategy regime=normal
2025-08-11 19:25:09 - TradeLogger - INFO - [TRADE] 2025-08-11T23:25:09.781089+00:00 | enter_short 1 AAPL @ 315.48 | SL:317.4332142857143 TP:312.8757142857143 TS:None | strat=MomentumStrategy regime=normal
2025-08-11 19:25:09 - TradeLogger - INFO - [TRADE] 2025-08-11T23:25:09.880535+00:00 | enter_short 1 AAPL @ 315.00 | SL:316.9060714285714 TP:312.4585714285714 TS:None | strat=MomentumStrategy regime=normal
2025-08-11 19:25:09 - TradeLogger - INFO - [TRADE] 2025-08-11T23:25:09.980170+00:00 | enter_short 1 AAPL @ 314.03 | SL:316.19 TP:311.15 TS:None | strat=MomentumStrategy regime=normal
2025-08-11 19:25:10 - TradeLogger - INFO - [TRADE] 2025-08-11T23:25:10.081168+00:00 | enter_short 1 AAPL @ 313.96 | SL:316.1392857142857 TP:311.0542857142857 TS:None | strat=MomentumStrategy regime=normal
2025-08-11 19:25:10 - TradeLogger - INFO - [TRADE] 2025-08-11T23:25:10.188654+00:00 | enter_short 1 AAPL @ 314.65 | SL:316.84642857142853 TP:311.72142857142853 TS:None | strat=MomentumStrategy regime=normal
2025-08-11 19:25:10 - TradeLogger - INFO - [TRADE] 2025-08-11T23:25:10.282670+00:00 | enter_short 1 AAPL @ 314.43 | SL:316.6457142857143 TP:311.4757142857143 TS:None | strat=MomentumStrategy regime=normal
2025-08-11 19:25:10 - TradeLogger - INFO - [TRADE] 2025-08-11T23:25:10.383860+00:00 | enter_short 1 AAPL @ 314.57 | SL:316.7975 TP:311.59999999999997 TS:None | strat=MomentumStrategy regime=normal
2025-08-11 19:25:11 - TradeLogger - INFO - [TRADE] 2025-08-11T23:25:11.092971+00:00 | enter_short 1 AAPL @ 316.06 | SL:318.2553571428572 TP:313.1328571428571 TS:None | strat=MomentumStrategy regime=normal
2025-08-11 19:25:11 - TradeLogger - INFO - [TRADE] 2025-08-11T23:25:11.502231+00:00 | enter_short 1 MSFT @ 345.29 | SL:346.2471428571429 TP:343.8542857142857 TS:None | strat=MomentumStrategy regime=low_volatility
2025-08-11 19:25:11 - TradeLogger - INFO - [TRADE] 2025-08-11T23:25:11.602500+00:00 | enter_short 1 MSFT @ 345.61 | SL:346.5214285714286 TP:344.24285714285713 TS:None | strat=MomentumStrategy regime=low_volatility
2025-08-11 19:25:11 - TradeLogger - INFO - [TRADE] 2025-08-11T23:25:11.707706+00:00 | enter_short 1 MSFT @ 345.66 | SL:346.595 TP:344.25750000000005 TS:None | strat=MomentumStrategy regime=low_volatility
2025-08-11 19:25:12 - TradeLogger - INFO - [TRADE] 2025-08-11T23:25:12.108608+00:00 | enter_short 1 MSFT @ 345.65 | SL:347.3696428571428 TP:343.35714285714283 TS:None | strat=MomentumStrategy regime=normal
2025-08-11 19:25:12 - TradeLogger - INFO - [TRADE] 2025-08-11T23:25:12.212003+00:00 | enter_short 1 MSFT @ 345.46 | SL:346.5678571428571 TP:343.79821428571427 TS:None | strat=MomentumStrategy regime=low_volatility
2025-08-11 19:25:12 - TradeLogger - INFO - [TRADE] 2025-08-11T23:25:12.313028+00:00 | enter_short 1 MSFT @ 344.63 | SL:346.55321428571426 TP:342.0657142857143 TS:None | strat=MomentumStrategy regime=normal
2025-08-11 19:25:12 - TradeLogger - INFO - [TRADE] 2025-08-11T23:25:12.414872+00:00 | enter_short 1 MSFT @ 344.24 | SL:346.22535714285715 TP:341.59285714285716 TS:None | strat=MomentumStrategy regime=normal
2025-08-11 19:25:12 - TradeLogger - INFO - [TRADE] 2025-08-11T23:25:12.515113+00:00 | enter_short 1 MSFT @ 344.59 | SL:346.68142857142857 TP:341.8014285714286 TS:None | strat=MomentumStrategy regime=normal
2025-08-11 19:25:12 - TradeLogger - INFO - [TRADE] 2025-08-11T23:25:12.716935+00:00 | enter_short 1 MSFT @ 344.48 | SL:346.59714285714284 TP:341.6571428571429 TS:None | strat=MomentumStrategy regime=normal
2025-08-11 19:25:14 - TradeLogger - INFO - [TRADE] 2025-08-11T23:25:14.031535+00:00 | enter_short 1 MSFT @ 343.80 | SL:345.95250000000004 TP:340.93 TS:None | strat=MomentumStrategy regime=normal
2025-08-11 19:25:14 - TradeLogger - INFO - [TRADE] 2025-08-11T23:25:14.132210+00:00 | enter_short 1 MSFT @ 343.44 | SL:345.6042857142857 TP:340.5542857142857 TS:None | strat=MomentumStrategy regime=normal
2025-08-11 19:25:14 - TradeLogger - INFO - [TRADE] 2025-08-11T23:25:14.232298+00:00 | enter_short 1 MSFT @ 343.70 | SL:345.7710714285714 TP:340.93857142857144 TS:None | strat=MomentumStrategy regime=normal
2025-08-11 19:25:14 - TradeLogger - INFO - [TRADE] 2025-08-11T23:25:14.327696+00:00 | enter_short 1 AAPL @ 314.29 | SL:316.57750000000004 TP:311.24 TS:None | strat=MomentumStrategy regime=normal
2025-08-11 19:25:14 - TradeLogger - INFO - [TRADE] 2025-08-11T23:25:14.333359+00:00 | enter_short 1 MSFT @ 342.96 | SL:344.7653571428571 TP:340.55285714285714 TS:None | strat=MomentumStrategy regime=normal
2025-08-11 19:25:14 - TradeLogger - INFO - [TRADE] 2025-08-11T23:25:14.428599+00:00 | enter_short 1 AAPL @ 314.67 | SL:316.73785714285714 TP:311.91285714285715 TS:None | strat=MomentumStrategy regime=normal
2025-08-11 19:25:14 - TradeLogger - INFO - [TRADE] 2025-08-11T23:25:14.434521+00:00 | enter_short 1 MSFT @ 342.75 | SL:344.53285714285715 TP:340.37285714285713 TS:None | strat=MomentumStrategy regime=normal
2025-08-11 19:25:14 - TradeLogger - INFO - [TRADE] 2025-08-11T23:25:14.528778+00:00 | enter_short 1 AAPL @ 314.82 | SL:316.8085714285714 TP:312.16857142857145 TS:None | strat=MomentumStrategy regime=normal
2025-08-11 19:25:14 - TradeLogger - INFO - [TRADE] 2025-08-11T23:25:14.536061+00:00 | enter_short 1 MSFT @ 342.83 | SL:344.5753571428571 TP:340.5028571428571 TS:None | strat=MomentumStrategy regime=normal
2025-08-11 19:25:14 - TradeLogger - INFO - [TRADE] 2025-08-11T23:25:14.630112+00:00 | enter_short 1 AAPL @ 314.90 | SL:316.7042857142857 TP:312.4942857142857 TS:None | strat=MomentumStrategy regime=normal
2025-08-11 19:25:14 - TradeLogger - INFO - [TRADE] 2025-08-11T23:25:14.637118+00:00 | enter_short 1 MSFT @ 342.49 | SL:343.61357142857145 TP:340.8046428571429 TS:None | strat=MomentumStrategy regime=low_volatility
2025-08-11 19:25:14 - TradeLogger - INFO - [TRADE] 2025-08-11T23:25:14.732591+00:00 | enter_short 1 AAPL @ 314.63 | SL:315.78999999999996 TP:312.89 TS:None | strat=MomentumStrategy regime=low_volatility
2025-08-11 19:25:14 - TradeLogger - INFO - [TRADE] 2025-08-11T23:25:14.744398+00:00 | enter_short 1 MSFT @ 342.45 | SL:343.5757142857143 TP:340.76142857142855 TS:None | strat=MomentumStrategy regime=low_volatility
2025-08-11 19:25:14 - TradeLogger - INFO - [TRADE] 2025-08-11T23:25:14.831075+00:00 | enter_short 1 AAPL @ 314.68 | SL:315.8042857142857 TP:312.99357142857144 TS:None | strat=MomentumStrategy regime=low_volatility
2025-08-11 19:25:14 - TradeLogger - INFO - [TRADE] 2025-08-11T23:25:14.839244+00:00 | enter_short 1 MSFT @ 342.43 | SL:344.22357142857146 TP:340.03857142857146 TS:None | strat=MomentumStrategy regime=normal
2025-08-11 19:25:14 - TradeLogger - INFO - [TRADE] 2025-08-11T23:25:14.931456+00:00 | enter_short 1 AAPL @ 314.15 | SL:315.3292857142857 TP:312.38107142857143 TS:None | strat=MomentumStrategy regime=low_volatility
2025-08-11 19:25:14 - TradeLogger - INFO - [TRADE] 2025-08-11T23:25:14.938055+00:00 | enter_short 1 MSFT @ 342.22 | SL:344.0414285714286 TP:339.7914285714286 TS:None | strat=MomentumStrategy regime=normal
2025-08-11 19:25:15 - TradeLogger - INFO - [TRADE] 2025-08-11T23:25:15.032909+00:00 | enter_short 1 AAPL @ 314.48 | SL:315.59000000000003 TP:312.81500000000005 TS:None | strat=MomentumStrategy regime=low_volatility
2025-08-11 19:25:15 - TradeLogger - INFO - [TRADE] 2025-08-11T23:25:15.040114+00:00 | enter_short 1 MSFT @ 342.01 | SL:343.9375 TP:339.44 TS:None | strat=MomentumStrategy regime=normal
2025-08-11 19:25:15 - TradeLogger - INFO - [TRADE] 2025-08-11T23:25:15.135654+00:00 | enter_short 1 AAPL @ 314.89 | SL:315.9942857142857 TP:313.23357142857145 TS:None | strat=MomentumStrategy regime=low_volatility
2025-08-11 19:25:15 - TradeLogger - INFO - [TRADE] 2025-08-11T23:25:15.145103+00:00 | enter_short 1 MSFT @ 341.95 | SL:343.8592857142857 TP:339.4042857142857 TS:None | strat=MomentumStrategy regime=normal
2025-08-11 19:25:15 - TradeLogger - INFO - [TRADE] 2025-08-11T23:25:15.235910+00:00 | enter_short 1 AAPL @ 314.90 | SL:315.9685714285714 TP:313.29714285714283 TS:None | strat=MomentumStrategy regime=low_volatility
2025-08-11 19:25:15 - TradeLogger - INFO - [TRADE] 2025-08-11T23:25:15.244476+00:00 | enter_short 1 MSFT @ 342.14 | SL:343.27214285714285 TP:340.4417857142857 TS:None | strat=MomentumStrategy regime=low_volatility
2025-08-11 19:25:15 - TradeLogger - INFO - [TRADE] 2025-08-11T23:25:15.335950+00:00 | enter_short 1 AAPL @ 314.91 | SL:315.8392857142857 TP:313.5160714285715 TS:None | strat=MomentumStrategy regime=low_volatility
2025-08-11 19:25:15 - TradeLogger - INFO - [TRADE] 2025-08-11T23:25:15.345222+00:00 | enter_short 1 MSFT @ 341.90 | SL:343.71928571428566 TP:339.4742857142857 TS:None | strat=MomentumStrategy regime=normal
2025-08-11 19:25:15 - TradeLogger - INFO - [TRADE] 2025-08-11T23:25:15.445099+00:00 | enter_short 1 MSFT @ 341.82 | SL:343.59 TP:339.46 TS:None | strat=MomentumStrategy regime=normal
2025-08-11 19:25:15 - TradeLogger - INFO - [TRADE] 2025-08-11T23:25:15.546231+00:00 | enter_short 1 MSFT @ 341.08 | SL:342.2128571428571 TP:339.38071428571425 TS:None | strat=MomentumStrategy regime=low_volatility
2025-08-11 19:25:15 - TradeLogger - INFO - [TRADE] 2025-08-11T23:25:15.647923+00:00 | enter_short 1 MSFT @ 341.54 | SL:342.6064285714286 TP:339.9403571428572 TS:None | strat=MomentumStrategy regime=low_volatility
2025-08-11 19:25:15 - TradeLogger - INFO - [TRADE] 2025-08-11T23:25:15.748316+00:00 | enter_short 1 MSFT @ 341.66 | SL:342.7014285714286 TP:340.09785714285715 TS:None | strat=MomentumStrategy regime=low_volatility
2025-08-11 19:25:15 - TradeLogger - INFO - [TRADE] 2025-08-11T23:25:15.850388+00:00 | enter_short 1 MSFT @ 341.50 | SL:342.61285714285714 TP:339.8307142857143 TS:None | strat=MomentumStrategy regime=low_volatility
2025-08-11 19:25:15 - TradeLogger - INFO - [TRADE] 2025-08-11T23:25:15.944683+00:00 | enter_short 1 AAPL @ 313.85 | SL:315.785 TP:311.27000000000004 TS:None | strat=MomentumStrategy regime=normal
2025-08-11 19:25:15 - TradeLogger - INFO - [TRADE] 2025-08-11T23:25:15.950249+00:00 | enter_short 1 MSFT @ 341.72 | SL:342.7214285714286 TP:340.21785714285716 TS:None | strat=MomentumStrategy regime=low_volatility
2025-08-11 19:25:16 - TradeLogger - INFO - [TRADE] 2025-08-11T23:25:16.044872+00:00 | enter_short 1 AAPL @ 313.35 | SL:315.25178571428575 TP:310.81428571428575 TS:None | strat=MomentumStrategy regime=normal
2025-08-11 19:25:16 - TradeLogger - INFO - [TRADE] 2025-08-11T23:25:16.050573+00:00 | enter_short 1 MSFT @ 341.34 | SL:342.3407142857143 TP:339.83892857142854 TS:None | strat=MomentumStrategy regime=low_volatility
2025-08-11 19:25:16 - TradeLogger - INFO - [TRADE] 2025-08-11T23:25:16.147331+00:00 | enter_short 1 AAPL @ 313.53 | SL:315.58821428571423 TP:310.7857142857143 TS:None | strat=MomentumStrategy regime=normal
2025-08-11 19:25:16 - TradeLogger - INFO - [TRADE] 2025-08-11T23:25:16.153726+00:00 | enter_short 1 MSFT @ 341.22 | SL:342.20785714285716 TP:339.7382142857143 TS:None | strat=MomentumStrategy regime=low_volatility
2025-08-11 19:25:16 - TradeLogger - INFO - [TRADE] 2025-08-11T23:25:16.253810+00:00 | enter_short 1 MSFT @ 341.22 | SL:342.2764285714286 TP:339.6353571428572 TS:None | strat=MomentumStrategy regime=low_volatility
2025-08-11 19:25:16 - TradeLogger - INFO - [TRADE] 2025-08-11T23:25:16.348188+00:00 | enter_short 1 AAPL @ 313.97 | SL:316.24892857142856 TP:310.9314285714286 TS:None | strat=MomentumStrategy regime=normal
2025-08-11 19:25:16 - TradeLogger - INFO - [TRADE] 2025-08-11T23:25:16.354898+00:00 | enter_short 1 MSFT @ 340.76 | SL:342.5857142857143 TP:338.3257142857143 TS:None | strat=MomentumStrategy regime=normal
2025-08-11 19:25:16 - TradeLogger - INFO - [TRADE] 2025-08-11T23:25:16.450019+00:00 | enter_short 1 AAPL @ 313.84 | SL:316.15428571428566 TP:310.7542857142857 TS:None | strat=MomentumStrategy regime=normal
2025-08-11 19:25:16 - TradeLogger - INFO - [TRADE] 2025-08-11T23:25:16.460285+00:00 | enter_short 1 MSFT @ 341.08 | SL:342.81892857142856 TP:338.76142857142855 TS:None | strat=MomentumStrategy regime=normal
2025-08-11 19:25:16 - TradeLogger - INFO - [TRADE] 2025-08-11T23:25:16.550976+00:00 | enter_short 1 AAPL @ 313.99 | SL:316.21750000000003 TP:311.02000000000004 TS:None | strat=MomentumStrategy regime=normal
2025-08-11 19:25:16 - TradeLogger - INFO - [TRADE] 2025-08-11T23:25:16.559623+00:00 | enter_short 1 MSFT @ 340.60 | SL:342.50607142857143 TP:338.05857142857144 TS:None | strat=MomentumStrategy regime=normal
2025-08-11 19:25:16 - TradeLogger - INFO - [TRADE] 2025-08-11T23:25:16.661356+00:00 | enter_short 1 MSFT @ 340.81 | SL:342.7075 TP:338.28 TS:None | strat=MomentumStrategy regime=normal
2025-08-11 19:25:16 - TradeLogger - INFO - [TRADE] 2025-08-11T23:25:16.761373+00:00 | enter_short 1 MSFT @ 341.20 | SL:342.96142857142854 TP:338.8514285714285 TS:None | strat=MomentumStrategy regime=normal
2025-08-11 19:25:16 - TradeLogger - INFO - [TRADE] 2025-08-11T23:25:16.871960+00:00 | enter_short 1 MSFT @ 341.15 | SL:342.935 TP:338.77 TS:None | strat=MomentumStrategy regime=normal
2025-08-11 19:25:16 - TradeLogger - INFO - [TRADE] 2025-08-11T23:25:16.961884+00:00 | enter_short 1 MSFT @ 340.97 | SL:342.8021428571429 TP:338.52714285714285 TS:None | strat=MomentumStrategy regime=normal
2025-08-11 19:25:17 - TradeLogger - INFO - [TRADE] 2025-08-11T23:25:17.060341+00:00 | enter_short 1 AAPL @ 312.93 | SL:315.165 TP:309.95 TS:None | strat=MomentumStrategy regime=normal
2025-08-11 19:25:17 - TradeLogger - INFO - [TRADE] 2025-08-11T23:25:17.065625+00:00 | enter_short 1 MSFT @ 340.73 | SL:342.6253571428572 TP:338.2028571428571 TS:None | strat=MomentumStrategy regime=normal
2025-08-11 19:25:17 - TradeLogger - INFO - [TRADE] 2025-08-11T23:25:17.160435+00:00 | enter_short 1 AAPL @ 313.03 | SL:315.19 TP:310.15 TS:None | strat=MomentumStrategy regime=normal
2025-08-11 19:25:17 - TradeLogger - INFO - [TRADE] 2025-08-11T23:25:17.166084+00:00 | enter_short 1 MSFT @ 341.25 | SL:343.1732142857143 TP:338.68571428571425 TS:None | strat=MomentumStrategy regime=normal
2025-08-11 19:25:17 - TradeLogger - INFO - [TRADE] 2025-08-11T23:25:17.260785+00:00 | enter_short 1 AAPL @ 312.59 | SL:314.53464285714284 TP:309.9971428571428 TS:None | strat=MomentumStrategy regime=normal
2025-08-11 19:25:17 - TradeLogger - INFO - [TRADE] 2025-08-11T23:25:17.266641+00:00 | enter_short 1 MSFT @ 341.22 | SL:343.0221428571429 TP:338.81714285714287 TS:None | strat=MomentumStrategy regime=normal
2025-08-11 19:25:17 - TradeLogger - INFO - [TRADE] 2025-08-11T23:25:17.360955+00:00 | enter_short 1 AAPL @ 312.66 | SL:313.87 TP:310.845 TS:None | strat=MomentumStrategy regime=low_volatility
2025-08-11 19:25:17 - TradeLogger - INFO - [TRADE] 2025-08-11T23:25:17.367221+00:00 | enter_short 1 MSFT @ 341.29 | SL:343.0621428571429 TP:338.9271428571429 TS:None | strat=MomentumStrategy regime=normal
2025-08-11 19:25:17 - TradeLogger - INFO - [TRADE] 2025-08-11T23:25:17.464730+00:00 | enter_short 1 AAPL @ 311.91 | SL:313.75714285714287 TP:309.44714285714286 TS:None | strat=MomentumStrategy regime=normal
2025-08-11 19:25:17 - TradeLogger - INFO - [TRADE] 2025-08-11T23:25:17.472137+00:00 | enter_short 1 MSFT @ 340.86 | SL:341.9971428571429 TP:339.1542857142857 TS:None | strat=MomentumStrategy regime=low_volatility
2025-08-11 19:25:17 - TradeLogger - INFO - [TRADE] 2025-08-11T23:25:17.561742+00:00 | enter_short 2 AAPL @ 311.61 | SL:312.80928571428575 TP:309.81107142857144 TS:None | strat=MomentumStrategy regime=low_volatility
2025-08-11 19:25:17 - TradeLogger - INFO - [TRADE] 2025-08-11T23:25:17.567285+00:00 | enter_short 1 MSFT @ 340.26 | SL:342.01178571428574 TP:337.9242857142857 TS:None | strat=MomentumStrategy regime=normal
2025-08-11 19:25:17 - TradeLogger - INFO - [TRADE] 2025-08-11T23:25:17.664164+00:00 | enter_short 1 AAPL @ 310.92 | SL:312.78857142857146 TP:308.42857142857144 TS:None | strat=MomentumStrategy regime=normal
2025-08-11 19:25:17 - TradeLogger - INFO - [TRADE] 2025-08-11T23:25:17.670660+00:00 | enter_short 1 MSFT @ 339.66 | SL:340.76428571428573 TP:338.00357142857143 TS:None | strat=MomentumStrategy regime=low_volatility
2025-08-11 19:25:17 - TradeLogger - INFO - [TRADE] 2025-08-11T23:25:17.764930+00:00 | enter_short 2 AAPL @ 311.38 | SL:312.5314285714286 TP:309.65285714285716 TS:None | strat=MomentumStrategy regime=low_volatility
2025-08-11 19:25:17 - TradeLogger - INFO - [TRADE] 2025-08-11T23:25:17.774001+00:00 | enter_short 1 MSFT @ 339.88 | SL:340.9864285714286 TP:338.22035714285715 TS:None | strat=MomentumStrategy regime=low_volatility
2025-08-11 19:25:17 - TradeLogger - INFO - [TRADE] 2025-08-11T23:25:17.893852+00:00 | enter_short 2 AAPL @ 311.33 | SL:312.4842857142857 TP:309.5985714285714 TS:None | strat=MomentumStrategy regime=low_volatility
2025-08-11 19:25:17 - TradeLogger - INFO - [TRADE] 2025-08-11T23:25:17.916593+00:00 | enter_short 1 MSFT @ 339.46 | SL:340.5485714285714 TP:337.8271428571428 TS:None | strat=MomentumStrategy regime=low_volatility
2025-08-11 19:25:17 - TradeLogger - INFO - [TRADE] 2025-08-11T23:25:17.968428+00:00 | enter_short 2 AAPL @ 311.27 | SL:312.48214285714283 TP:309.4517857142857 TS:None | strat=MomentumStrategy regime=low_volatility
2025-08-11 19:25:17 - TradeLogger - INFO - [TRADE] 2025-08-11T23:25:17.979402+00:00 | enter_short 1 MSFT @ 339.60 | SL:340.6407142857143 TP:338.0389285714286 TS:None | strat=MomentumStrategy regime=low_volatility
2025-08-11 19:25:18 - TradeLogger - INFO - [TRADE] 2025-08-11T23:25:18.069424+00:00 | enter_short 2 AAPL @ 311.50 | SL:312.6042857142857 TP:309.8435714285714 TS:None | strat=MomentumStrategy regime=low_volatility
2025-08-11 19:25:18 - TradeLogger - INFO - [TRADE] 2025-08-11T23:25:18.081297+00:00 | enter_short 1 MSFT @ 339.85 | SL:340.8571428571429 TP:338.3392857142857 TS:None | strat=MomentumStrategy regime=low_volatility
2025-08-11 19:25:18 - TradeLogger - INFO - [TRADE] 2025-08-11T23:25:18.174221+00:00 | enter_short 1 AAPL @ 312.06 | SL:313.2735714285714 TP:310.2396428571429 TS:None | strat=MomentumStrategy regime=low_volatility
2025-08-11 19:25:18 - TradeLogger - INFO - [TRADE] 2025-08-11T23:25:18.184707+00:00 | enter_short 1 MSFT @ 339.68 | SL:341.435 TP:337.34000000000003 TS:None | strat=MomentumStrategy regime=normal
2025-08-11 19:25:18 - TradeLogger - INFO - [TRADE] 2025-08-11T23:25:18.271542+00:00 | enter_short 1 AAPL @ 311.42 | SL:313.40857142857146 TP:308.7685714285715 TS:None | strat=MomentumStrategy regime=normal
2025-08-11 19:25:18 - TradeLogger - INFO - [TRADE] 2025-08-11T23:25:18.281298+00:00 | enter_short 1 MSFT @ 339.92 | SL:341.78535714285715 TP:337.4328571428572 TS:None | strat=MomentumStrategy regime=normal
2025-08-11 19:25:18 - TradeLogger - INFO - [TRADE] 2025-08-11T23:25:18.372715+00:00 | enter_short 1 AAPL @ 312.07 | SL:314.0467857142857 TP:309.4342857142857 TS:None | strat=MomentumStrategy regime=normal
2025-08-11 19:25:18 - TradeLogger - INFO - [TRADE] 2025-08-11T23:25:18.382269+00:00 | enter_short 1 MSFT @ 339.69 | SL:341.4535714285714 TP:337.3385714285714 TS:None | strat=MomentumStrategy regime=normal
2025-08-11 19:25:18 - TradeLogger - INFO - [TRADE] 2025-08-11T23:25:18.472243+00:00 | enter_short 1 AAPL @ 311.77 | SL:313.7317857142857 TP:309.1542857142857 TS:None | strat=MomentumStrategy regime=normal
2025-08-11 19:25:18 - TradeLogger - INFO - [TRADE] 2025-08-11T23:25:18.479739+00:00 | enter_short 1 MSFT @ 339.98 | SL:341.0728571428572 TP:338.34071428571434 TS:None | strat=MomentumStrategy regime=low_volatility
2025-08-11 19:25:18 - TradeLogger - INFO - [TRADE] 2025-08-11T23:25:18.573745+00:00 | enter_short 1 AAPL @ 312.10 | SL:313.9921428571429 TP:309.57714285714286 TS:None | strat=MomentumStrategy regime=normal
2025-08-11 19:25:18 - TradeLogger - INFO - [TRADE] 2025-08-11T23:25:18.580133+00:00 | enter_short 1 MSFT @ 340.23 | SL:341.3007142857143 TP:338.6239285714286 TS:None | strat=MomentumStrategy regime=low_volatility
2025-08-11 19:25:18 - TradeLogger - INFO - [TRADE] 2025-08-11T23:25:18.676444+00:00 | enter_short 1 AAPL @ 312.67 | SL:314.5514285714286 TP:310.1614285714286 TS:None | strat=MomentumStrategy regime=normal
2025-08-11 19:25:18 - TradeLogger - INFO - [TRADE] 2025-08-11T23:25:18.682430+00:00 | enter_short 1 MSFT @ 340.41 | SL:342.11892857142857 TP:338.1314285714286 TS:None | strat=MomentumStrategy regime=normal
2025-08-11 19:25:18 - TradeLogger - INFO - [TRADE] 2025-08-11T23:25:18.782788+00:00 | enter_short 1 MSFT @ 340.12 | SL:342.00892857142856 TP:337.6014285714286 TS:None | strat=MomentumStrategy regime=normal
2025-08-11 19:25:18 - TradeLogger - INFO - [TRADE] 2025-08-11T23:25:18.877405+00:00 | enter_short 1 AAPL @ 313.15 | SL:315.18892857142856 TP:310.43142857142857 TS:None | strat=MomentumStrategy regime=normal
2025-08-11 19:25:18 - TradeLogger - INFO - [TRADE] 2025-08-11T23:25:18.883175+00:00 | enter_short 1 MSFT @ 340.31 | SL:342.3778571428571 TP:337.55285714285714 TS:None | strat=MomentumStrategy regime=normal
2025-08-11 19:25:19 - TradeLogger - INFO - [TRADE] 2025-08-11T23:25:19.078957+00:00 | enter_short 1 AAPL @ 312.42 | SL:314.40000000000003 TP:309.78000000000003 TS:None | strat=MomentumStrategy regime=normal
2025-08-11 19:25:19 - TradeLogger - INFO - [TRADE] 2025-08-11T23:25:19.180575+00:00 | enter_short 1 AAPL @ 312.65 | SL:314.62142857142857 TP:310.02142857142854 TS:None | strat=MomentumStrategy regime=normal
2025-08-11 19:25:19 - TradeLogger - INFO - [TRADE] 2025-08-11T23:25:19.190733+00:00 | enter_short 1 MSFT @ 340.74 | SL:342.6867857142857 TP:338.14428571428573 TS:None | strat=MomentumStrategy regime=normal
2025-08-11 19:25:19 - TradeLogger - INFO - [TRADE] 2025-08-11T23:25:19.282181+00:00 | enter_short 1 AAPL @ 312.26 | SL:314.2325 TP:309.63 TS:None | strat=MomentumStrategy regime=normal
2025-08-11 19:25:19 - TradeLogger - INFO - [TRADE] 2025-08-11T23:25:19.381436+00:00 | enter_short 1 AAPL @ 312.57 | SL:314.49642857142857 TP:310.00142857142856 TS:None | strat=MomentumStrategy regime=normal
2025-08-11 19:25:19 - TradeLogger - INFO - [TRADE] 2025-08-11T23:25:19.591996+00:00 | enter_short 1 MSFT @ 340.02 | SL:342.1221428571428 TP:337.21714285714285 TS:None | strat=MomentumStrategy regime=normal
2025-08-11 19:25:19 - TradeLogger - INFO - [TRADE] 2025-08-11T23:25:19.794174+00:00 | enter_short 1 MSFT @ 339.38 | SL:341.48214285714283 TP:336.57714285714286 TS:None | strat=MomentumStrategy regime=normal
2025-08-11 19:25:19 - TradeLogger - INFO - [TRADE] 2025-08-11T23:25:19.885972+00:00 | enter_short 2 AAPL @ 311.23 | SL:312.48285714285714 TP:309.3507142857143 TS:None | strat=MomentumStrategy regime=low_volatility
2025-08-11 19:25:20 - TradeLogger - INFO - [TRADE] 2025-08-11T23:25:20.088845+00:00 | enter_short 1 AAPL @ 311.26 | SL:313.255 TP:308.59999999999997 TS:None | strat=MomentumStrategy regime=normal
2025-08-11 19:25:20 - TradeLogger - INFO - [TRADE] 2025-08-11T23:25:20.192288+00:00 | enter_short 1 AAPL @ 310.30 | SL:312.4792857142857 TP:307.39428571428573 TS:None | strat=MomentumStrategy regime=normal
2025-08-11 19:25:20 - TradeLogger - INFO - [TRADE] 2025-08-11T23:25:20.292173+00:00 | enter_short 1 AAPL @ 310.26 | SL:312.4617857142857 TP:307.3242857142857 TS:None | strat=MomentumStrategy regime=normal
2025-08-11 19:25:20 - TradeLogger - INFO - [TRADE] 2025-08-11T23:25:20.298310+00:00 | enter_short 1 MSFT @ 339.37 | SL:341.49571428571426 TP:336.5357142857143 TS:None | strat=MomentumStrategy regime=normal
2025-08-11 19:25:20 - TradeLogger - INFO - [TRADE] 2025-08-11T23:25:20.417761+00:00 | enter_short 1 AAPL @ 310.36 | SL:312.4225 TP:307.61 TS:None | strat=MomentumStrategy regime=normal
2025-08-11 19:25:20 - TradeLogger - INFO - [TRADE] 2025-08-11T23:25:20.457632+00:00 | enter_short 1 MSFT @ 339.60 | SL:341.57785714285717 TP:336.96285714285716 TS:None | strat=MomentumStrategy regime=normal
2025-08-11 19:25:20 - TradeLogger - INFO - [TRADE] 2025-08-11T23:25:20.502202+00:00 | enter_short 2 AAPL @ 310.85 | SL:312.1021428571429 TP:308.9717857142857 TS:None | strat=MomentumStrategy regime=low_volatility
2025-08-11 19:25:20 - TradeLogger - INFO - [TRADE] 2025-08-11T23:25:20.516953+00:00 | enter_short 1 MSFT @ 339.05 | SL:340.98821428571426 TP:336.4657142857143 TS:None | strat=MomentumStrategy regime=normal
2025-08-11 19:25:20 - TradeLogger - INFO - [TRADE] 2025-08-11T23:25:20.603541+00:00 | enter_short 1 AAPL @ 311.39 | SL:313.3667857142857 TP:308.7542857142857 TS:None | strat=MomentumStrategy regime=normal
2025-08-11 19:25:20 - TradeLogger - INFO - [TRADE] 2025-08-11T23:25:20.618763+00:00 | enter_short 1 MSFT @ 339.16 | SL:341.18607142857144 TP:336.4585714285715 TS:None | strat=MomentumStrategy regime=normal
2025-08-11 19:25:20 - TradeLogger - INFO - [TRADE] 2025-08-11T23:25:20.705035+00:00 | enter_short 1 AAPL @ 311.23 | SL:313.2421428571429 TP:308.5471428571429 TS:None | strat=MomentumStrategy regime=normal
2025-08-11 19:25:20 - TradeLogger - INFO - [TRADE] 2025-08-11T23:25:20.721340+00:00 | enter_short 1 MSFT @ 339.75 | SL:341.78142857142853 TP:337.0414285714286 TS:None | strat=MomentumStrategy regime=normal
2025-08-11 19:25:20 - TradeLogger - INFO - [TRADE] 2025-08-11T23:25:20.805696+00:00 | enter_short 1 AAPL @ 311.61 | SL:313.79035714285715 TP:308.70285714285717 TS:None | strat=MomentumStrategy regime=normal
2025-08-11 19:25:20 - TradeLogger - INFO - [TRADE] 2025-08-11T23:25:20.820337+00:00 | enter_short 1 MSFT @ 339.53 | SL:341.4178571428571 TP:337.0128571428571 TS:None | strat=MomentumStrategy regime=normal
2025-08-11 19:25:20 - TradeLogger - INFO - [TRADE] 2025-08-11T23:25:20.909846+00:00 | enter_short 1 AAPL @ 311.37 | SL:313.5439285714286 TP:308.4714285714286 TS:None | strat=MomentumStrategy regime=normal
2025-08-11 19:25:20 - TradeLogger - INFO - [TRADE] 2025-08-11T23:25:20.924744+00:00 | enter_short 1 MSFT @ 339.27 | SL:341.0282142857142 TP:336.92571428571426 TS:None | strat=MomentumStrategy regime=normal
2025-08-11 19:25:21 - TradeLogger - INFO - [TRADE] 2025-08-11T23:25:21.007650+00:00 | enter_short 1 AAPL @ 310.83 | SL:313.0232142857143 TP:307.9057142857143 TS:None | strat=MomentumStrategy regime=normal
2025-08-11 19:25:21 - TradeLogger - INFO - [TRADE] 2025-08-11T23:25:21.021436+00:00 | enter_short 1 MSFT @ 339.36 | SL:341.20714285714286 TP:336.8971428571429 TS:None | strat=MomentumStrategy regime=normal
2025-08-11 19:25:21 - TradeLogger - INFO - [TRADE] 2025-08-11T23:25:21.111783+00:00 | enter_short 1 AAPL @ 311.17 | SL:313.53464285714284 TP:308.0171428571429 TS:None | strat=MomentumStrategy regime=normal
2025-08-11 19:25:21 - TradeLogger - INFO - [TRADE] 2025-08-11T23:25:21.126059+00:00 | enter_short 1 MSFT @ 339.50 | SL:341.4092857142857 TP:336.95428571428573 TS:None | strat=MomentumStrategy regime=normal
2025-08-11 19:25:21 - TradeLogger - INFO - [TRADE] 2025-08-11T23:25:21.223850+00:00 | enter_short 1 MSFT @ 339.92 | SL:341.77464285714285 TP:337.44714285714286 TS:None | strat=MomentumStrategy regime=normal
2025-08-11 19:25:21 - TradeLogger - INFO - [TRADE] 2025-08-11T23:25:21.310106+00:00 | enter_short 1 AAPL @ 311.25 | SL:313.4657142857143 TP:308.2957142857143 TS:None | strat=MomentumStrategy regime=normal
2025-08-11 19:25:21 - TradeLogger - INFO - [TRADE] 2025-08-11T23:25:21.413838+00:00 | enter_short 1 AAPL @ 312.03 | SL:314.2810714285714 TP:309.0285714285714 TS:None | strat=MomentumStrategy regime=normal
2025-08-11 19:25:21 - TradeLogger - INFO - [TRADE] 2025-08-11T23:25:21.518323+00:00 | enter_short 1 AAPL @ 312.15 | SL:314.3121428571428 TP:309.26714285714286 TS:None | strat=MomentumStrategy regime=normal
2025-08-11 19:25:21 - TradeLogger - INFO - [TRADE] 2025-08-11T23:25:21.816079+00:00 | enter_short 1 AAPL @ 311.53 | SL:313.6246428571428 TP:308.7371428571428 TS:None | strat=MomentumStrategy regime=normal
2025-08-11 19:25:23 - TradeLogger - INFO - [TRADE] 2025-08-11T23:25:23.541118+00:00 | enter_long 157 AAPL @ 312.23 | SL:309.0571428571429 TP:316.98928571428576 TS:None | strat=MomentumStrategy regime=high_volatility
2025-08-11 19:25:24 - TradeLogger - INFO - [TRADE] 2025-08-11T23:25:24.042047+00:00 | enter_short 1 AAPL @ 311.17 | SL:313.1832142857143 TP:308.4857142857143 TS:None | strat=MomentumStrategy regime=normal
2025-08-11 19:25:24 - TradeLogger - INFO - [TRADE] 2025-08-11T23:25:24.174971+00:00 | enter_short 1 AAPL @ 311.29 | SL:313.24 TP:308.69 TS:None | strat=MomentumStrategy regime=normal
2025-08-11 19:25:24 - TradeLogger - INFO - [TRADE] 2025-08-11T23:25:24.249692+00:00 | enter_short 1 AAPL @ 311.21 | SL:313.23071428571427 TP:308.5157142857143 TS:None | strat=MomentumStrategy regime=normal
2025-08-11 19:25:24 - TradeLogger - INFO - [TRADE] 2025-08-11T23:25:24.351888+00:00 | enter_short 1 AAPL @ 310.93 | SL:313.0653571428571 TP:308.08285714285716 TS:None | strat=MomentumStrategy regime=normal
2025-08-11 19:25:24 - TradeLogger - INFO - [TRADE] 2025-08-11T23:25:24.453236+00:00 | enter_short 1 AAPL @ 311.14 | SL:313.3042857142857 TP:308.2542857142857 TS:None | strat=MomentumStrategy regime=normal
2025-08-11 19:25:24 - TradeLogger - INFO - [TRADE] 2025-08-11T23:25:24.554344+00:00 | enter_short 1 AAPL @ 311.61 | SL:313.79785714285714 TP:308.6928571428572 TS:None | strat=MomentumStrategy regime=normal
2025-08-11 19:25:24 - TradeLogger - INFO - [TRADE] 2025-08-11T23:25:24.657767+00:00 | enter_short 1 AAPL @ 311.74 | SL:313.96214285714285 TP:308.77714285714285 TS:None | strat=MomentumStrategy regime=normal
2025-08-11 19:25:24 - TradeLogger - INFO - [TRADE] 2025-08-11T23:25:24.760368+00:00 | enter_short 1 AAPL @ 311.44 | SL:313.5335714285714 TP:308.6485714285714 TS:None | strat=MomentumStrategy regime=normal
2025-08-11 19:25:24 - TradeLogger - INFO - [TRADE] 2025-08-11T23:25:24.773010+00:00 | enter_short 1 MSFT @ 342.17 | SL:344.2957142857143 TP:339.3357142857143 TS:None | strat=MomentumStrategy regime=normal
2025-08-11 19:25:24 - TradeLogger - INFO - [TRADE] 2025-08-11T23:25:24.860412+00:00 | enter_short 1 AAPL @ 312.29 | SL:314.2475 TP:309.68 TS:None | strat=MomentumStrategy regime=normal
2025-08-11 19:25:24 - TradeLogger - INFO - [TRADE] 2025-08-11T23:25:24.961111+00:00 | enter_short 1 AAPL @ 312.54 | SL:313.79785714285714 TP:310.65321428571434 TS:None | strat=MomentumStrategy regime=low_volatility
2025-08-11 19:25:25 - TradeLogger - INFO - [TRADE] 2025-08-11T23:25:25.066288+00:00 | enter_short 1 MSFT @ 342.11 | SL:344.12 TP:339.43 TS:None | strat=MomentumStrategy regime=normal
2025-08-11 19:25:25 - TradeLogger - INFO - [TRADE] 2025-08-11T23:25:25.167533+00:00 | enter_short 1 MSFT @ 342.57 | SL:344.46 TP:340.05 TS:None | strat=MomentumStrategy regime=normal
2025-08-11 19:25:25 - TradeLogger - INFO - [TRADE] 2025-08-11T23:25:25.285400+00:00 | enter_short 1 AAPL @ 312.11 | SL:313.32142857142856 TP:310.29285714285714 TS:None | strat=MomentumStrategy regime=low_volatility
2025-08-11 19:25:25 - TradeLogger - INFO - [TRADE] 2025-08-11T23:25:25.365966+00:00 | enter_short 2 AAPL @ 311.82 | SL:313.03714285714284 TP:309.9942857142857 TS:None | strat=MomentumStrategy regime=low_volatility
2025-08-11 19:25:25 - TradeLogger - INFO - [TRADE] 2025-08-11T23:25:25.495505+00:00 | enter_short 1 AAPL @ 312.50 | SL:313.68857142857144 TP:310.71714285714285 TS:None | strat=MomentumStrategy regime=low_volatility
2025-08-11 19:25:25 - TradeLogger - INFO - [TRADE] 2025-08-11T23:25:25.567711+00:00 | enter_short 1 AAPL @ 312.10 | SL:313.30428571428575 TP:310.29357142857145 TS:None | strat=MomentumStrategy regime=low_volatility
2025-08-11 19:25:25 - TradeLogger - INFO - [TRADE] 2025-08-11T23:25:25.697628+00:00 | enter_short 1 AAPL @ 312.10 | SL:313.2628571428572 TP:310.3557142857143 TS:None | strat=MomentumStrategy regime=low_volatility
2025-08-11 19:25:27 - TradeLogger - INFO - [TRADE] 2025-08-11T23:25:27.904470+00:00 | enter_short 1 AAPL @ 312.95 | SL:314.185 TP:311.0975 TS:None | strat=MomentumStrategy regime=low_volatility
2025-08-11 19:25:28 - TradeLogger - INFO - [TRADE] 2025-08-11T23:25:28.008978+00:00 | enter_short 1 AAPL @ 312.45 | SL:313.68071428571426 TP:310.6039285714286 TS:None | strat=MomentumStrategy regime=low_volatility
2025-08-11 19:25:28 - TradeLogger - INFO - [TRADE] 2025-08-11T23:25:28.110428+00:00 | enter_short 1 AAPL @ 312.42 | SL:314.35714285714283 TP:309.8371428571429 TS:None | strat=MomentumStrategy regime=normal
2025-08-11 19:25:29 - TradeLogger - INFO - [TRADE] 2025-08-11T23:25:29.331782+00:00 | enter_short 1 AAPL @ 313.18 | SL:315.4921428571429 TP:310.0971428571429 TS:None | strat=MomentumStrategy regime=normal
2025-08-11 19:25:29 - TradeLogger - INFO - [TRADE] 2025-08-11T23:25:29.434178+00:00 | enter_short 1 AAPL @ 313.10 | SL:315.3007142857143 TP:310.16571428571433 TS:None | strat=MomentumStrategy regime=normal
2025-08-11 19:25:29 - TradeLogger - INFO - [TRADE] 2025-08-11T23:25:29.834779+00:00 | enter_short 1 AAPL @ 313.45 | SL:315.60035714285715 TP:310.5828571428571 TS:None | strat=MomentumStrategy regime=normal
2025-08-11 19:25:31 - TradeLogger - INFO - [TRADE] 2025-08-11T23:25:31.660506+00:00 | enter_short 1 MSFT @ 346.71 | SL:348.7135714285714 TP:344.0385714285714 TS:None | strat=MomentumStrategy regime=normal
2025-08-11 19:25:31 - TradeLogger - INFO - [TRADE] 2025-08-11T23:25:31.867751+00:00 | enter_short 1 MSFT @ 347.00 | SL:349.0175 TP:344.31 TS:None | strat=MomentumStrategy regime=normal
2025-08-11 19:25:31 - TradeLogger - INFO - [TRADE] 2025-08-11T23:25:31.964285+00:00 | enter_short 1 MSFT @ 346.74 | SL:348.5110714285714 TP:344.37857142857143 TS:None | strat=MomentumStrategy regime=normal
2025-08-11 19:25:32 - TradeLogger - INFO - [TRADE] 2025-08-11T23:25:32.069196+00:00 | enter_short 1 MSFT @ 346.84 | SL:348.67321428571427 TP:344.39571428571423 TS:None | strat=MomentumStrategy regime=normal
2025-08-11 19:25:32 - TradeLogger - INFO - [TRADE] 2025-08-11T23:25:32.164566+00:00 | enter_short 1 MSFT @ 347.11 | SL:348.9389285714286 TP:344.6714285714286 TS:None | strat=MomentumStrategy regime=normal
2025-08-11 19:25:32 - TradeLogger - INFO - [TRADE] 2025-08-11T23:25:32.300490+00:00 | enter_short 1 MSFT @ 347.31 | SL:348.31857142857143 TP:345.79714285714283 TS:None | strat=MomentumStrategy regime=low_volatility
2025-08-11 19:25:32 - TradeLogger - INFO - [TRADE] 2025-08-11T23:25:32.400685+00:00 | enter_short 1 MSFT @ 346.81 | SL:347.845 TP:345.2575 TS:None | strat=MomentumStrategy regime=low_volatility
2025-08-11 19:25:32 - TradeLogger - INFO - [TRADE] 2025-08-11T23:25:32.488104+00:00 | enter_short 1 MSFT @ 347.39 | SL:348.4142857142857 TP:345.8535714285714 TS:None | strat=MomentumStrategy regime=low_volatility
2025-08-11 19:25:32 - TradeLogger - INFO - [TRADE] 2025-08-11T23:25:32.586655+00:00 | enter_short 1 MSFT @ 347.51 | SL:348.53785714285715 TP:345.9682142857143 TS:None | strat=MomentumStrategy regime=low_volatility
2025-08-11 19:25:32 - TradeLogger - INFO - [TRADE] 2025-08-11T23:25:32.690534+00:00 | enter_short 1 MSFT @ 347.63 | SL:348.50928571428574 TP:346.31107142857144 TS:None | strat=MomentumStrategy regime=low_volatility
2025-08-11 19:25:32 - TradeLogger - INFO - [TRADE] 2025-08-11T23:25:32.799687+00:00 | enter_short 1 MSFT @ 347.58 | SL:348.4642857142857 TP:346.25357142857143 TS:None | strat=MomentumStrategy regime=low_volatility
2025-08-11 19:25:32 - TradeLogger - INFO - [TRADE] 2025-08-11T23:25:32.893455+00:00 | enter_short 1 MSFT @ 348.06 | SL:349.0957142857143 TP:346.50642857142856 TS:None | strat=MomentumStrategy regime=low_volatility
2025-08-11 19:25:32 - TradeLogger - INFO - [TRADE] 2025-08-11T23:25:32.994272+00:00 | enter_short 1 MSFT @ 348.09 | SL:349.21642857142854 TP:346.4003571428571 TS:None | strat=MomentumStrategy regime=low_volatility
2025-08-11 19:25:33 - TradeLogger - INFO - [TRADE] 2025-08-11T23:25:33.095893+00:00 | enter_short 1 MSFT @ 348.03 | SL:349.8235714285714 TP:345.6385714285714 TS:None | strat=MomentumStrategy regime=normal
2025-08-11 19:25:34 - TradeLogger - INFO - [TRADE] 2025-08-11T23:25:34.397885+00:00 | enter_short 1 AAPL @ 315.48 | SL:317.61428571428576 TP:312.63428571428574 TS:None | strat=MomentumStrategy regime=normal
2025-08-11 19:25:34 - TradeLogger - INFO - [TRADE] 2025-08-11T23:25:34.497095+00:00 | enter_short 1 AAPL @ 316.05 | SL:318.25714285714287 TP:313.1071428571429 TS:None | strat=MomentumStrategy regime=normal
2025-08-11 19:25:34 - TradeLogger - INFO - [TRADE] 2025-08-11T23:25:34.626693+00:00 | enter_short 1 AAPL @ 316.51 | SL:318.72785714285715 TP:313.55285714285714 TS:None | strat=MomentumStrategy regime=normal
2025-08-11 19:25:34 - TradeLogger - INFO - [TRADE] 2025-08-11T23:25:34.698114+00:00 | enter_short 1 AAPL @ 316.68 | SL:318.9525 TP:313.65 TS:None | strat=MomentumStrategy regime=normal
2025-08-11 19:25:34 - TradeLogger - INFO - [TRADE] 2025-08-11T23:25:34.818232+00:00 | enter_short 1 AAPL @ 317.44 | SL:319.6032142857143 TP:314.55571428571426 TS:None | strat=MomentumStrategy regime=normal
2025-08-11 19:25:35 - TradeLogger - INFO - [TRADE] 2025-08-11T23:25:35.223150+00:00 | enter_short 1 AAPL @ 317.65 | SL:319.92999999999995 TP:314.61 TS:None | strat=MomentumStrategy regime=normal
2025-08-11 19:25:35 - TradeLogger - INFO - [TRADE] 2025-08-11T23:25:35.317166+00:00 | enter_short 1 AAPL @ 316.64 | SL:318.93285714285713 TP:313.58285714285716 TS:None | strat=MomentumStrategy regime=normal
2025-08-11 19:25:35 - TradeLogger - INFO - [TRADE] 2025-08-11T23:25:35.720033+00:00 | enter_short 1 AAPL @ 317.32 | SL:319.59785714285715 TP:314.28285714285715 TS:None | strat=MomentumStrategy regime=normal
2025-08-11 19:25:35 - TradeLogger - INFO - [TRADE] 2025-08-11T23:25:35.822140+00:00 | enter_short 1 AAPL @ 317.18 | SL:319.37107142857144 TP:314.25857142857143 TS:None | strat=MomentumStrategy regime=normal
2025-08-11 19:25:36 - TradeLogger - INFO - [TRADE] 2025-08-11T23:25:36.025861+00:00 | enter_short 1 AAPL @ 317.43 | SL:318.69357142857143 TP:315.5346428571429 TS:None | strat=MomentumStrategy regime=low_volatility
2025-08-11 19:25:36 - TradeLogger - INFO - [TRADE] 2025-08-11T23:25:36.939809+00:00 | enter_short 1 AAPL @ 317.77 | SL:318.93071428571426 TP:316.02892857142854 TS:None | strat=MomentumStrategy regime=low_volatility
2025-08-11 19:25:37 - TradeLogger - INFO - [TRADE] 2025-08-11T23:25:37.048545+00:00 | enter_short 1 AAPL @ 316.89 | SL:318.12285714285713 TP:315.0407142857143 TS:None | strat=MomentumStrategy regime=low_volatility
2025-08-11 19:25:37 - TradeLogger - INFO - [TRADE] 2025-08-11T23:25:37.160072+00:00 | enter_short 1 AAPL @ 317.43 | SL:318.60857142857145 TP:315.66214285714284 TS:None | strat=MomentumStrategy regime=low_volatility
2025-08-11 19:25:37 - TradeLogger - INFO - [TRADE] 2025-08-11T23:25:37.950856+00:00 | enter_short 1 AAPL @ 317.37 | SL:319.5910714285714 TP:314.40857142857146 TS:None | strat=MomentumStrategy regime=normal
2025-08-11 19:25:38 - TradeLogger - INFO - [TRADE] 2025-08-11T23:25:38.051220+00:00 | enter_short 1 AAPL @ 317.23 | SL:319.20464285714286 TP:314.5971428571429 TS:None | strat=MomentumStrategy regime=normal
2025-08-11 19:25:38 - TradeLogger - INFO - [TRADE] 2025-08-11T23:25:38.160605+00:00 | enter_short 1 AAPL @ 316.42 | SL:317.675 TP:314.5375 TS:None | strat=MomentumStrategy regime=low_volatility
2025-08-11 19:25:38 - TradeLogger - INFO - [TRADE] 2025-08-11T23:25:38.179195+00:00 | enter_short 1 MSFT @ 351.14 | SL:353.12857142857143 TP:348.4885714285714 TS:None | strat=MomentumStrategy regime=normal
2025-08-11 19:25:38 - TradeLogger - INFO - [TRADE] 2025-08-11T23:25:38.261739+00:00 | enter_short 1 AAPL @ 315.92 | SL:317.87857142857143 TP:313.30857142857144 TS:None | strat=MomentumStrategy regime=normal
2025-08-11 19:25:38 - TradeLogger - INFO - [TRADE] 2025-08-11T23:25:38.361142+00:00 | enter_short 1 AAPL @ 316.06 | SL:318.05285714285714 TP:313.40285714285716 TS:None | strat=MomentumStrategy regime=normal
2025-08-11 19:25:38 - TradeLogger - INFO - [TRADE] 2025-08-11T23:25:38.462703+00:00 | enter_short 1 AAPL @ 315.79 | SL:317.77964285714285 TP:313.13714285714286 TS:None | strat=MomentumStrategy regime=normal
2025-08-11 19:25:38 - TradeLogger - INFO - [TRADE] 2025-08-11T23:25:38.564292+00:00 | enter_short 1 AAPL @ 316.44 | SL:318.4607142857143 TP:313.7457142857143 TS:None | strat=MomentumStrategy regime=normal
2025-08-11 19:25:38 - TradeLogger - INFO - [TRADE] 2025-08-11T23:25:38.666838+00:00 | enter_short 1 AAPL @ 316.49 | SL:318.425 TP:313.91 TS:None | strat=MomentumStrategy regime=normal
2025-08-11 19:25:38 - TradeLogger - INFO - [TRADE] 2025-08-11T23:25:38.760304+00:00 | enter_short 1 AAPL @ 315.43 | SL:317.4507142857143 TP:312.7357142857143 TS:None | strat=MomentumStrategy regime=normal
2025-08-11 19:25:38 - TradeLogger - INFO - [TRADE] 2025-08-11T23:25:38.890745+00:00 | enter_short 1 AAPL @ 315.57 | SL:317.57142857142856 TP:312.90142857142854 TS:None | strat=MomentumStrategy regime=normal
2025-08-11 19:25:38 - TradeLogger - INFO - [TRADE] 2025-08-11T23:25:38.979595+00:00 | enter_short 1 AAPL @ 315.41 | SL:316.53571428571433 TP:313.7214285714286 TS:None | strat=MomentumStrategy regime=low_volatility
2025-08-11 19:25:39 - TradeLogger - INFO - [TRADE] 2025-08-11T23:25:39.065362+00:00 | enter_short 1 AAPL @ 315.61 | SL:316.7407142857143 TP:313.9139285714286 TS:None | strat=MomentumStrategy regime=low_volatility
2025-08-11 19:25:39 - TradeLogger - INFO - [TRADE] 2025-08-11T23:25:39.169052+00:00 | enter_short 1 AAPL @ 315.82 | SL:316.84214285714285 TP:314.2867857142857 TS:None | strat=MomentumStrategy regime=low_volatility
2025-08-11 19:25:39 - TradeLogger - INFO - [TRADE] 2025-08-11T23:25:39.271094+00:00 | enter_short 1 AAPL @ 314.60 | SL:315.7971428571429 TP:312.80428571428575 TS:None | strat=MomentumStrategy regime=low_volatility
2025-08-11 19:25:39 - TradeLogger - INFO - [TRADE] 2025-08-11T23:25:39.371597+00:00 | enter_short 1 AAPL @ 314.27 | SL:316.29285714285714 TP:311.5728571428571 TS:None | strat=MomentumStrategy regime=normal
2025-08-11 19:25:39 - TradeLogger - INFO - [TRADE] 2025-08-11T23:25:39.473841+00:00 | enter_short 1 AAPL @ 314.88 | SL:316.9403571428571 TP:312.1328571428571 TS:None | strat=MomentumStrategy regime=normal
2025-08-11 19:25:39 - TradeLogger - INFO - [TRADE] 2025-08-11T23:25:39.576341+00:00 | enter_short 1 AAPL @ 313.94 | SL:316.02285714285716 TP:311.16285714285715 TS:None | strat=MomentumStrategy regime=normal
2025-08-11 19:25:39 - TradeLogger - INFO - [TRADE] 2025-08-11T23:25:39.678563+00:00 | enter_short 1 AAPL @ 313.86 | SL:315.8367857142857 TP:311.2242857142857 TS:None | strat=MomentumStrategy regime=normal
2025-08-11 19:25:39 - TradeLogger - INFO - [TRADE] 2025-08-11T23:25:39.779329+00:00 | enter_short 1 AAPL @ 313.33 | SL:315.4889285714286 TP:310.45142857142855 TS:None | strat=MomentumStrategy regime=normal
2025-08-11 19:25:39 - TradeLogger - INFO - [TRADE] 2025-08-11T23:25:39.911563+00:00 | enter_short 1 AAPL @ 313.44 | SL:315.6096428571429 TP:310.54714285714283 TS:None | strat=MomentumStrategy regime=normal
2025-08-11 19:25:39 - TradeLogger - INFO - [TRADE] 2025-08-11T23:25:39.982863+00:00 | enter_short 1 AAPL @ 313.49 | SL:315.7582142857143 TP:310.4657142857143 TS:None | strat=MomentumStrategy regime=normal
2025-08-11 19:25:40 - TradeLogger - INFO - [TRADE] 2025-08-11T23:25:40.189609+00:00 | enter_short 1 AAPL @ 313.15 | SL:315.2628571428571 TP:310.3328571428571 TS:None | strat=MomentumStrategy regime=normal
2025-08-11 19:25:40 - TradeLogger - INFO - [TRADE] 2025-08-11T23:25:40.286862+00:00 | enter_short 1 AAPL @ 313.57 | SL:315.76642857142855 TP:310.64142857142855 TS:None | strat=MomentumStrategy regime=normal
2025-08-11 19:25:40 - TradeLogger - INFO - [TRADE] 2025-08-11T23:25:40.506451+00:00 | enter_short 1 MSFT @ 350.96 | SL:353.03214285714284 TP:348.1971428571428 TS:None | strat=MomentumStrategy regime=normal
2025-08-11 19:25:40 - TradeLogger - INFO - [TRADE] 2025-08-11T23:25:40.607698+00:00 | enter_short 1 MSFT @ 351.66 | SL:353.6732142857143 TP:348.9757142857143 TS:None | strat=MomentumStrategy regime=normal
2025-08-11 19:25:40 - TradeLogger - INFO - [TRADE] 2025-08-11T23:25:40.695833+00:00 | enter_short 1 AAPL @ 313.08 | SL:314.355 TP:311.16749999999996 TS:None | strat=MomentumStrategy regime=low_volatility
2025-08-11 19:25:40 - TradeLogger - INFO - [TRADE] 2025-08-11T23:25:40.710860+00:00 | enter_short 1 MSFT @ 351.47 | SL:353.5014285714286 TP:348.7614285714286 TS:None | strat=MomentumStrategy regime=normal
2025-08-11 19:25:40 - TradeLogger - INFO - [TRADE] 2025-08-11T23:25:40.827896+00:00 | enter_short 1 AAPL @ 313.85 | SL:315.02285714285716 TP:312.0907142857143 TS:None | strat=MomentumStrategy regime=low_volatility
2025-08-11 19:25:40 - TradeLogger - INFO - [TRADE] 2025-08-11T23:25:40.845964+00:00 | enter_short 1 MSFT @ 351.54 | SL:353.4428571428572 TP:349.0028571428571 TS:None | strat=MomentumStrategy regime=normal
2025-08-11 19:25:40 - TradeLogger - INFO - [TRADE] 2025-08-11T23:25:40.896927+00:00 | enter_short 1 AAPL @ 314.17 | SL:315.4321428571429 TP:312.2767857142857 TS:None | strat=MomentumStrategy regime=low_volatility
2025-08-11 19:25:40 - TradeLogger - INFO - [TRADE] 2025-08-11T23:25:40.908831+00:00 | enter_short 1 MSFT @ 351.83 | SL:353.735 TP:349.28999999999996 TS:None | strat=MomentumStrategy regime=normal
2025-08-11 19:25:40 - TradeLogger - INFO - [TRADE] 2025-08-11T23:25:40.998261+00:00 | enter_short 1 AAPL @ 314.22 | SL:315.4314285714286 TP:312.40285714285716 TS:None | strat=MomentumStrategy regime=low_volatility
2025-08-11 19:25:41 - TradeLogger - INFO - [TRADE] 2025-08-11T23:25:41.010636+00:00 | enter_short 1 MSFT @ 351.81 | SL:353.83714285714285 TP:349.10714285714283 TS:None | strat=MomentumStrategy regime=normal
2025-08-11 19:25:41 - TradeLogger - INFO - [TRADE] 2025-08-11T23:25:41.099348+00:00 | enter_short 1 AAPL @ 313.73 | SL:315.6832142857143 TP:311.1257142857143 TS:None | strat=MomentumStrategy regime=normal
2025-08-11 19:25:41 - TradeLogger - INFO - [TRADE] 2025-08-11T23:25:41.111948+00:00 | enter_short 1 MSFT @ 352.05 | SL:354.09857142857146 TP:349.31857142857143 TS:None | strat=MomentumStrategy regime=normal
2025-08-11 19:25:41 - TradeLogger - INFO - [TRADE] 2025-08-11T23:25:41.232405+00:00 | enter_short 1 AAPL @ 312.55 | SL:314.49678571428575 TP:309.95428571428573 TS:None | strat=MomentumStrategy regime=normal
2025-08-11 19:25:41 - TradeLogger - INFO - [TRADE] 2025-08-11T23:25:41.270930+00:00 | enter_short 1 MSFT @ 352.16 | SL:354.2246428571429 TP:349.40714285714284 TS:None | strat=MomentumStrategy regime=normal
2025-08-11 19:25:41 - TradeLogger - INFO - [TRADE] 2025-08-11T23:25:41.302510+00:00 | enter_short 1 AAPL @ 312.39 | SL:313.6428571428571 TP:310.51071428571424 TS:None | strat=MomentumStrategy regime=low_volatility
2025-08-11 19:25:41 - TradeLogger - INFO - [TRADE] 2025-08-11T23:25:41.316480+00:00 | enter_short 1 MSFT @ 351.67 | SL:353.7110714285715 TP:348.9485714285714 TS:None | strat=MomentumStrategy regime=normal
2025-08-11 19:25:41 - TradeLogger - INFO - [TRADE] 2025-08-11T23:25:41.404104+00:00 | enter_short 1 AAPL @ 312.01 | SL:313.9867857142857 TP:309.3742857142857 TS:None | strat=MomentumStrategy regime=normal
2025-08-11 19:25:41 - TradeLogger - INFO - [TRADE] 2025-08-11T23:25:41.417006+00:00 | enter_short 1 MSFT @ 352.12 | SL:354.21250000000003 TP:349.33 TS:None | strat=MomentumStrategy regime=normal
2025-08-11 19:25:41 - TradeLogger - INFO - [TRADE] 2025-08-11T23:25:41.539106+00:00 | enter_short 1 AAPL @ 312.66 | SL:314.78357142857146 TP:309.8285714285714 TS:None | strat=MomentumStrategy regime=normal
2025-08-11 19:25:41 - TradeLogger - INFO - [TRADE] 2025-08-11T23:25:41.560069+00:00 | enter_short 1 MSFT @ 352.23 | SL:354.3364285714286 TP:349.4214285714286 TS:None | strat=MomentumStrategy regime=normal
2025-08-11 19:25:42 - TradeLogger - INFO - [TRADE] 2025-08-11T23:25:42.317422+00:00 | enter_long 146 MSFT @ 352.33 | SL:348.9085714285714 TP:357.46214285714285 TS:None | strat=MomentumStrategy regime=high_volatility
2025-08-11 19:25:43 - TradeLogger - INFO - [TRADE] 2025-08-11T23:25:43.051459+00:00 | enter_short 1 AAPL @ 311.37 | SL:313.62321428571425 TP:308.3657142857143 TS:None | strat=MomentumStrategy regime=normal
2025-08-11 19:25:43 - TradeLogger - INFO - [TRADE] 2025-08-11T23:25:43.151020+00:00 | enter_short 1 AAPL @ 310.68 | SL:312.8025 TP:307.85 TS:None | strat=MomentumStrategy regime=normal
2025-08-11 19:25:43 - TradeLogger - INFO - [TRADE] 2025-08-11T23:25:43.293243+00:00 | enter_short 1 AAPL @ 310.02 | SL:312.1928571428571 TP:307.12285714285713 TS:None | strat=MomentumStrategy regime=normal
2025-08-11 19:25:43 - TradeLogger - INFO - [TRADE] 2025-08-11T23:25:43.343419+00:00 | enter_short 2 AAPL @ 309.95 | SL:311.21714285714285 TP:308.0492857142857 TS:None | strat=MomentumStrategy regime=low_volatility
2025-08-11 19:25:43 - TradeLogger - INFO - [TRADE] 2025-08-11T23:25:43.480654+00:00 | enter_short 2 AAPL @ 310.08 | SL:311.3457142857143 TP:308.18142857142857 TS:None | strat=MomentumStrategy regime=low_volatility
2025-08-11 19:25:43 - TradeLogger - INFO - [TRADE] 2025-08-11T23:25:43.547094+00:00 | enter_short 2 AAPL @ 310.06 | SL:311.33 TP:308.15500000000003 TS:None | strat=MomentumStrategy regime=low_volatility
2025-08-11 19:25:43 - TradeLogger - INFO - [TRADE] 2025-08-11T23:25:43.652463+00:00 | enter_short 2 AAPL @ 310.77 | SL:312.04499999999996 TP:308.85749999999996 TS:None | strat=MomentumStrategy regime=low_volatility
2025-08-11 19:25:43 - TradeLogger - INFO - [TRADE] 2025-08-11T23:25:43.665768+00:00 | enter_short 1 MSFT @ 352.43 | SL:353.5364285714286 TP:350.77035714285716 TS:None | strat=MomentumStrategy regime=low_volatility
2025-08-11 19:25:43 - TradeLogger - INFO - [TRADE] 2025-08-11T23:25:43.753768+00:00 | enter_short 1 AAPL @ 309.73 | SL:311.74857142857144 TP:307.03857142857146 TS:None | strat=MomentumStrategy regime=normal
2025-08-11 19:25:43 - TradeLogger - INFO - [TRADE] 2025-08-11T23:25:43.768832+00:00 | enter_short 1 MSFT @ 352.63 | SL:353.74142857142857 TP:350.96285714285716 TS:None | strat=MomentumStrategy regime=low_volatility
2025-08-11 19:25:43 - TradeLogger - INFO - [TRADE] 2025-08-11T23:25:43.854693+00:00 | enter_short 2 AAPL @ 309.36 | SL:310.4807142857143 TP:307.67892857142857 TS:None | strat=MomentumStrategy regime=low_volatility
2025-08-11 19:25:43 - TradeLogger - INFO - [TRADE] 2025-08-11T23:25:43.868761+00:00 | enter_short 1 MSFT @ 352.60 | SL:353.71357142857147 TP:350.9296428571429 TS:None | strat=MomentumStrategy regime=low_volatility
2025-08-11 19:25:43 - TradeLogger - INFO - [TRADE] 2025-08-11T23:25:43.994191+00:00 | enter_short 2 AAPL @ 309.22 | SL:310.355 TP:307.51750000000004 TS:None | strat=MomentumStrategy regime=low_volatility
2025-08-11 19:25:44 - TradeLogger - INFO - [TRADE] 2025-08-11T23:25:44.042806+00:00 | enter_short 1 MSFT @ 352.52 | SL:353.59785714285715 TP:350.9032142857143 TS:None | strat=MomentumStrategy regime=low_volatility
2025-08-11 19:25:44 - TradeLogger - INFO - [TRADE] 2025-08-11T23:25:44.058235+00:00 | enter_short 2 AAPL @ 309.55 | SL:310.5957142857143 TP:307.9814285714286 TS:None | strat=MomentumStrategy regime=low_volatility
2025-08-11 19:25:44 - TradeLogger - INFO - [TRADE] 2025-08-11T23:25:44.067229+00:00 | enter_short 1 MSFT @ 352.82 | SL:353.93857142857144 TP:351.14214285714286 TS:None | strat=MomentumStrategy regime=low_volatility
2025-08-11 19:25:44 - TradeLogger - INFO - [TRADE] 2025-08-11T23:25:44.187639+00:00 | enter_short 2 AAPL @ 309.58 | SL:310.74785714285713 TP:307.82821428571424 TS:None | strat=MomentumStrategy regime=low_volatility
2025-08-11 19:25:44 - TradeLogger - INFO - [TRADE] 2025-08-11T23:25:44.262232+00:00 | enter_short 2 AAPL @ 309.10 | SL:310.29928571428576 TP:307.30107142857145 TS:None | strat=MomentumStrategy regime=low_volatility
2025-08-11 19:25:44 - TradeLogger - INFO - [TRADE] 2025-08-11T23:25:44.362168+00:00 | enter_short 2 AAPL @ 309.06 | SL:310.3 TP:307.2 TS:None | strat=MomentumStrategy regime=low_volatility
2025-08-11 19:25:44 - TradeLogger - INFO - [TRADE] 2025-08-11T23:25:44.465573+00:00 | enter_short 1 AAPL @ 310.09 | SL:312.1192857142857 TP:307.3842857142857 TS:None | strat=MomentumStrategy regime=normal
2025-08-11 19:25:44 - TradeLogger - INFO - [TRADE] 2025-08-11T23:25:44.480599+00:00 | enter_short 1 MSFT @ 352.65 | SL:353.68642857142856 TP:351.0953571428571 TS:None | strat=MomentumStrategy regime=low_volatility
2025-08-11 19:25:44 - TradeLogger - INFO - [TRADE] 2025-08-11T23:25:44.565737+00:00 | enter_short 1 AAPL @ 310.08 | SL:312.0042857142857 TP:307.5142857142857 TS:None | strat=MomentumStrategy regime=normal
2025-08-11 19:25:44 - TradeLogger - INFO - [TRADE] 2025-08-11T23:25:44.580776+00:00 | enter_short 1 MSFT @ 352.38 | SL:353.25857142857143 TP:351.0621428571429 TS:None | strat=MomentumStrategy regime=low_volatility
2025-08-11 19:25:44 - TradeLogger - INFO - [TRADE] 2025-08-11T23:25:44.668422+00:00 | enter_short 2 AAPL @ 309.93 | SL:311.1 TP:308.175 TS:None | strat=MomentumStrategy regime=low_volatility
2025-08-11 19:25:44 - TradeLogger - INFO - [TRADE] 2025-08-11T23:25:44.683821+00:00 | enter_short 1 MSFT @ 352.15 | SL:353.0357142857143 TP:350.82142857142856 TS:None | strat=MomentumStrategy regime=low_volatility
2025-08-11 19:25:44 - TradeLogger - INFO - [TRADE] 2025-08-11T23:25:44.781128+00:00 | enter_short 2 AAPL @ 309.72 | SL:310.9535714285715 TP:307.8696428571429 TS:None | strat=MomentumStrategy regime=low_volatility
2025-08-11 19:25:44 - TradeLogger - INFO - [TRADE] 2025-08-11T23:25:44.809150+00:00 | enter_short 1 MSFT @ 351.75 | SL:352.50714285714287 TP:350.6142857142857 TS:None | strat=MomentumStrategy regime=low_volatility
2025-08-11 19:25:44 - TradeLogger - INFO - [TRADE] 2025-08-11T23:25:44.869848+00:00 | enter_short 1 AAPL @ 309.99 | SL:312.05785714285713 TP:307.23285714285714 TS:None | strat=MomentumStrategy regime=normal
2025-08-11 19:25:44 - TradeLogger - INFO - [TRADE] 2025-08-11T23:25:44.884743+00:00 | enter_short 1 MSFT @ 351.90 | SL:352.74 TP:350.64 TS:None | strat=MomentumStrategy regime=low_volatility
2025-08-11 19:25:44 - TradeLogger - INFO - [TRADE] 2025-08-11T23:25:44.972216+00:00 | enter_short 1 AAPL @ 309.88 | SL:311.9842857142857 TP:307.07428571428574 TS:None | strat=MomentumStrategy regime=normal
2025-08-11 19:25:44 - TradeLogger - INFO - [TRADE] 2025-08-11T23:25:44.984854+00:00 | enter_short 1 MSFT @ 352.12 | SL:353.00714285714287 TP:350.7892857142857 TS:None | strat=MomentumStrategy regime=low_volatility
2025-08-11 19:25:45 - TradeLogger - INFO - [TRADE] 2025-08-11T23:25:45.068862+00:00 | enter_short 1 AAPL @ 310.66 | SL:312.8264285714286 TP:307.7714285714286 TS:None | strat=MomentumStrategy regime=normal
2025-08-11 19:25:45 - TradeLogger - INFO - [TRADE] 2025-08-11T23:25:45.082713+00:00 | enter_short 1 MSFT @ 352.25 | SL:353.2992857142857 TP:350.67607142857145 TS:None | strat=MomentumStrategy regime=low_volatility
2025-08-11 19:25:45 - TradeLogger - INFO - [TRADE] 2025-08-11T23:25:45.174624+00:00 | enter_short 1 AAPL @ 310.66 | SL:312.6732142857143 TP:307.97571428571433 TS:None | strat=MomentumStrategy regime=normal
2025-08-11 19:25:45 - TradeLogger - INFO - [TRADE] 2025-08-11T23:25:45.188177+00:00 | enter_short 1 MSFT @ 351.95 | SL:353.01142857142855 TP:350.35785714285714 TS:None | strat=MomentumStrategy regime=low_volatility
2025-08-11 19:25:45 - TradeLogger - INFO - [TRADE] 2025-08-11T23:25:45.286842+00:00 | enter_short 1 MSFT @ 351.80 | SL:353.69964285714286 TP:349.26714285714286 TS:None | strat=MomentumStrategy regime=normal
2025-08-11 19:25:45 - TradeLogger - INFO - [TRADE] 2025-08-11T23:25:45.414067+00:00 | enter_short 1 AAPL @ 309.94 | SL:311.95642857142855 TP:307.25142857142856 TS:None | strat=MomentumStrategy regime=normal
2025-08-11 19:25:45 - TradeLogger - INFO - [TRADE] 2025-08-11T23:25:45.484367+00:00 | enter_short 1 MSFT @ 352.02 | SL:354.02892857142854 TP:349.34142857142854 TS:None | strat=MomentumStrategy regime=normal
2025-08-11 19:25:45 - TradeLogger - INFO - [TRADE] 2025-08-11T23:25:45.614867+00:00 | enter_short 1 AAPL @ 309.34 | SL:311.28249999999997 TP:306.74999999999994 TS:None | strat=MomentumStrategy regime=normal
2025-08-11 19:25:45 - TradeLogger - INFO - [TRADE] 2025-08-11T23:25:45.681840+00:00 | enter_short 2 AAPL @ 309.69 | SL:310.94642857142856 TP:307.80535714285713 TS:None | strat=MomentumStrategy regime=low_volatility
2025-08-11 19:25:45 - TradeLogger - INFO - [TRADE] 2025-08-11T23:25:45.783545+00:00 | enter_short 2 AAPL @ 309.04 | SL:310.3071428571429 TP:307.13928571428573 TS:None | strat=MomentumStrategy regime=low_volatility
2025-08-11 19:25:45 - TradeLogger - INFO - [TRADE] 2025-08-11T23:25:45.916465+00:00 | enter_short 2 AAPL @ 308.58 | SL:309.735 TP:306.84749999999997 TS:None | strat=MomentumStrategy regime=low_volatility
2025-08-11 19:25:45 - TradeLogger - INFO - [TRADE] 2025-08-11T23:25:45.987531+00:00 | enter_short 1 AAPL @ 309.02 | SL:310.92499999999995 TP:306.47999999999996 TS:None | strat=MomentumStrategy regime=normal
2025-08-11 19:25:46 - TradeLogger - INFO - [TRADE] 2025-08-11T23:25:46.113952+00:00 | enter_short 1 AAPL @ 308.75 | SL:310.7085714285714 TP:306.1385714285714 TS:None | strat=MomentumStrategy regime=normal
2025-08-11 19:25:46 - TradeLogger - INFO - [TRADE] 2025-08-11T23:25:46.492311+00:00 | enter_short 1 AAPL @ 309.70 | SL:311.7142857142857 TP:307.0142857142857 TS:None | strat=MomentumStrategy regime=normal
2025-08-11 19:25:46 - TradeLogger - INFO - [TRADE] 2025-08-11T23:25:46.919867+00:00 | enter_short 1 AAPL @ 309.90 | SL:312.1478571428571 TP:306.9028571428571 TS:None | strat=MomentumStrategy regime=normal
2025-08-11 19:25:49 - TradeLogger - INFO - [TRADE] 2025-08-11T23:25:49.748984+00:00 | enter_short 1 AAPL @ 303.99 | SL:306.15535714285716 TP:301.10285714285715 TS:None | strat=MomentumStrategy regime=normal
2025-08-11 19:25:49 - TradeLogger - INFO - [TRADE] 2025-08-11T23:25:49.857708+00:00 | enter_short 1 MSFT @ 353.62 | SL:355.6192857142857 TP:350.95428571428573 TS:None | strat=MomentumStrategy regime=normal
2025-08-11 19:25:49 - TradeLogger - INFO - [TRADE] 2025-08-11T23:25:49.944407+00:00 | enter_short 1 AAPL @ 302.53 | SL:304.71999999999997 TP:299.60999999999996 TS:None | strat=MomentumStrategy regime=normal
2025-08-11 19:25:50 - TradeLogger - INFO - [TRADE] 2025-08-11T23:25:50.044891+00:00 | enter_short 1 AAPL @ 303.70 | SL:305.90285714285716 TP:300.7628571428571 TS:None | strat=MomentumStrategy regime=normal
2025-08-11 19:25:50 - TradeLogger - INFO - [TRADE] 2025-08-11T23:25:50.169631+00:00 | enter_short 1 AAPL @ 303.97 | SL:306.05928571428575 TP:301.1842857142857 TS:None | strat=MomentumStrategy regime=normal
2025-08-11 19:25:50 - TradeLogger - INFO - [TRADE] 2025-08-11T23:25:50.271998+00:00 | enter_short 1 AAPL @ 304.23 | SL:306.2228571428572 TP:301.5728571428571 TS:None | strat=MomentumStrategy regime=normal
2025-08-11 19:25:52 - TradeLogger - INFO - [TRADE] 2025-08-11T23:25:52.320972+00:00 | enter_short 1 MSFT @ 353.99 | SL:356.00750000000005 TP:351.3 TS:None | strat=MomentumStrategy regime=normal
2025-08-11 19:25:52 - TradeLogger - INFO - [TRADE] 2025-08-11T23:25:52.609770+00:00 | enter_short 1 MSFT @ 354.00 | SL:355.99178571428575 TP:351.3442857142857 TS:None | strat=MomentumStrategy regime=normal
2025-08-11 19:25:52 - TradeLogger - INFO - [TRADE] 2025-08-11T23:25:52.709678+00:00 | enter_short 1 MSFT @ 353.65 | SL:355.68142857142857 TP:350.9414285714285 TS:None | strat=MomentumStrategy regime=normal
2025-08-11 19:25:52 - TradeLogger - INFO - [TRADE] 2025-08-11T23:25:52.787584+00:00 | enter_short 1 MSFT @ 354.07 | SL:356.0575 TP:351.41999999999996 TS:None | strat=MomentumStrategy regime=normal
2025-08-11 19:25:52 - TradeLogger - INFO - [TRADE] 2025-08-11T23:25:52.885768+00:00 | enter_short 1 MSFT @ 353.97 | SL:355.9403571428572 TP:351.34285714285716 TS:None | strat=MomentumStrategy regime=normal
2025-08-11 19:25:53 - TradeLogger - INFO - [TRADE] 2025-08-11T23:25:53.096730+00:00 | enter_short 1 MSFT @ 354.43 | SL:356.6435714285715 TP:351.4785714285714 TS:None | strat=MomentumStrategy regime=normal
2025-08-11 19:25:53 - TradeLogger - INFO - [TRADE] 2025-08-11T23:25:53.299678+00:00 | enter_short 1 MSFT @ 354.17 | SL:356.42107142857145 TP:351.16857142857145 TS:None | strat=MomentumStrategy regime=normal
2025-08-11 19:25:53 - TradeLogger - INFO - [TRADE] 2025-08-11T23:25:53.400788+00:00 | enter_short 1 MSFT @ 354.23 | SL:356.3 TP:351.47 TS:None | strat=MomentumStrategy regime=normal
2025-08-11 19:25:53 - TradeLogger - INFO - [TRADE] 2025-08-11T23:25:53.550764+00:00 | enter_short 1 MSFT @ 354.44 | SL:356.66535714285715 TP:351.47285714285715 TS:None | strat=MomentumStrategy regime=normal
2025-08-11 19:25:53 - TradeLogger - INFO - [TRADE] 2025-08-11T23:25:53.916364+00:00 | enter_short 1 MSFT @ 354.30 | SL:356.5232142857143 TP:351.3357142857143 TS:None | strat=MomentumStrategy regime=normal
2025-08-20 11:03:06 - TradeLogger - DEBUG - Logger initialized.
2025-08-20 11:03:06 - TradeLogger - DEBUG - Log file: logs/TradeLogger.log
2025-08-20 11:03:06 - TradeLogger - DEBUG - Logger name: TradeLogger
2025-08-20 11:03:06 - Drawdown Monitor - DEBUG - Logger initialized.
2025-08-20 11:03:06 - Drawdown Monitor - DEBUG - Log file: logs/TradeLogger.log
2025-08-20 11:03:06 - Drawdown Monitor - DEBUG - Logger name: Drawdown Monitor
2025-08-20 11:03:06 - Drawdown Monitor - INFO - [DAILY RESET] Portfolio start set to 100,000.00
2025-08-20 11:03:08 - TradeLogger - INFO - [TRADE] 2025-08-20T15:03:08.879336+00:00 | enter_long 353 AAPL @ 282.80 | SL:281.33857142857147 TP:284.74857142857144 TS:None | strat=MomentumStrategy regime=normal
2025-08-20 11:03:10 - TradeLogger - INFO - [TRADE] 2025-08-20T15:03:10.000557+00:00 | enter_short 2 AAPL @ 282.88 | SL:283.75071428571425 TP:281.57392857142855 TS:None | strat=MomentumStrategy regime=low_volatility
2025-08-20 11:03:10 - TradeLogger - INFO - [TRADE] 2025-08-20T15:03:10.100916+00:00 | enter_short 2 AAPL @ 282.94 | SL:283.86857142857144 TP:281.5471428571429 TS:None | strat=MomentumStrategy regime=low_volatility
2025-08-20 11:03:10 - TradeLogger - INFO - [TRADE] 2025-08-20T15:03:10.198812+00:00 | enter_short 2 AAPL @ 282.80 | SL:283.7192857142857 TP:281.42107142857145 TS:None | strat=MomentumStrategy regime=low_volatility
2025-08-20 11:03:10 - TradeLogger - INFO - [TRADE] 2025-08-20T15:03:10.302958+00:00 | enter_short 1 AAPL @ 282.77 | SL:284.195 TP:280.87 TS:None | strat=MomentumStrategy regime=normal
2025-08-20 11:03:10 - TradeLogger - INFO - [TRADE] 2025-08-20T15:03:10.449513+00:00 | enter_short 1 AAPL @ 282.82 | SL:284.2857142857143 TP:280.8657142857143 TS:None | strat=MomentumStrategy regime=normal
2025-08-20 11:03:11 - TradeLogger - INFO - [TRADE] 2025-08-20T15:03:11.422173+00:00 | enter_short 1 AAPL @ 283.00 | SL:284.40999999999997 TP:281.12 TS:None | strat=MomentumStrategy regime=normal
2025-08-20 11:03:11 - TradeLogger - INFO - [TRADE] 2025-08-20T15:03:11.514837+00:00 | enter_short 1 AAPL @ 283.02 | SL:284.49642857142857 TP:281.0514285714286 TS:None | strat=MomentumStrategy regime=normal
2025-08-20 11:03:11 - TradeLogger - INFO - [TRADE] 2025-08-20T15:03:11.616244+00:00 | enter_short 1 AAPL @ 283.05 | SL:284.52214285714285 TP:281.08714285714285 TS:None | strat=MomentumStrategy regime=normal
2025-08-20 11:03:13 - TradeLogger - INFO - [TRADE] 2025-08-20T15:03:13.153860+00:00 | enter_short 1 AAPL @ 283.05 | SL:284.6367857142857 TP:280.93428571428575 TS:None | strat=MomentumStrategy regime=normal
2025-08-20 11:03:13 - TradeLogger - INFO - [TRADE] 2025-08-20T15:03:13.253614+00:00 | enter_short 1 AAPL @ 283.02 | SL:284.5778571428571 TP:280.9428571428571 TS:None | strat=MomentumStrategy regime=normal
2025-08-20 11:03:13 - TradeLogger - INFO - [TRADE] 2025-08-20T15:03:13.359826+00:00 | enter_short 1 AAPL @ 283.04 | SL:284.4864285714286 TP:281.11142857142863 TS:None | strat=MomentumStrategy regime=normal
2025-08-20 11:03:13 - TradeLogger - INFO - [TRADE] 2025-08-20T15:03:13.861384+00:00 | enter_short 2 AAPL @ 283.04 | SL:283.85214285714284 TP:281.82178571428574 TS:None | strat=MomentumStrategy regime=low_volatility
2025-08-20 11:03:13 - TradeLogger - INFO - [TRADE] 2025-08-20T15:03:13.964725+00:00 | enter_short 2 AAPL @ 282.93 | SL:283.80285714285714 TP:281.6207142857143 TS:None | strat=MomentumStrategy regime=low_volatility
2025-08-20 11:03:14 - TradeLogger - INFO - [TRADE] 2025-08-20T15:03:14.065523+00:00 | enter_short 2 AAPL @ 283.00 | SL:283.865 TP:281.70250000000004 TS:None | strat=MomentumStrategy regime=low_volatility
2025-08-20 11:03:14 - TradeLogger - INFO - [TRADE] 2025-08-20T15:03:14.166548+00:00 | enter_short 2 AAPL @ 283.16 | SL:283.89428571428573 TP:282.05857142857144 TS:None | strat=MomentumStrategy regime=low_volatility
2025-08-20 11:03:20 - TradeLogger - INFO - [TRADE] 2025-08-20T15:03:20.462300+00:00 | enter_short 1 AAPL @ 284.93 | SL:286.5864285714286 TP:282.7214285714286 TS:None | strat=MomentumStrategy regime=normal
2025-08-20 11:03:20 - TradeLogger - INFO - [TRADE] 2025-08-20T15:03:20.563753+00:00 | enter_short 1 AAPL @ 284.79 | SL:286.27607142857147 TP:282.80857142857144 TS:None | strat=MomentumStrategy regime=normal
2025-08-20 11:03:20 - TradeLogger - INFO - [TRADE] 2025-08-20T15:03:20.665428+00:00 | enter_short 1 AAPL @ 284.53 | SL:286.0042857142857 TP:282.5642857142857 TS:None | strat=MomentumStrategy regime=normal
2025-08-20 11:03:20 - TradeLogger - INFO - [TRADE] 2025-08-20T15:03:20.766885+00:00 | enter_short 1 AAPL @ 284.68 | SL:286.3225 TP:282.49 TS:None | strat=MomentumStrategy regime=normal
2025-08-20 11:03:20 - TradeLogger - INFO - [TRADE] 2025-08-20T15:03:20.868933+00:00 | enter_short 1 AAPL @ 284.86 | SL:286.50678571428574 TP:282.6642857142857 TS:None | strat=MomentumStrategy regime=normal
2025-08-20 11:03:20 - TradeLogger - INFO - [TRADE] 2025-08-20T15:03:20.970393+00:00 | enter_short 1 AAPL @ 284.89 | SL:286.50357142857143 TP:282.7385714285714 TS:None | strat=MomentumStrategy regime=normal
2025-08-20 11:03:21 - TradeLogger - INFO - [TRADE] 2025-08-20T15:03:21.380930+00:00 | enter_short 1 AAPL @ 284.90 | SL:286.4482142857143 TP:282.83571428571423 TS:None | strat=MomentumStrategy regime=normal
2025-08-20 11:03:21 - TradeLogger - INFO - [TRADE] 2025-08-20T15:03:21.488849+00:00 | enter_short 1 AAPL @ 284.99 | SL:286.50607142857143 TP:282.9685714285714 TS:None | strat=MomentumStrategy regime=normal
2025-08-20 11:03:21 - TradeLogger - INFO - [TRADE] 2025-08-20T15:03:21.588886+00:00 | enter_short 1 AAPL @ 285.03 | SL:286.63714285714286 TP:282.8871428571428 TS:None | strat=MomentumStrategy regime=normal
2025-08-20 11:03:23 - TradeLogger - INFO - [TRADE] 2025-08-20T15:03:23.721571+00:00 | enter_short 1 AAPL @ 285.14 | SL:286.75571428571425 TP:282.98571428571427 TS:None | strat=MomentumStrategy regime=normal
2025-08-20 11:03:25 - TradeLogger - INFO - [TRADE] 2025-08-20T15:03:25.057803+00:00 | enter_short 1 AAPL @ 285.66 | SL:287.17178571428576 TP:283.64428571428573 TS:None | strat=MomentumStrategy regime=normal
2025-08-20 11:03:25 - TradeLogger - INFO - [TRADE] 2025-08-20T15:03:25.151739+00:00 | enter_short 1 AAPL @ 285.56 | SL:287.11785714285713 TP:283.48285714285714 TS:None | strat=MomentumStrategy regime=normal
2025-08-20 11:03:28 - TradeLogger - INFO - [TRADE] 2025-08-20T15:03:28.712288+00:00 | enter_short 1 AAPL @ 286.33 | SL:287.8010714285714 TP:284.36857142857144 TS:None | strat=MomentumStrategy regime=normal
2025-08-20 11:03:29 - TradeLogger - INFO - [TRADE] 2025-08-20T15:03:29.963112+00:00 | enter_short 2 AAPL @ 286.56 | SL:287.4585714285714 TP:285.21214285714285 TS:None | strat=MomentumStrategy regime=low_volatility
2025-08-20 11:03:30 - TradeLogger - INFO - [TRADE] 2025-08-20T15:03:30.060841+00:00 | enter_short 1 AAPL @ 286.83 | SL:288.2496428571428 TP:284.9371428571428 TS:None | strat=MomentumStrategy regime=normal
2025-08-20 11:03:30 - TradeLogger - INFO - [TRADE] 2025-08-20T15:03:30.349860+00:00 | enter_short 1 AAPL @ 286.56 | SL:287.99035714285714 TP:284.65285714285716 TS:None | strat=MomentumStrategy regime=normal
2025-08-20 11:03:31 - TradeLogger - INFO - [TRADE] 2025-08-20T15:03:31.871323+00:00 | enter_short 1 AAPL @ 286.08 | SL:287.71178571428567 TP:283.9042857142857 TS:None | strat=MomentumStrategy regime=normal
2025-08-20 11:03:32 - TradeLogger - INFO - [TRADE] 2025-08-20T15:03:32.174865+00:00 | enter_short 1 AAPL @ 286.32 | SL:287.9089285714286 TP:284.20142857142855 TS:None | strat=MomentumStrategy regime=normal
2025-08-20 11:03:32 - TradeLogger - INFO - [TRADE] 2025-08-20T15:03:32.278767+00:00 | enter_short 1 AAPL @ 286.40 | SL:287.95892857142854 TP:284.32142857142856 TS:None | strat=MomentumStrategy regime=normal
2025-08-20 11:03:32 - TradeLogger - INFO - [TRADE] 2025-08-20T15:03:32.382650+00:00 | enter_short 1 AAPL @ 286.44 | SL:287.8832142857143 TP:284.5157142857143 TS:None | strat=MomentumStrategy regime=normal
2025-08-20 11:03:32 - TradeLogger - INFO - [TRADE] 2025-08-20T15:03:32.484178+00:00 | enter_short 1 AAPL @ 286.42 | SL:287.83857142857147 TP:284.5285714285714 TS:None | strat=MomentumStrategy regime=normal
2025-08-20 11:03:32 - TradeLogger - INFO - [TRADE] 2025-08-20T15:03:32.586908+00:00 | enter_short 2 AAPL @ 286.36 | SL:287.22857142857146 TP:285.0571428571429 TS:None | strat=MomentumStrategy regime=low_volatility
2025-08-20 11:03:32 - TradeLogger - INFO - [TRADE] 2025-08-20T15:03:32.693293+00:00 | enter_short 2 AAPL @ 286.35 | SL:287.1671428571429 TP:285.12428571428575 TS:None | strat=MomentumStrategy regime=low_volatility
2025-08-20 11:03:32 - TradeLogger - INFO - [TRADE] 2025-08-20T15:03:32.796471+00:00 | enter_short 2 AAPL @ 286.28 | SL:287.07142857142856 TP:285.0928571428571 TS:None | strat=MomentumStrategy regime=low_volatility
2025-08-20 11:03:32 - TradeLogger - INFO - [TRADE] 2025-08-20T15:03:32.885016+00:00 | enter_short 2 AAPL @ 286.09 | SL:286.9271428571428 TP:284.83428571428567 TS:None | strat=MomentumStrategy regime=low_volatility
2025-08-20 11:03:33 - TradeLogger - INFO - [TRADE] 2025-08-20T15:03:33.002763+00:00 | enter_short 1 AAPL @ 286.01 | SL:287.3975 TP:284.15999999999997 TS:None | strat=MomentumStrategy regime=normal
2025-08-20 11:03:33 - TradeLogger - INFO - [TRADE] 2025-08-20T15:03:33.093172+00:00 | enter_short 1 AAPL @ 285.93 | SL:287.3657142857143 TP:284.0157142857143 TS:None | strat=MomentumStrategy regime=normal
2025-08-20 11:03:33 - TradeLogger - INFO - [TRADE] 2025-08-20T15:03:33.194799+00:00 | enter_short 1 AAPL @ 285.88 | SL:287.34785714285715 TP:283.92285714285714 TS:None | strat=MomentumStrategy regime=normal
2025-08-20 11:03:33 - TradeLogger - INFO - [TRADE] 2025-08-20T15:03:33.296171+00:00 | enter_short 1 AAPL @ 285.78 | SL:287.45142857142855 TP:283.5514285714285 TS:None | strat=MomentumStrategy regime=normal
2025-08-20 11:03:33 - TradeLogger - INFO - [TRADE] 2025-08-20T15:03:33.399637+00:00 | enter_short 1 AAPL @ 286.02 | SL:287.7257142857143 TP:283.74571428571426 TS:None | strat=MomentumStrategy regime=normal
2025-08-20 11:03:33 - TradeLogger - INFO - [TRADE] 2025-08-20T15:03:33.500714+00:00 | enter_short 1 AAPL @ 285.89 | SL:287.5989285714286 TP:283.6114285714285 TS:None | strat=MomentumStrategy regime=normal
2025-08-20 11:03:33 - TradeLogger - INFO - [TRADE] 2025-08-20T15:03:33.597857+00:00 | enter_short 1 AAPL @ 285.95 | SL:287.675 TP:283.65 TS:None | strat=MomentumStrategy regime=normal
2025-08-20 11:03:34 - TradeLogger - INFO - [TRADE] 2025-08-20T15:03:34.714232+00:00 | enter_short 1 AAPL @ 286.31 | SL:287.87107142857144 TP:284.2285714285714 TS:None | strat=MomentumStrategy regime=normal
2025-08-20 11:03:37 - TradeLogger - INFO - [TRADE] 2025-08-20T15:03:37.157961+00:00 | enter_short 1 AAPL @ 295.43 | SL:297.1485714285714 TP:293.1385714285714 TS:None | strat=MomentumStrategy regime=normal
2025-08-20 11:03:37 - TradeLogger - INFO - [TRADE] 2025-08-20T15:03:37.362069+00:00 | enter_short 1 AAPL @ 294.94 | SL:296.69714285714286 TP:292.59714285714284 TS:None | strat=MomentumStrategy regime=normal
2025-08-20 11:03:37 - TradeLogger - INFO - [TRADE] 2025-08-20T15:03:37.870830+00:00 | enter_short 1 AAPL @ 294.64 | SL:296.40035714285716 TP:292.29285714285714 TS:None | strat=MomentumStrategy regime=normal
2025-08-20 11:03:37 - TradeLogger - INFO - [TRADE] 2025-08-20T15:03:37.971402+00:00 | enter_short 1 AAPL @ 294.63 | SL:296.2092857142857 TP:292.5242857142857 TS:None | strat=MomentumStrategy regime=normal
2025-08-20 11:03:38 - TradeLogger - INFO - [TRADE] 2025-08-20T15:03:38.073526+00:00 | enter_short 1 AAPL @ 294.78 | SL:296.38821428571424 TP:292.63571428571424 TS:None | strat=MomentumStrategy regime=normal
2025-08-20 11:03:38 - TradeLogger - INFO - [TRADE] 2025-08-20T15:03:38.176008+00:00 | enter_short 1 AAPL @ 294.62 | SL:296.2346428571429 TP:292.46714285714285 TS:None | strat=MomentumStrategy regime=normal
2025-08-20 11:03:38 - TradeLogger - INFO - [TRADE] 2025-08-20T15:03:38.278441+00:00 | enter_short 1 AAPL @ 294.40 | SL:296.1432142857143 TP:292.07571428571424 TS:None | strat=MomentumStrategy regime=normal
2025-08-20 11:03:38 - TradeLogger - INFO - [TRADE] 2025-08-20T15:03:38.482030+00:00 | enter_short 1 AAPL @ 294.60 | SL:296.1064285714286 TP:292.5914285714286 TS:None | strat=MomentumStrategy regime=normal
2025-08-20 11:03:38 - TradeLogger - INFO - [TRADE] 2025-08-20T15:03:38.585177+00:00 | enter_short 2 AAPL @ 294.35 | SL:295.1514285714286 TP:293.14785714285716 TS:None | strat=MomentumStrategy regime=low_volatility
2025-08-20 11:03:38 - TradeLogger - INFO - [TRADE] 2025-08-20T15:03:38.688901+00:00 | enter_short 2 AAPL @ 294.31 | SL:295.01714285714286 TP:293.24928571428575 TS:None | strat=MomentumStrategy regime=low_volatility
2025-08-20 11:03:38 - TradeLogger - INFO - [TRADE] 2025-08-20T15:03:38.789920+00:00 | enter_short 2 AAPL @ 294.41 | SL:295.1778571428572 TP:293.2582142857143 TS:None | strat=MomentumStrategy regime=low_volatility
2025-08-20 11:03:38 - TradeLogger - INFO - [TRADE] 2025-08-20T15:03:38.884804+00:00 | enter_short 2 AAPL @ 294.56 | SL:295.36071428571427 TP:293.3589285714286 TS:None | strat=MomentumStrategy regime=low_volatility
2025-08-20 11:03:38 - TradeLogger - INFO - [TRADE] 2025-08-20T15:03:38.991731+00:00 | enter_short 2 AAPL @ 294.44 | SL:295.2557142857143 TP:293.2164285714286 TS:None | strat=MomentumStrategy regime=low_volatility
2025-08-20 11:03:39 - TradeLogger - INFO - [TRADE] 2025-08-20T15:03:39.096938+00:00 | enter_short 2 AAPL @ 294.50 | SL:295.33214285714286 TP:293.25178571428575 TS:None | strat=MomentumStrategy regime=low_volatility
2025-08-20 11:03:39 - TradeLogger - INFO - [TRADE] 2025-08-20T15:03:39.199472+00:00 | enter_short 2 AAPL @ 294.64 | SL:295.4528571428571 TP:293.42071428571427 TS:None | strat=MomentumStrategy regime=low_volatility
2025-08-20 11:03:39 - TradeLogger - INFO - [TRADE] 2025-08-20T15:03:39.299547+00:00 | enter_short 2 AAPL @ 294.54 | SL:295.3857142857143 TP:293.2714285714286 TS:None | strat=MomentumStrategy regime=low_volatility
2025-08-20 11:03:39 - TradeLogger - INFO - [TRADE] 2025-08-20T15:03:39.398923+00:00 | enter_short 2 AAPL @ 294.55 | SL:295.4192857142857 TP:293.24607142857144 TS:None | strat=MomentumStrategy regime=low_volatility
2025-08-20 11:03:39 - TradeLogger - INFO - [TRADE] 2025-08-20T15:03:39.503697+00:00 | enter_short 2 AAPL @ 294.66 | SL:295.51928571428573 TP:293.37107142857144 TS:None | strat=MomentumStrategy regime=low_volatility
2025-08-20 11:03:39 - TradeLogger - INFO - [TRADE] 2025-08-20T15:03:39.716422+00:00 | enter_short 2 AAPL @ 294.97 | SL:295.7314285714286 TP:293.82785714285717 TS:None | strat=MomentumStrategy regime=low_volatility
2025-08-20 11:03:42 - TradeLogger - INFO - [TRADE] 2025-08-20T15:03:42.047373+00:00 | enter_short 1 AAPL @ 294.28 | SL:296.02642857142854 TP:291.95142857142855 TS:None | strat=MomentumStrategy regime=normal
2025-08-20 11:03:42 - TradeLogger - INFO - [TRADE] 2025-08-20T15:03:42.147618+00:00 | enter_short 1 AAPL @ 294.18 | SL:295.8514285714286 TP:291.95142857142855 TS:None | strat=MomentumStrategy regime=normal
2025-08-20 11:03:42 - TradeLogger - INFO - [TRADE] 2025-08-20T15:03:42.242116+00:00 | enter_short 1 AAPL @ 293.93 | SL:295.51250000000005 TP:291.82 TS:None | strat=MomentumStrategy regime=normal
2025-08-20 11:03:42 - TradeLogger - INFO - [TRADE] 2025-08-20T15:03:42.359918+00:00 | enter_short 2 AAPL @ 294.09 | SL:295.0128571428571 TP:292.70571428571424 TS:None | strat=MomentumStrategy regime=low_volatility
2025-08-20 11:03:47 - TradeLogger - INFO - [TRADE] 2025-08-20T15:03:47.521957+00:00 | enter_short 1 AAPL @ 302.33 | SL:304.1503571428571 TP:299.90285714285716 TS:None | strat=MomentumStrategy regime=normal
2025-08-20 11:03:47 - TradeLogger - INFO - [TRADE] 2025-08-20T15:03:47.629385+00:00 | enter_short 1 AAPL @ 302.11 | SL:303.9635714285714 TP:299.6385714285715 TS:None | strat=MomentumStrategy regime=normal
2025-08-20 11:03:47 - TradeLogger - INFO - [TRADE] 2025-08-20T15:03:47.733257+00:00 | enter_short 1 AAPL @ 302.09 | SL:303.97678571428565 TP:299.57428571428574 TS:None | strat=MomentumStrategy regime=normal
2025-08-20 11:03:47 - TradeLogger - INFO - [TRADE] 2025-08-20T15:03:47.841824+00:00 | enter_short 1 AAPL @ 302.06 | SL:303.8975 TP:299.61 TS:None | strat=MomentumStrategy regime=normal
2025-08-20 11:03:47 - TradeLogger - INFO - [TRADE] 2025-08-20T15:03:47.942710+00:00 | enter_short 1 AAPL @ 302.12 | SL:303.86642857142857 TP:299.7914285714286 TS:None | strat=MomentumStrategy regime=normal
2025-08-20 11:03:48 - TradeLogger - INFO - [TRADE] 2025-08-20T15:03:48.033226+00:00 | enter_short 1 AAPL @ 301.53 | SL:303.13499999999993 TP:299.39 TS:None | strat=MomentumStrategy regime=normal
2025-08-20 11:03:48 - TradeLogger - INFO - [TRADE] 2025-08-20T15:03:48.141347+00:00 | enter_short 1 AAPL @ 301.80 | SL:303.44357142857143 TP:299.60857142857145 TS:None | strat=MomentumStrategy regime=normal
2025-08-20 11:03:48 - TradeLogger - INFO - [TRADE] 2025-08-20T15:03:48.260187+00:00 | enter_short 2 AAPL @ 301.87 | SL:302.7892857142857 TP:300.49107142857144 TS:None | strat=MomentumStrategy regime=low_volatility
2025-08-20 11:03:48 - TradeLogger - INFO - [TRADE] 2025-08-20T15:03:48.336620+00:00 | enter_short 1 AAPL @ 301.57 | SL:303.12142857142857 TP:299.50142857142856 TS:None | strat=MomentumStrategy regime=normal
2025-08-20 11:03:48 - TradeLogger - INFO - [TRADE] 2025-08-20T15:03:48.426079+00:00 | enter_short 1 AAPL @ 301.09 | SL:302.7989285714285 TP:298.81142857142856 TS:None | strat=MomentumStrategy regime=normal
2025-08-20 11:03:48 - TradeLogger - INFO - [TRADE] 2025-08-20T15:03:48.526377+00:00 | enter_short 1 AAPL @ 301.18 | SL:302.89 TP:298.90000000000003 TS:None | strat=MomentumStrategy regime=normal
2025-08-20 11:03:48 - TradeLogger - INFO - [TRADE] 2025-08-20T15:03:48.729712+00:00 | enter_short 1 AAPL @ 300.98 | SL:302.87857142857143 TP:298.4485714285715 TS:None | strat=MomentumStrategy regime=normal
2025-08-20 11:03:48 - TradeLogger - INFO - [TRADE] 2025-08-20T15:03:48.830296+00:00 | enter_short 1 AAPL @ 300.92 | SL:302.7007142857143 TP:298.5457142857143 TS:None | strat=MomentumStrategy regime=normal
2025-08-20 11:03:48 - TradeLogger - INFO - [TRADE] 2025-08-20T15:03:48.929482+00:00 | enter_short 1 AAPL @ 300.70 | SL:302.4292857142857 TP:298.39428571428573 TS:None | strat=MomentumStrategy regime=normal
2025-08-20 11:03:49 - TradeLogger - INFO - [TRADE] 2025-08-20T15:03:49.837715+00:00 | enter_short 1 AAPL @ 301.71 | SL:303.57642857142855 TP:299.22142857142853 TS:None | strat=MomentumStrategy regime=normal
2025-08-20 11:03:49 - TradeLogger - INFO - [TRADE] 2025-08-20T15:03:49.938732+00:00 | enter_short 1 AAPL @ 301.91 | SL:303.6725 TP:299.56 TS:None | strat=MomentumStrategy regime=normal
2025-08-20 11:03:50 - TradeLogger - INFO - [TRADE] 2025-08-20T15:03:50.242804+00:00 | enter_short 1 AAPL @ 301.67 | SL:303.23 TP:299.59000000000003 TS:None | strat=MomentumStrategy regime=normal
2025-08-20 11:03:51 - TradeLogger - INFO - [TRADE] 2025-08-20T15:03:51.862125+00:00 | enter_short 1 AAPL @ 300.66 | SL:302.55428571428575 TP:298.13428571428574 TS:None | strat=MomentumStrategy regime=normal
2025-08-20 11:03:51 - TradeLogger - INFO - [TRADE] 2025-08-20T15:03:51.963293+00:00 | enter_short 1 AAPL @ 300.53 | SL:302.34499999999997 TP:298.10999999999996 TS:None | strat=MomentumStrategy regime=normal
2025-08-20 11:03:52 - TradeLogger - INFO - [TRADE] 2025-08-20T15:03:52.061756+00:00 | enter_short 1 AAPL @ 300.38 | SL:302.0160714285714 TP:298.1985714285714 TS:None | strat=MomentumStrategy regime=normal
2025-08-20 11:03:52 - TradeLogger - INFO - [TRADE] 2025-08-20T15:03:52.163964+00:00 | enter_short 1 AAPL @ 301.04 | SL:302.71035714285716 TP:298.8128571428572 TS:None | strat=MomentumStrategy regime=normal
2025-08-20 11:03:52 - TradeLogger - INFO - [TRADE] 2025-08-20T15:03:52.281162+00:00 | enter_short 1 AAPL @ 301.48 | SL:303.0785714285714 TP:299.34857142857146 TS:None | strat=MomentumStrategy regime=normal
2025-08-20 11:03:52 - TradeLogger - INFO - [TRADE] 2025-08-20T15:03:52.381012+00:00 | enter_short 1 AAPL @ 301.37 | SL:302.92357142857145 TP:299.29857142857145 TS:None | strat=MomentumStrategy regime=normal
2025-08-20 11:04:02 - TradeLogger - INFO - [TRADE] 2025-08-20T15:04:02.361279+00:00 | enter_short 1 AAPL @ 308.78 | SL:310.2853571428571 TP:306.7728571428571 TS:None | strat=MomentumStrategy regime=normal
2025-08-20 11:04:02 - TradeLogger - INFO - [TRADE] 2025-08-20T15:04:02.463940+00:00 | enter_short 1 AAPL @ 308.51 | SL:310.0571428571428 TP:306.44714285714286 TS:None | strat=MomentumStrategy regime=normal
2025-08-20 11:04:02 - TradeLogger - INFO - [TRADE] 2025-08-20T15:04:02.569390+00:00 | enter_short 1 AAPL @ 308.55 | SL:310.14 TP:306.43 TS:None | strat=MomentumStrategy regime=normal
2025-08-20 11:04:02 - TradeLogger - INFO - [TRADE] 2025-08-20T15:04:02.678287+00:00 | enter_short 1 AAPL @ 308.48 | SL:310.12678571428575 TP:306.2842857142857 TS:None | strat=MomentumStrategy regime=normal
2025-08-20 11:04:02 - TradeLogger - INFO - [TRADE] 2025-08-20T15:04:02.760974+00:00 | enter_short 1 AAPL @ 308.16 | SL:309.83785714285716 TP:305.9228571428572 TS:None | strat=MomentumStrategy regime=normal
2025-08-20 11:04:02 - TradeLogger - INFO - [TRADE] 2025-08-20T15:04:02.879905+00:00 | enter_short 1 AAPL @ 308.38 | SL:310.12107142857144 TP:306.05857142857144 TS:None | strat=MomentumStrategy regime=normal
2025-08-20 11:04:02 - TradeLogger - INFO - [TRADE] 2025-08-20T15:04:02.976498+00:00 | enter_short 1 AAPL @ 308.22 | SL:310.0039285714286 TP:305.8414285714286 TS:None | strat=MomentumStrategy regime=normal
2025-08-20 11:04:03 - TradeLogger - INFO - [TRADE] 2025-08-20T15:04:03.085921+00:00 | enter_short 1 AAPL @ 307.96 | SL:309.7685714285714 TP:305.5485714285714 TS:None | strat=MomentumStrategy regime=normal
2025-08-20 11:04:03 - TradeLogger - INFO - [TRADE] 2025-08-20T15:04:03.265057+00:00 | enter_short 1 AAPL @ 308.35 | SL:310.18964285714287 TP:305.8971428571429 TS:None | strat=MomentumStrategy regime=normal
2025-08-20 11:04:03 - TradeLogger - INFO - [TRADE] 2025-08-20T15:04:03.365993+00:00 | enter_short 1 AAPL @ 308.49 | SL:310.335 TP:306.03000000000003 TS:None | strat=MomentumStrategy regime=normal
2025-08-20 11:04:03 - TradeLogger - INFO - [TRADE] 2025-08-20T15:04:03.667800+00:00 | enter_short 1 AAPL @ 308.79 | SL:310.6360714285714 TP:306.3285714285714 TS:None | strat=MomentumStrategy regime=normal
2025-08-20 11:04:03 - TradeLogger - INFO - [TRADE] 2025-08-20T15:04:03.769307+00:00 | enter_short 1 AAPL @ 308.75 | SL:310.55107142857145 TP:306.3485714285714 TS:None | strat=MomentumStrategy regime=normal
2025-08-20 11:04:03 - TradeLogger - INFO - [TRADE] 2025-08-20T15:04:03.894562+00:00 | enter_short 1 AAPL @ 308.19 | SL:309.9932142857143 TP:305.7857142857143 TS:None | strat=MomentumStrategy regime=normal
2025-08-20 11:04:03 - TradeLogger - INFO - [TRADE] 2025-08-20T15:04:03.988767+00:00 | enter_short 1 AAPL @ 308.05 | SL:309.7921428571429 TP:305.72714285714284 TS:None | strat=MomentumStrategy regime=normal
2025-08-20 11:04:04 - TradeLogger - INFO - [TRADE] 2025-08-20T15:04:04.076552+00:00 | enter_short 1 AAPL @ 307.67 | SL:309.50750000000005 TP:305.21999999999997 TS:None | strat=MomentumStrategy regime=normal
2025-08-20 11:04:04 - TradeLogger - INFO - [TRADE] 2025-08-20T15:04:04.179178+00:00 | enter_short 1 AAPL @ 307.67 | SL:309.47535714285715 TP:305.2628571428571 TS:None | strat=MomentumStrategy regime=normal
2025-08-20 11:04:04 - TradeLogger - INFO - [TRADE] 2025-08-20T15:04:04.277358+00:00 | enter_short 1 AAPL @ 307.49 | SL:309.29428571428576 TP:305.0842857142857 TS:None | strat=MomentumStrategy regime=normal
2025-08-20 11:04:04 - TradeLogger - INFO - [TRADE] 2025-08-20T15:04:04.377902+00:00 | enter_short 1 AAPL @ 307.38 | SL:309.0814285714286 TP:305.1114285714285 TS:None | strat=MomentumStrategy regime=normal
2025-08-20 11:04:04 - TradeLogger - INFO - [TRADE] 2025-08-20T15:04:04.480210+00:00 | enter_short 1 AAPL @ 307.52 | SL:309.1775 TP:305.30999999999995 TS:None | strat=MomentumStrategy regime=normal
2025-08-20 11:04:04 - TradeLogger - INFO - [TRADE] 2025-08-20T15:04:04.581034+00:00 | enter_short 2 AAPL @ 307.64 | SL:308.57142857142856 TP:306.24285714285713 TS:None | strat=MomentumStrategy regime=low_volatility
2025-08-20 11:04:04 - TradeLogger - INFO - [TRADE] 2025-08-20T15:04:04.682588+00:00 | enter_short 1 AAPL @ 307.14 | SL:308.62928571428574 TP:305.15428571428566 TS:None | strat=MomentumStrategy regime=normal
2025-08-20 11:04:04 - TradeLogger - INFO - [TRADE] 2025-08-20T15:04:04.784424+00:00 | enter_short 2 AAPL @ 306.97 | SL:307.8707142857143 TP:305.61892857142857 TS:None | strat=MomentumStrategy regime=low_volatility
2025-08-20 11:04:04 - TradeLogger - INFO - [TRADE] 2025-08-20T15:04:04.885318+00:00 | enter_short 2 AAPL @ 307.50 | SL:308.4378571428572 TP:306.0932142857143 TS:None | strat=MomentumStrategy regime=low_volatility
2025-08-20 11:04:04 - TradeLogger - INFO - [TRADE] 2025-08-20T15:04:04.986294+00:00 | enter_short 1 AAPL @ 307.52 | SL:308.98357142857145 TP:305.5685714285714 TS:None | strat=MomentumStrategy regime=normal
2025-08-20 11:04:05 - TradeLogger - INFO - [TRADE] 2025-08-20T15:04:05.090971+00:00 | enter_short 1 AAPL @ 307.61 | SL:309.1078571428572 TP:305.61285714285714 TS:None | strat=MomentumStrategy regime=normal
2025-08-20 11:04:05 - TradeLogger - INFO - [TRADE] 2025-08-20T15:04:05.210581+00:00 | enter_short 1 AAPL @ 307.29 | SL:308.81357142857144 TP:305.25857142857143 TS:None | strat=MomentumStrategy regime=normal
2025-08-20 11:04:05 - TradeLogger - INFO - [TRADE] 2025-08-20T15:04:05.313664+00:00 | enter_short 1 AAPL @ 307.41 | SL:309.00000000000006 TP:305.29 TS:None | strat=MomentumStrategy regime=normal
2025-08-20 11:04:05 - TradeLogger - INFO - [TRADE] 2025-08-20T15:04:05.397205+00:00 | enter_short 1 AAPL @ 307.65 | SL:309.2207142857143 TP:305.55571428571426 TS:None | strat=MomentumStrategy regime=normal
2025-08-20 11:04:05 - TradeLogger - INFO - [TRADE] 2025-08-20T15:04:05.520928+00:00 | enter_short 1 AAPL @ 307.70 | SL:309.29214285714284 TP:305.57714285714286 TS:None | strat=MomentumStrategy regime=normal
2025-08-20 11:04:05 - TradeLogger - INFO - [TRADE] 2025-08-20T15:04:05.627299+00:00 | enter_short 1 AAPL @ 307.72 | SL:309.30142857142863 TP:305.6114285714286 TS:None | strat=MomentumStrategy regime=normal
2025-08-20 11:04:05 - TradeLogger - INFO - [TRADE] 2025-08-20T15:04:05.718268+00:00 | enter_short 1 AAPL @ 308.23 | SL:309.70750000000004 TP:306.26 TS:None | strat=MomentumStrategy regime=normal
2025-08-20 11:04:05 - TradeLogger - INFO - [TRADE] 2025-08-20T15:04:05.805758+00:00 | enter_short 1 AAPL @ 308.12 | SL:309.72714285714284 TP:305.97714285714284 TS:None | strat=MomentumStrategy regime=normal
2025-08-20 11:04:05 - TradeLogger - INFO - [TRADE] 2025-08-20T15:04:05.907426+00:00 | enter_short 1 AAPL @ 307.93 | SL:309.5607142857143 TP:305.7557142857143 TS:None | strat=MomentumStrategy regime=normal
2025-08-20 11:04:06 - TradeLogger - INFO - [TRADE] 2025-08-20T15:04:06.008166+00:00 | enter_short 1 AAPL @ 307.63 | SL:309.4267857142857 TP:305.2342857142857 TS:None | strat=MomentumStrategy regime=normal
2025-08-20 11:04:06 - TradeLogger - INFO - [TRADE] 2025-08-20T15:04:06.110006+00:00 | enter_short 1 AAPL @ 307.36 | SL:309.1257142857143 TP:305.0057142857143 TS:None | strat=MomentumStrategy regime=normal
2025-08-20 11:04:06 - TradeLogger - INFO - [TRADE] 2025-08-20T15:04:06.418775+00:00 | enter_long 154 MSFT @ 297.28 | SL:294.0428571428571 TP:302.1357142857143 TS:None | strat=MomentumStrategy regime=high_volatility
2025-08-20 11:04:07 - TradeLogger - INFO - [TRADE] 2025-08-20T15:04:07.429506+00:00 | enter_short 1 MSFT @ 297.04 | SL:298.915 TP:294.54 TS:None | strat=MomentumStrategy regime=normal
2025-08-20 11:04:07 - TradeLogger - INFO - [TRADE] 2025-08-20T15:04:07.726141+00:00 | enter_short 2 AAPL @ 307.97 | SL:308.8285714285715 TP:306.6821428571429 TS:None | strat=MomentumStrategy regime=low_volatility
2025-08-20 11:04:07 - TradeLogger - INFO - [TRADE] 2025-08-20T15:04:07.731699+00:00 | enter_short 1 MSFT @ 297.38 | SL:299.0621428571429 TP:295.13714285714286 TS:None | strat=MomentumStrategy regime=normal
2025-08-20 11:04:07 - TradeLogger - INFO - [TRADE] 2025-08-20T15:04:07.832430+00:00 | enter_short 1 MSFT @ 297.36 | SL:299.01750000000004 TP:295.15 TS:None | strat=MomentumStrategy regime=normal
2025-08-20 11:04:07 - TradeLogger - INFO - [TRADE] 2025-08-20T15:04:07.933138+00:00 | enter_short 1 MSFT @ 297.36 | SL:298.88464285714286 TP:295.32714285714286 TS:None | strat=MomentumStrategy regime=normal
2025-08-20 11:04:08 - TradeLogger - INFO - [TRADE] 2025-08-20T15:04:08.033916+00:00 | enter_short 2 MSFT @ 297.16 | SL:298.1564285714286 TP:295.66535714285715 TS:None | strat=MomentumStrategy regime=low_volatility
2025-08-20 11:04:08 - TradeLogger - INFO - [TRADE] 2025-08-20T15:04:08.134593+00:00 | enter_short 2 MSFT @ 297.36 | SL:298.33714285714285 TP:295.89428571428573 TS:None | strat=MomentumStrategy regime=low_volatility
2025-08-20 11:04:08 - TradeLogger - INFO - [TRADE] 2025-08-20T15:04:08.235318+00:00 | enter_short 1 MSFT @ 297.44 | SL:299.1092857142857 TP:295.2142857142857 TS:None | strat=MomentumStrategy regime=normal
2025-08-20 11:04:08 - TradeLogger - INFO - [TRADE] 2025-08-20T15:04:08.336173+00:00 | enter_short 1 MSFT @ 296.95 | SL:298.62142857142857 TP:294.72142857142853 TS:None | strat=MomentumStrategy regime=normal
2025-08-20 11:04:08 - TradeLogger - INFO - [TRADE] 2025-08-20T15:04:08.437223+00:00 | enter_short 1 MSFT @ 297.12 | SL:299.0175 TP:294.59000000000003 TS:None | strat=MomentumStrategy regime=normal
2025-08-20 11:04:08 - TradeLogger - INFO - [TRADE] 2025-08-20T15:04:08.870572+00:00 | enter_short 1 MSFT @ 296.56 | SL:298.4864285714286 TP:293.99142857142857 TS:None | strat=MomentumStrategy regime=normal
2025-08-20 11:04:09 - TradeLogger - INFO - [TRADE] 2025-08-20T15:04:09.244843+00:00 | enter_short 1 MSFT @ 295.82 | SL:297.7110714285714 TP:293.29857142857145 TS:None | strat=MomentumStrategy regime=normal
2025-08-20 11:04:09 - TradeLogger - INFO - [TRADE] 2025-08-20T15:04:09.650593+00:00 | enter_short 1 MSFT @ 296.17 | SL:297.98285714285714 TP:293.7528571428572 TS:None | strat=MomentumStrategy regime=normal
2025-08-20 11:04:09 - TradeLogger - INFO - [TRADE] 2025-08-20T15:04:09.754135+00:00 | enter_short 1 MSFT @ 296.37 | SL:298.11857142857144 TP:294.0385714285714 TS:None | strat=MomentumStrategy regime=normal
2025-08-20 11:04:09 - TradeLogger - INFO - [TRADE] 2025-08-20T15:04:09.854234+00:00 | enter_short 1 MSFT @ 296.61 | SL:298.3157142857143 TP:294.3357142857143 TS:None | strat=MomentumStrategy regime=normal
2025-08-20 11:04:09 - TradeLogger - INFO - [TRADE] 2025-08-20T15:04:09.954992+00:00 | enter_short 1 MSFT @ 296.55 | SL:298.2064285714286 TP:294.3414285714286 TS:None | strat=MomentumStrategy regime=normal
2025-08-20 11:04:10 - TradeLogger - INFO - [TRADE] 2025-08-20T15:04:10.056033+00:00 | enter_short 1 MSFT @ 296.80 | SL:298.55928571428575 TP:294.45428571428573 TS:None | strat=MomentumStrategy regime=normal
2025-08-20 11:04:10 - TradeLogger - INFO - [TRADE] 2025-08-20T15:04:10.157283+00:00 | enter_short 1 MSFT @ 296.46 | SL:298.17214285714283 TP:294.1771428571428 TS:None | strat=MomentumStrategy regime=normal
2025-08-20 11:04:10 - TradeLogger - INFO - [TRADE] 2025-08-20T15:04:10.259455+00:00 | enter_short 1 MSFT @ 296.45 | SL:298.13 TP:294.21 TS:None | strat=MomentumStrategy regime=normal
2025-08-20 11:04:10 - TradeLogger - INFO - [TRADE] 2025-08-20T15:04:10.356376+00:00 | enter_short 1 MSFT @ 295.99 | SL:297.52214285714285 TP:293.94714285714286 TS:None | strat=MomentumStrategy regime=normal
2025-08-20 11:04:10 - TradeLogger - INFO - [TRADE] 2025-08-20T15:04:10.459342+00:00 | enter_short 1 MSFT @ 295.66 | SL:297.2082142857143 TP:293.59571428571434 TS:None | strat=MomentumStrategy regime=normal
2025-08-20 11:04:10 - TradeLogger - INFO - [TRADE] 2025-08-20T15:04:10.558545+00:00 | enter_short 1 MSFT @ 295.70 | SL:297.3017857142857 TP:293.5642857142857 TS:None | strat=MomentumStrategy regime=normal
2025-08-20 11:04:10 - TradeLogger - INFO - [TRADE] 2025-08-20T15:04:10.659678+00:00 | enter_short 1 MSFT @ 295.67 | SL:297.2846428571429 TP:293.51714285714286 TS:None | strat=MomentumStrategy regime=normal
2025-08-20 11:04:10 - TradeLogger - INFO - [TRADE] 2025-08-20T15:04:10.762390+00:00 | enter_short 2 MSFT @ 295.73 | SL:296.70500000000004 TP:294.26750000000004 TS:None | strat=MomentumStrategy regime=low_volatility
2025-08-20 11:04:10 - TradeLogger - INFO - [TRADE] 2025-08-20T15:04:10.865577+00:00 | enter_short 2 MSFT @ 295.54 | SL:296.5257142857143 TP:294.06142857142856 TS:None | strat=MomentumStrategy regime=low_volatility
2025-08-20 11:04:10 - TradeLogger - INFO - [TRADE] 2025-08-20T15:04:10.994252+00:00 | enter_short 2 MSFT @ 295.76 | SL:296.6957142857143 TP:294.3564285714286 TS:None | strat=MomentumStrategy regime=low_volatility
2025-08-20 11:04:11 - TradeLogger - INFO - [TRADE] 2025-08-20T15:04:11.103628+00:00 | enter_short 2 MSFT @ 296.11 | SL:297.1007142857143 TP:294.62392857142856 TS:None | strat=MomentumStrategy regime=low_volatility
2025-08-20 11:04:11 - TradeLogger - INFO - [TRADE] 2025-08-20T15:04:11.204472+00:00 | enter_short 1 MSFT @ 295.88 | SL:297.47749999999996 TP:293.75 TS:None | strat=MomentumStrategy regime=normal
2025-08-20 11:04:11 - TradeLogger - INFO - [TRADE] 2025-08-20T15:04:11.433884+00:00 | enter_short 2 MSFT @ 296.09 | SL:297.0492857142857 TP:294.6510714285714 TS:None | strat=MomentumStrategy regime=low_volatility
2025-08-20 11:04:11 - TradeLogger - INFO - [TRADE] 2025-08-20T15:04:11.539940+00:00 | enter_short 2 MSFT @ 295.87 | SL:296.765 TP:294.52750000000003 TS:None | strat=MomentumStrategy regime=low_volatility
2025-08-20 11:04:11 - TradeLogger - INFO - [TRADE] 2025-08-20T15:04:11.609965+00:00 | enter_short 1 AAPL @ 309.41 | SL:311.42107142857145 TP:306.72857142857146 TS:None | strat=MomentumStrategy regime=normal
2025-08-20 11:04:11 - TradeLogger - INFO - [TRADE] 2025-08-20T15:04:11.628588+00:00 | enter_short 2 MSFT @ 295.88 | SL:296.7628571428571 TP:294.5557142857143 TS:None | strat=MomentumStrategy regime=low_volatility
2025-08-20 11:04:11 - TradeLogger - INFO - [TRADE] 2025-08-20T15:04:11.685238+00:00 | enter_short 1 AAPL @ 309.23 | SL:310.94 TP:306.95 TS:None | strat=MomentumStrategy regime=normal
2025-08-20 11:04:11 - TradeLogger - INFO - [TRADE] 2025-08-20T15:04:11.694756+00:00 | enter_short 2 MSFT @ 296.03 | SL:296.9885714285714 TP:294.59214285714285 TS:None | strat=MomentumStrategy regime=low_volatility
2025-08-20 11:04:11 - TradeLogger - INFO - [TRADE] 2025-08-20T15:04:11.785781+00:00 | enter_short 1 AAPL @ 309.36 | SL:311.2532142857143 TP:306.8357142857143 TS:None | strat=MomentumStrategy regime=normal
2025-08-20 11:04:11 - TradeLogger - INFO - [TRADE] 2025-08-20T15:04:11.795202+00:00 | enter_short 1 MSFT @ 295.81 | SL:297.36892857142857 TP:293.7314285714286 TS:None | strat=MomentumStrategy regime=normal
2025-08-20 11:04:11 - TradeLogger - INFO - [TRADE] 2025-08-20T15:04:11.887645+00:00 | enter_short 1 AAPL @ 309.61 | SL:311.39178571428573 TP:307.2342857142857 TS:None | strat=MomentumStrategy regime=normal
2025-08-20 11:04:11 - TradeLogger - INFO - [TRADE] 2025-08-20T15:04:11.896444+00:00 | enter_short 1 MSFT @ 295.46 | SL:297.0360714285714 TP:293.3585714285714 TS:None | strat=MomentumStrategy regime=normal
2025-08-20 11:04:11 - TradeLogger - INFO - [TRADE] 2025-08-20T15:04:11.989197+00:00 | enter_short 1 AAPL @ 309.69 | SL:311.3432142857143 TP:307.48571428571427 TS:None | strat=MomentumStrategy regime=normal
2025-08-20 11:04:11 - TradeLogger - INFO - [TRADE] 2025-08-20T15:04:11.998082+00:00 | enter_short 2 MSFT @ 295.49 | SL:296.4592857142857 TP:294.03607142857146 TS:None | strat=MomentumStrategy regime=low_volatility
2025-08-20 11:04:12 - TradeLogger - INFO - [TRADE] 2025-08-20T15:04:12.089441+00:00 | enter_short 1 AAPL @ 309.21 | SL:311.09999999999997 TP:306.69 TS:None | strat=MomentumStrategy regime=normal
2025-08-20 11:04:12 - TradeLogger - INFO - [TRADE] 2025-08-20T15:04:12.097893+00:00 | enter_short 2 MSFT @ 295.70 | SL:296.6271428571428 TP:294.3092857142857 TS:None | strat=MomentumStrategy regime=low_volatility
2025-08-20 11:04:12 - TradeLogger - INFO - [TRADE] 2025-08-20T15:04:12.190858+00:00 | enter_short 1 AAPL @ 309.54 | SL:311.42892857142857 TP:307.0214285714286 TS:None | strat=MomentumStrategy regime=normal
2025-08-20 11:04:12 - TradeLogger - INFO - [TRADE] 2025-08-20T15:04:12.199918+00:00 | enter_short 2 MSFT @ 295.86 | SL:296.83 TP:294.40500000000003 TS:None | strat=MomentumStrategy regime=low_volatility
2025-08-20 11:04:12 - TradeLogger - INFO - [TRADE] 2025-08-20T15:04:12.291628+00:00 | enter_short 1 AAPL @ 309.32 | SL:311.3 TP:306.68 TS:None | strat=MomentumStrategy regime=normal
2025-08-20 11:04:12 - TradeLogger - INFO - [TRADE] 2025-08-20T15:04:12.300136+00:00 | enter_short 1 MSFT @ 295.61 | SL:297.2342857142857 TP:293.44428571428574 TS:None | strat=MomentumStrategy regime=normal
2025-08-20 11:04:12 - TradeLogger - INFO - [TRADE] 2025-08-20T15:04:12.393236+00:00 | enter_short 1 AAPL @ 309.37 | SL:311.2685714285714 TP:306.8385714285714 TS:None | strat=MomentumStrategy regime=normal
2025-08-20 11:04:12 - TradeLogger - INFO - [TRADE] 2025-08-20T15:04:12.401578+00:00 | enter_short 1 MSFT @ 295.73 | SL:297.37678571428575 TP:293.5342857142858 TS:None | strat=MomentumStrategy regime=normal
2025-08-20 11:04:12 - TradeLogger - INFO - [TRADE] 2025-08-20T15:04:12.494063+00:00 | enter_short 1 AAPL @ 308.96 | SL:310.9732142857143 TP:306.27571428571423 TS:None | strat=MomentumStrategy regime=normal
2025-08-20 11:04:12 - TradeLogger - INFO - [TRADE] 2025-08-20T15:04:12.501119+00:00 | enter_short 1 MSFT @ 295.58 | SL:297.17749999999995 TP:293.45 TS:None | strat=MomentumStrategy regime=normal
2025-08-20 11:04:12 - TradeLogger - INFO - [TRADE] 2025-08-20T15:04:12.622209+00:00 | enter_short 1 AAPL @ 308.59 | SL:310.5925 TP:305.91999999999996 TS:None | strat=MomentumStrategy regime=normal
2025-08-20 11:04:12 - TradeLogger - INFO - [TRADE] 2025-08-20T15:04:12.662250+00:00 | enter_short 1 MSFT @ 295.62 | SL:297.29464285714283 TP:293.38714285714286 TS:None | strat=MomentumStrategy regime=normal
2025-08-20 11:04:12 - TradeLogger - INFO - [TRADE] 2025-08-20T15:04:12.725736+00:00 | enter_short 1 AAPL @ 308.42 | SL:310.3807142857143 TP:305.8057142857143 TS:None | strat=MomentumStrategy regime=normal
2025-08-20 11:04:12 - TradeLogger - INFO - [TRADE] 2025-08-20T15:04:12.761815+00:00 | enter_short 1 MSFT @ 295.55 | SL:297.26 TP:293.27000000000004 TS:None | strat=MomentumStrategy regime=normal
2025-08-20 11:04:12 - TradeLogger - INFO - [TRADE] 2025-08-20T15:04:12.825252+00:00 | enter_short 1 AAPL @ 308.39 | SL:310.22214285714284 TP:305.94714285714286 TS:None | strat=MomentumStrategy regime=normal
2025-08-20 11:04:12 - TradeLogger - INFO - [TRADE] 2025-08-20T15:04:12.837824+00:00 | enter_short 1 MSFT @ 295.65 | SL:297.25071428571425 TP:293.5157142857143 TS:None | strat=MomentumStrategy regime=normal
2025-08-20 11:04:12 - TradeLogger - INFO - [TRADE] 2025-08-20T15:04:12.900279+00:00 | enter_short 1 AAPL @ 308.51 | SL:310.23607142857145 TP:306.2085714285714 TS:None | strat=MomentumStrategy regime=normal
2025-08-20 11:04:12 - TradeLogger - INFO - [TRADE] 2025-08-20T15:04:12.998733+00:00 | enter_short 1 AAPL @ 308.37 | SL:310.0467857142857 TP:306.13428571428574 TS:None | strat=MomentumStrategy regime=normal
2025-08-20 11:04:13 - TradeLogger - INFO - [TRADE] 2025-08-20T15:04:13.101561+00:00 | enter_short 1 AAPL @ 308.18 | SL:309.8482142857143 TP:305.9557142857143 TS:None | strat=MomentumStrategy regime=normal
2025-08-20 11:04:13 - TradeLogger - INFO - [TRADE] 2025-08-20T15:04:13.203140+00:00 | enter_short 1 AAPL @ 308.36 | SL:310.1460714285714 TP:305.97857142857146 TS:None | strat=MomentumStrategy regime=normal
2025-08-20 11:04:13 - TradeLogger - INFO - [TRADE] 2025-08-20T15:04:13.212183+00:00 | enter_short 1 MSFT @ 295.88 | SL:297.71214285714285 TP:293.4371428571429 TS:None | strat=MomentumStrategy regime=normal
2025-08-20 11:04:13 - TradeLogger - INFO - [TRADE] 2025-08-20T15:04:13.303825+00:00 | enter_short 1 AAPL @ 308.55 | SL:310.50857142857143 TP:305.93857142857144 TS:None | strat=MomentumStrategy regime=normal
2025-08-20 11:04:13 - TradeLogger - INFO - [TRADE] 2025-08-20T15:04:13.404991+00:00 | enter_short 1 AAPL @ 308.68 | SL:310.615 TP:306.1 TS:None | strat=MomentumStrategy regime=normal
2025-08-20 11:04:13 - TradeLogger - INFO - [TRADE] 2025-08-20T15:04:13.524425+00:00 | enter_short 1 AAPL @ 308.90 | SL:310.62392857142856 TP:306.6014285714285 TS:None | strat=MomentumStrategy regime=normal
2025-08-20 11:04:13 - TradeLogger - INFO - [TRADE] 2025-08-20T15:04:13.609959+00:00 | enter_short 1 AAPL @ 309.22 | SL:311.0789285714286 TP:306.74142857142857 TS:None | strat=MomentumStrategy regime=normal
2025-08-20 11:04:13 - TradeLogger - INFO - [TRADE] 2025-08-20T15:04:13.928634+00:00 | enter_short 1 AAPL @ 309.60 | SL:311.35928571428576 TP:307.25428571428574 TS:None | strat=MomentumStrategy regime=normal
2025-08-20 11:04:14 - TradeLogger - INFO - [TRADE] 2025-08-20T15:04:14.030390+00:00 | enter_short 1 AAPL @ 309.42 | SL:311.28535714285715 TP:306.93285714285713 TS:None | strat=MomentumStrategy regime=normal
2025-08-20 11:04:14 - TradeLogger - INFO - [TRADE] 2025-08-20T15:04:14.055133+00:00 | enter_short 1 MSFT @ 294.57 | SL:296.43 TP:292.09 TS:None | strat=MomentumStrategy regime=normal
2025-08-20 11:04:14 - TradeLogger - INFO - [TRADE] 2025-08-20T15:04:14.625075+00:00 | enter_short 1 MSFT @ 294.85 | SL:296.5289285714286 TP:292.6114285714286 TS:None | strat=MomentumStrategy regime=normal
2025-08-20 11:04:14 - TradeLogger - INFO - [TRADE] 2025-08-20T15:04:14.725757+00:00 | enter_short 1 MSFT @ 294.96 | SL:296.7492857142857 TP:292.5742857142857 TS:None | strat=MomentumStrategy regime=normal
2025-08-20 11:04:14 - TradeLogger - INFO - [TRADE] 2025-08-20T15:04:14.826533+00:00 | enter_short 1 MSFT @ 294.84 | SL:296.50071428571425 TP:292.62571428571425 TS:None | strat=MomentumStrategy regime=normal
2025-08-20 11:04:14 - TradeLogger - INFO - [TRADE] 2025-08-20T15:04:14.927650+00:00 | enter_short 1 MSFT @ 294.73 | SL:296.53107142857147 TP:292.3285714285715 TS:None | strat=MomentumStrategy regime=normal
2025-08-20 11:04:15 - TradeLogger - INFO - [TRADE] 2025-08-20T15:04:15.031107+00:00 | enter_short 1 MSFT @ 294.96 | SL:296.5960714285714 TP:292.7785714285714 TS:None | strat=MomentumStrategy regime=normal
2025-08-20 11:04:15 - TradeLogger - INFO - [TRADE] 2025-08-20T15:04:15.131917+00:00 | enter_short 1 MSFT @ 294.71 | SL:296.33107142857136 TP:292.54857142857145 TS:None | strat=MomentumStrategy regime=normal
2025-08-20 11:04:15 - TradeLogger - INFO - [TRADE] 2025-08-20T15:04:15.236265+00:00 | enter_short 2 MSFT @ 294.72 | SL:295.69357142857143 TP:293.2596428571429 TS:None | strat=MomentumStrategy regime=low_volatility
2025-08-20 11:04:15 - TradeLogger - INFO - [TRADE] 2025-08-20T15:04:15.335841+00:00 | enter_short 1 MSFT @ 294.61 | SL:296.1475 TP:292.56000000000006 TS:None | strat=MomentumStrategy regime=normal
2025-08-20 11:04:15 - TradeLogger - INFO - [TRADE] 2025-08-20T15:04:15.434570+00:00 | enter_short 1 MSFT @ 294.43 | SL:296.0317857142857 TP:292.29428571428576 TS:None | strat=MomentumStrategy regime=normal
2025-08-20 11:04:15 - TradeLogger - INFO - [TRADE] 2025-08-20T15:04:15.539413+00:00 | enter_short 2 MSFT @ 294.65 | SL:295.65 TP:293.15 TS:None | strat=MomentumStrategy regime=low_volatility
2025-08-20 11:04:15 - TradeLogger - INFO - [TRADE] 2025-08-20T15:04:15.634721+00:00 | enter_short 1 MSFT @ 294.89 | SL:296.4917857142857 TP:292.75428571428574 TS:None | strat=MomentumStrategy regime=normal
2025-08-20 11:04:15 - TradeLogger - INFO - [TRADE] 2025-08-20T15:04:15.735860+00:00 | enter_short 1 MSFT @ 295.21 | SL:296.8428571428571 TP:293.03285714285715 TS:None | strat=MomentumStrategy regime=normal
2025-08-20 11:04:15 - TradeLogger - INFO - [TRADE] 2025-08-20T15:04:15.943910+00:00 | enter_short 1 MSFT @ 294.62 | SL:296.36107142857145 TP:292.29857142857145 TS:None | strat=MomentumStrategy regime=normal
2025-08-20 11:04:16 - TradeLogger - INFO - [TRADE] 2025-08-20T15:04:16.041182+00:00 | enter_short 1 MSFT @ 294.40 | SL:296.215 TP:291.98 TS:None | strat=MomentumStrategy regime=normal
2025-08-20 11:04:16 - TradeLogger - INFO - [TRADE] 2025-08-20T15:04:16.143524+00:00 | enter_short 1 MSFT @ 293.96 | SL:295.8478571428571 TP:291.4428571428571 TS:None | strat=MomentumStrategy regime=normal
2025-08-20 11:04:16 - TradeLogger - INFO - [TRADE] 2025-08-20T15:04:16.238870+00:00 | enter_short 1 AAPL @ 309.71 | SL:311.6760714285714 TP:307.0885714285714 TS:None | strat=MomentumStrategy regime=normal
2025-08-20 11:04:16 - TradeLogger - INFO - [TRADE] 2025-08-20T15:04:16.339949+00:00 | enter_short 1 AAPL @ 309.61 | SL:311.49678571428575 TP:307.0942857142857 TS:None | strat=MomentumStrategy regime=normal
2025-08-20 11:04:16 - TradeLogger - INFO - [TRADE] 2025-08-20T15:04:16.438477+00:00 | enter_short 1 AAPL @ 309.54 | SL:311.41607142857146 TP:307.03857142857146 TS:None | strat=MomentumStrategy regime=normal
2025-08-20 11:04:16 - TradeLogger - INFO - [TRADE] 2025-08-20T15:04:16.540754+00:00 | enter_short 1 AAPL @ 309.12 | SL:311.0410714285714 TP:306.55857142857144 TS:None | strat=MomentumStrategy regime=normal
2025-08-20 11:04:16 - TradeLogger - INFO - [TRADE] 2025-08-20T15:04:16.647857+00:00 | enter_short 1 MSFT @ 293.82 | SL:295.70142857142855 TP:291.31142857142856 TS:None | strat=MomentumStrategy regime=normal
2025-08-20 11:04:16 - TradeLogger - INFO - [TRADE] 2025-08-20T15:04:16.749469+00:00 | enter_short 1 MSFT @ 294.11 | SL:295.93142857142857 TP:291.68142857142857 TS:None | strat=MomentumStrategy regime=normal
2025-08-20 11:04:16 - TradeLogger - INFO - [TRADE] 2025-08-20T15:04:16.845971+00:00 | enter_short 1 MSFT @ 293.86 | SL:295.6439285714286 TP:291.4814285714286 TS:None | strat=MomentumStrategy regime=normal
2025-08-20 11:04:17 - TradeLogger - INFO - [TRADE] 2025-08-20T15:04:17.041758+00:00 | enter_short 1 AAPL @ 308.87 | SL:310.76428571428573 TP:306.3442857142857 TS:None | strat=MomentumStrategy regime=normal
2025-08-20 11:04:17 - TradeLogger - INFO - [TRADE] 2025-08-20T15:04:17.047297+00:00 | enter_short 1 MSFT @ 293.75 | SL:295.5725 TP:291.32 TS:None | strat=MomentumStrategy regime=normal
2025-08-20 11:04:17 - TradeLogger - INFO - [TRADE] 2025-08-20T15:04:17.146910+00:00 | enter_short 1 AAPL @ 308.12 | SL:310.06035714285713 TP:305.53285714285715 TS:None | strat=MomentumStrategy regime=normal
2025-08-20 11:04:17 - TradeLogger - INFO - [TRADE] 2025-08-20T15:04:17.154891+00:00 | enter_short 1 MSFT @ 293.33 | SL:295.08178571428573 TP:290.9942857142857 TS:None | strat=MomentumStrategy regime=normal
2025-08-20 11:04:17 - TradeLogger - INFO - [TRADE] 2025-08-20T15:04:17.246447+00:00 | enter_short 1 AAPL @ 308.58 | SL:310.5385714285714 TP:305.9685714285714 TS:None | strat=MomentumStrategy regime=normal
2025-08-20 11:04:17 - TradeLogger - INFO - [TRADE] 2025-08-20T15:04:17.253268+00:00 | enter_short 1 MSFT @ 293.35 | SL:295.1628571428572 TP:290.93285714285713 TS:None | strat=MomentumStrategy regime=normal
2025-08-20 11:04:17 - TradeLogger - INFO - [TRADE] 2025-08-20T15:04:17.348825+00:00 | enter_short 1 AAPL @ 308.37 | SL:310.3275 TP:305.76 TS:None | strat=MomentumStrategy regime=normal
2025-08-20 11:04:17 - TradeLogger - INFO - [TRADE] 2025-08-20T15:04:17.358086+00:00 | enter_short 1 MSFT @ 293.27 | SL:295.0496428571428 TP:290.89714285714285 TS:None | strat=MomentumStrategy regime=normal
2025-08-20 11:04:17 - TradeLogger - INFO - [TRADE] 2025-08-20T15:04:17.449673+00:00 | enter_short 1 AAPL @ 308.73 | SL:310.6575 TP:306.16 TS:None | strat=MomentumStrategy regime=normal
2025-08-20 11:04:17 - TradeLogger - INFO - [TRADE] 2025-08-20T15:04:17.458969+00:00 | enter_short 1 MSFT @ 293.37 | SL:295.1132142857143 TP:291.04571428571427 TS:None | strat=MomentumStrategy regime=normal
2025-08-20 11:04:17 - TradeLogger - INFO - [TRADE] 2025-08-20T15:04:17.548146+00:00 | enter_short 1 AAPL @ 308.55 | SL:310.4635714285714 TP:305.99857142857144 TS:None | strat=MomentumStrategy regime=normal
2025-08-20 11:04:17 - TradeLogger - INFO - [TRADE] 2025-08-20T15:04:17.555842+00:00 | enter_short 1 MSFT @ 293.60 | SL:295.25964285714286 TP:291.38714285714286 TS:None | strat=MomentumStrategy regime=normal
2025-08-20 11:04:17 - TradeLogger - INFO - [TRADE] 2025-08-20T15:04:17.658247+00:00 | enter_short 2 MSFT @ 293.90 | SL:294.905 TP:292.3925 TS:None | strat=MomentumStrategy regime=low_volatility
2025-08-20 11:04:17 - TradeLogger - INFO - [TRADE] 2025-08-20T15:04:17.754466+00:00 | enter_short 2 MSFT @ 294.21 | SL:295.2085714285714 TP:292.71214285714285 TS:None | strat=MomentumStrategy regime=low_volatility
2025-08-20 11:04:17 - TradeLogger - INFO - [TRADE] 2025-08-20T15:04:17.857499+00:00 | enter_short 1 MSFT @ 294.22 | SL:295.7746428571429 TP:292.14714285714285 TS:None | strat=MomentumStrategy regime=normal
2025-08-20 11:04:17 - TradeLogger - INFO - [TRADE] 2025-08-20T15:04:17.996169+00:00 | enter_short 1 MSFT @ 294.36 | SL:295.8910714285714 TP:292.31857142857143 TS:None | strat=MomentumStrategy regime=normal
2025-08-20 11:04:18 - TradeLogger - INFO - [TRADE] 2025-08-20T15:04:18.056350+00:00 | enter_short 1 AAPL @ 308.99 | SL:310.93357142857144 TP:306.3985714285714 TS:None | strat=MomentumStrategy regime=normal
2025-08-20 11:04:18 - TradeLogger - INFO - [TRADE] 2025-08-20T15:04:18.065555+00:00 | enter_short 1 MSFT @ 294.22 | SL:295.8603571428572 TP:292.03285714285715 TS:None | strat=MomentumStrategy regime=normal
2025-08-20 11:04:18 - TradeLogger - INFO - [TRADE] 2025-08-20T15:04:18.156012+00:00 | enter_short 1 AAPL @ 308.85 | SL:310.82785714285717 TP:306.21285714285716 TS:None | strat=MomentumStrategy regime=normal
2025-08-20 11:04:18 - TradeLogger - INFO - [TRADE] 2025-08-20T15:04:18.668151+00:00 | enter_short 2 MSFT @ 293.58 | SL:294.5435714285714 TP:292.13464285714286 TS:None | strat=MomentumStrategy regime=low_volatility
2025-08-20 11:04:18 - TradeLogger - INFO - [TRADE] 2025-08-20T15:04:18.760778+00:00 | enter_short 1 AAPL @ 308.56 | SL:310.5335714285714 TP:305.92857142857144 TS:None | strat=MomentumStrategy regime=normal
2025-08-20 11:04:18 - TradeLogger - INFO - [TRADE] 2025-08-20T15:04:18.767149+00:00 | enter_short 2 MSFT @ 293.58 | SL:294.445 TP:292.28249999999997 TS:None | strat=MomentumStrategy regime=low_volatility
2025-08-20 11:04:18 - TradeLogger - INFO - [TRADE] 2025-08-20T15:04:18.862671+00:00 | enter_short 1 AAPL @ 308.51 | SL:310.38071428571425 TP:306.0157142857143 TS:None | strat=MomentumStrategy regime=normal
2025-08-20 11:04:18 - TradeLogger - INFO - [TRADE] 2025-08-20T15:04:18.868560+00:00 | enter_short 2 MSFT @ 293.20 | SL:294.0942857142857 TP:291.8585714285714 TS:None | strat=MomentumStrategy regime=low_volatility
2025-08-20 11:04:18 - TradeLogger - INFO - [TRADE] 2025-08-20T15:04:18.963472+00:00 | enter_short 1 AAPL @ 308.91 | SL:310.8825 TP:306.28000000000003 TS:None | strat=MomentumStrategy regime=normal
2025-08-20 11:04:18 - TradeLogger - INFO - [TRADE] 2025-08-20T15:04:18.969821+00:00 | enter_short 2 MSFT @ 292.83 | SL:293.7078571428571 TP:291.5132142857143 TS:None | strat=MomentumStrategy regime=low_volatility
2025-08-20 11:04:19 - TradeLogger - INFO - [TRADE] 2025-08-20T15:04:19.070142+00:00 | enter_short 2 MSFT @ 292.75 | SL:293.67 TP:291.37 TS:None | strat=MomentumStrategy regime=low_volatility
2025-08-20 11:04:19 - TradeLogger - INFO - [TRADE] 2025-08-20T15:04:19.171414+00:00 | enter_short 2 MSFT @ 292.33 | SL:293.3428571428571 TP:290.81071428571425 TS:None | strat=MomentumStrategy regime=low_volatility
2025-08-20 11:04:19 - TradeLogger - INFO - [TRADE] 2025-08-20T15:04:19.275636+00:00 | enter_short 1 MSFT @ 291.88 | SL:293.4764285714286 TP:289.75142857142856 TS:None | strat=MomentumStrategy regime=normal
2025-08-20 11:04:19 - TradeLogger - INFO - [TRADE] 2025-08-20T15:04:19.375316+00:00 | enter_short 1 MSFT @ 292.14 | SL:293.9003571428571 TP:289.79285714285714 TS:None | strat=MomentumStrategy regime=normal
2025-08-20 11:04:19 - TradeLogger - INFO - [TRADE] 2025-08-20T15:04:19.477303+00:00 | enter_short 1 MSFT @ 291.95 | SL:293.65142857142854 TP:289.68142857142857 TS:None | strat=MomentumStrategy regime=normal
2025-08-20 11:04:19 - TradeLogger - INFO - [TRADE] 2025-08-20T15:04:19.582744+00:00 | enter_short 1 MSFT @ 292.06 | SL:293.69607142857143 TP:289.87857142857143 TS:None | strat=MomentumStrategy regime=normal
2025-08-20 11:04:19 - TradeLogger - INFO - [TRADE] 2025-08-20T15:04:19.684718+00:00 | enter_short 1 MSFT @ 292.01 | SL:293.645 TP:289.83 TS:None | strat=MomentumStrategy regime=normal
2025-08-20 11:04:19 - TradeLogger - INFO - [TRADE] 2025-08-20T15:04:19.785451+00:00 | enter_short 1 MSFT @ 291.67 | SL:293.42607142857145 TP:289.3285714285715 TS:None | strat=MomentumStrategy regime=normal
2025-08-20 11:04:19 - TradeLogger - INFO - [TRADE] 2025-08-20T15:04:19.883337+00:00 | enter_short 1 MSFT @ 291.86 | SL:293.53785714285715 TP:289.6228571428572 TS:None | strat=MomentumStrategy regime=normal
2025-08-20 11:04:19 - TradeLogger - INFO - [TRADE] 2025-08-20T15:04:19.984841+00:00 | enter_short 1 MSFT @ 292.04 | SL:293.7425 TP:289.77000000000004 TS:None | strat=MomentumStrategy regime=normal
2025-08-20 11:04:20 - TradeLogger - INFO - [TRADE] 2025-08-20T15:04:20.085929+00:00 | enter_short 1 MSFT @ 292.30 | SL:294.1492857142857 TP:289.8342857142857 TS:None | strat=MomentumStrategy regime=normal
2025-08-20 11:04:22 - TradeLogger - INFO - [TRADE] 2025-08-20T15:04:22.226845+00:00 | enter_short 1 AAPL @ 310.60 | SL:312.40535714285716 TP:308.1928571428572 TS:None | strat=MomentumStrategy regime=normal
2025-08-20 11:04:22 - TradeLogger - INFO - [TRADE] 2025-08-20T15:04:22.536098+00:00 | enter_short 1 AAPL @ 311.43 | SL:313.2814285714286 TP:308.9614285714286 TS:None | strat=MomentumStrategy regime=normal
2025-08-20 11:04:22 - TradeLogger - INFO - [TRADE] 2025-08-20T15:04:22.630402+00:00 | enter_short 1 AAPL @ 311.80 | SL:313.6257142857143 TP:309.3657142857143 TS:None | strat=MomentumStrategy regime=normal
2025-08-20 11:04:22 - TradeLogger - INFO - [TRADE] 2025-08-20T15:04:22.725458+00:00 | enter_short 1 AAPL @ 311.60 | SL:313.46857142857147 TP:309.10857142857145 TS:None | strat=MomentumStrategy regime=normal
2025-08-20 11:04:22 - TradeLogger - INFO - [TRADE] 2025-08-20T15:04:22.918967+00:00 | enter_short 1 AAPL @ 311.01 | SL:312.8828571428571 TP:308.5128571428571 TS:None | strat=MomentumStrategy regime=normal
2025-08-20 11:04:23 - TradeLogger - INFO - [TRADE] 2025-08-20T15:04:23.019734+00:00 | enter_short 1 AAPL @ 310.93 | SL:312.84785714285715 TP:308.37285714285713 TS:None | strat=MomentumStrategy regime=normal
2025-08-20 11:04:23 - TradeLogger - INFO - [TRADE] 2025-08-20T15:04:23.223146+00:00 | enter_short 1 AAPL @ 310.86 | SL:312.77250000000004 TP:308.31 TS:None | strat=MomentumStrategy regime=normal
2025-08-20 11:04:24 - TradeLogger - INFO - [TRADE] 2025-08-20T15:04:24.157514+00:00 | enter_short 1 MSFT @ 294.99 | SL:296.7739285714286 TP:292.6114285714286 TS:None | strat=MomentumStrategy regime=normal
2025-08-20 11:04:24 - TradeLogger - INFO - [TRADE] 2025-08-20T15:04:24.256060+00:00 | enter_short 1 MSFT @ 294.20 | SL:295.96142857142854 TP:291.8514285714286 TS:None | strat=MomentumStrategy regime=normal
2025-08-20 11:04:24 - TradeLogger - INFO - [TRADE] 2025-08-20T15:04:24.350877+00:00 | enter_short 1 AAPL @ 311.13 | SL:313.0778571428571 TP:308.53285714285715 TS:None | strat=MomentumStrategy regime=normal
2025-08-20 11:04:24 - TradeLogger - INFO - [TRADE] 2025-08-20T15:04:24.356713+00:00 | enter_short 1 MSFT @ 294.08 | SL:295.8478571428571 TP:291.72285714285715 TS:None | strat=MomentumStrategy regime=normal
2025-08-20 11:04:24 - TradeLogger - INFO - [TRADE] 2025-08-20T15:04:24.457919+00:00 | enter_short 1 MSFT @ 294.15 | SL:295.8535714285714 TP:291.87857142857143 TS:None | strat=MomentumStrategy regime=normal
2025-08-20 11:04:24 - TradeLogger - INFO - [TRADE] 2025-08-20T15:04:24.558500+00:00 | enter_short 1 MSFT @ 294.39 | SL:296.08392857142854 TP:292.13142857142856 TS:None | strat=MomentumStrategy regime=normal
2025-08-20 11:04:24 - TradeLogger - INFO - [TRADE] 2025-08-20T15:04:24.653634+00:00 | enter_short 1 AAPL @ 311.75 | SL:313.5885714285714 TP:309.29857142857145 TS:None | strat=MomentumStrategy regime=normal
2025-08-20 11:04:24 - TradeLogger - INFO - [TRADE] 2025-08-20T15:04:24.661081+00:00 | enter_short 1 MSFT @ 294.43 | SL:296.1657142857143 TP:292.1157142857143 TS:None | strat=MomentumStrategy regime=normal
2025-08-20 11:04:24 - TradeLogger - INFO - [TRADE] 2025-08-20T15:04:24.762999+00:00 | enter_short 1 MSFT @ 294.32 | SL:295.9871428571428 TP:292.09714285714284 TS:None | strat=MomentumStrategy regime=normal
2025-08-20 11:04:24 - TradeLogger - INFO - [TRADE] 2025-08-20T15:04:24.876012+00:00 | enter_short 2 MSFT @ 294.26 | SL:295.2678571428571 TP:292.74821428571425 TS:None | strat=MomentumStrategy regime=low_volatility
2025-08-20 11:04:25 - TradeLogger - INFO - [TRADE] 2025-08-20T15:04:25.006412+00:00 | enter_short 1 MSFT @ 293.96 | SL:295.52428571428567 TP:291.8742857142857 TS:None | strat=MomentumStrategy regime=normal
2025-08-20 11:04:25 - TradeLogger - INFO - [TRADE] 2025-08-20T15:04:25.115636+00:00 | enter_short 1 MSFT @ 294.08 | SL:295.86821428571426 TP:291.69571428571425 TS:None | strat=MomentumStrategy regime=normal
2025-08-20 11:04:25 - TradeLogger - INFO - [TRADE] 2025-08-20T15:04:25.213764+00:00 | enter_short 1 MSFT @ 293.74 | SL:295.6171428571429 TP:291.2371428571429 TS:None | strat=MomentumStrategy regime=normal
2025-08-20 11:04:25 - TradeLogger - INFO - [TRADE] 2025-08-20T15:04:25.319864+00:00 | enter_short 1 MSFT @ 294.14 | SL:296.09749999999997 TP:291.53 TS:None | strat=MomentumStrategy regime=normal
2025-08-20 11:04:25 - TradeLogger - INFO - [TRADE] 2025-08-20T15:04:25.442622+00:00 | enter_short 1 MSFT @ 293.75 | SL:295.49535714285713 TP:291.42285714285714 TS:None | strat=MomentumStrategy regime=normal
2025-08-20 11:04:25 - TradeLogger - INFO - [TRADE] 2025-08-20T15:04:25.486019+00:00 | enter_short 1 MSFT @ 293.63 | SL:295.4535714285714 TP:291.1985714285714 TS:None | strat=MomentumStrategy regime=normal
2025-08-20 11:04:25 - TradeLogger - INFO - [TRADE] 2025-08-20T15:04:25.576450+00:00 | enter_short 1 MSFT @ 293.75 | SL:295.5810714285714 TP:291.30857142857144 TS:None | strat=MomentumStrategy regime=normal
2025-08-20 11:04:25 - TradeLogger - INFO - [TRADE] 2025-08-20T15:04:25.678618+00:00 | enter_short 1 MSFT @ 293.46 | SL:295.39071428571424 TP:290.88571428571424 TS:None | strat=MomentumStrategy regime=normal
2025-08-20 11:04:25 - TradeLogger - INFO - [TRADE] 2025-08-20T15:04:25.778021+00:00 | enter_short 1 MSFT @ 293.50 | SL:295.4317857142857 TP:290.9242857142857 TS:None | strat=MomentumStrategy regime=normal
2025-08-20 11:04:26 - TradeLogger - INFO - [TRADE] 2025-08-20T15:04:26.277557+00:00 | enter_long 170 AAPL @ 312.55 | SL:309.62285714285713 TP:316.9407142857143 TS:None | strat=MomentumStrategy regime=high_volatility
2025-08-20 11:04:28 - TradeLogger - INFO - [TRADE] 2025-08-20T15:04:28.716573+00:00 | enter_short 1 AAPL @ 313.24 | SL:314.38214285714287 TP:311.5267857142857 TS:None | strat=MomentumStrategy regime=low_volatility
2025-08-20 11:04:28 - TradeLogger - INFO - [TRADE] 2025-08-20T15:04:28.816788+00:00 | enter_short 1 AAPL @ 313.34 | SL:314.48571428571427 TP:311.6214285714285 TS:None | strat=MomentumStrategy regime=low_volatility
2025-08-20 11:04:28 - TradeLogger - INFO - [TRADE] 2025-08-20T15:04:28.835478+00:00 | enter_short 1 MSFT @ 294.56 | SL:296.30321428571426 TP:292.2357142857143 TS:None | strat=MomentumStrategy regime=normal
2025-08-20 11:04:28 - TradeLogger - INFO - [TRADE] 2025-08-20T15:04:28.930443+00:00 | enter_short 1 AAPL @ 313.29 | SL:314.4271428571429 TP:311.5842857142857 TS:None | strat=MomentumStrategy regime=low_volatility
2025-08-20 11:04:28 - TradeLogger - INFO - [TRADE] 2025-08-20T15:04:28.950901+00:00 | enter_short 1 MSFT @ 294.73 | SL:296.5439285714286 TP:292.3114285714286 TS:None | strat=MomentumStrategy regime=normal
2025-08-20 11:04:29 - TradeLogger - INFO - [TRADE] 2025-08-20T15:04:29.022981+00:00 | enter_short 1 AAPL @ 313.47 | SL:314.5371428571429 TP:311.8692857142857 TS:None | strat=MomentumStrategy regime=low_volatility
2025-08-20 11:04:29 - TradeLogger - INFO - [TRADE] 2025-08-20T15:04:29.040998+00:00 | enter_short 1 MSFT @ 295.18 | SL:297.0185714285714 TP:292.72857142857146 TS:None | strat=MomentumStrategy regime=normal
2025-08-20 11:04:29 - TradeLogger - INFO - [TRADE] 2025-08-20T15:04:29.127323+00:00 | enter_short 1 AAPL @ 313.46 | SL:314.4864285714286 TP:311.9203571428571 TS:None | strat=MomentumStrategy regime=low_volatility
2025-08-20 11:04:29 - TradeLogger - INFO - [TRADE] 2025-08-20T15:04:29.226776+00:00 | enter_short 1 AAPL @ 313.79 | SL:314.735 TP:312.3725 TS:None | strat=MomentumStrategy regime=low_volatility
2025-08-20 11:04:29 - TradeLogger - INFO - [TRADE] 2025-08-20T15:04:29.344284+00:00 | enter_short 1 AAPL @ 313.95 | SL:314.87642857142856 TP:312.56035714285713 TS:None | strat=MomentumStrategy regime=low_volatility
2025-08-20 11:04:29 - TradeLogger - INFO - [TRADE] 2025-08-20T15:04:29.461475+00:00 | enter_short 1 MSFT @ 294.97 | SL:296.68107142857144 TP:292.6885714285715 TS:None | strat=MomentumStrategy regime=normal
2025-08-20 11:04:29 - TradeLogger - INFO - [TRADE] 2025-08-20T15:04:29.556079+00:00 | enter_short 2 MSFT @ 295.04 | SL:296.0521428571429 TP:293.5217857142857 TS:None | strat=MomentumStrategy regime=low_volatility
2025-08-20 11:04:29 - TradeLogger - INFO - [TRADE] 2025-08-20T15:04:29.789489+00:00 | enter_short 2 MSFT @ 295.47 | SL:296.3464285714286 TP:294.15535714285716 TS:None | strat=MomentumStrategy regime=low_volatility
2025-08-20 11:04:29 - TradeLogger - INFO - [TRADE] 2025-08-20T15:04:29.859430+00:00 | enter_short 2 MSFT @ 295.65 | SL:296.60785714285714 TP:294.2132142857143 TS:None | strat=MomentumStrategy regime=low_volatility
2025-08-20 11:04:29 - TradeLogger - INFO - [TRADE] 2025-08-20T15:04:29.946412+00:00 | enter_short 2 MSFT @ 295.38 | SL:296.3192857142857 TP:293.9710714285714 TS:None | strat=MomentumStrategy regime=low_volatility
2025-08-20 11:04:30 - TradeLogger - INFO - [TRADE] 2025-08-20T15:04:30.113200+00:00 | enter_short 2 MSFT @ 295.16 | SL:296.07785714285717 TP:293.78321428571434 TS:None | strat=MomentumStrategy regime=low_volatility
2025-08-20 11:04:30 - TradeLogger - INFO - [TRADE] 2025-08-20T15:04:30.205795+00:00 | enter_short 1 AAPL @ 313.45 | SL:314.42285714285714 TP:311.99071428571426 TS:None | strat=MomentumStrategy regime=low_volatility
2025-08-20 11:04:30 - TradeLogger - INFO - [TRADE] 2025-08-20T15:04:30.306653+00:00 | enter_short 1 AAPL @ 312.85 | SL:313.92357142857145 TP:311.2396428571429 TS:None | strat=MomentumStrategy regime=low_volatility
2025-08-20 11:04:30 - TradeLogger - INFO - [TRADE] 2025-08-20T15:04:30.407373+00:00 | enter_short 1 AAPL @ 312.60 | SL:313.6864285714286 TP:310.97035714285715 TS:None | strat=MomentumStrategy regime=low_volatility
2025-08-20 11:04:30 - TradeLogger - INFO - [TRADE] 2025-08-20T15:04:30.509889+00:00 | enter_short 1 AAPL @ 312.55 | SL:313.56714285714287 TP:311.0242857142857 TS:None | strat=MomentumStrategy regime=low_volatility
2025-08-20 11:04:30 - TradeLogger - INFO - [TRADE] 2025-08-20T15:04:30.612480+00:00 | enter_short 1 AAPL @ 312.71 | SL:313.7785714285714 TP:311.10714285714283 TS:None | strat=MomentumStrategy regime=low_volatility
2025-08-20 11:04:30 - TradeLogger - INFO - [TRADE] 2025-08-20T15:04:30.721468+00:00 | enter_short 1 AAPL @ 312.70 | SL:313.7528571428571 TP:311.12071428571426 TS:None | strat=MomentumStrategy regime=low_volatility
2025-08-20 11:04:30 - TradeLogger - INFO - [TRADE] 2025-08-20T15:04:30.824244+00:00 | enter_short 1 AAPL @ 312.87 | SL:314.57678571428573 TP:310.5942857142857 TS:None | strat=MomentumStrategy regime=normal
2025-08-20 11:04:30 - TradeLogger - INFO - [TRADE] 2025-08-20T15:04:30.925758+00:00 | enter_short 1 AAPL @ 312.77 | SL:313.84999999999997 TP:311.15 TS:None | strat=MomentumStrategy regime=low_volatility
2025-08-20 11:04:31 - TradeLogger - INFO - [TRADE] 2025-08-20T15:04:31.026581+00:00 | enter_short 1 AAPL @ 312.90 | SL:314.6453571428571 TP:310.5728571428571 TS:None | strat=MomentumStrategy regime=normal
2025-08-20 11:04:31 - TradeLogger - INFO - [TRADE] 2025-08-20T15:04:31.127874+00:00 | enter_short 1 AAPL @ 312.95 | SL:314.7135714285714 TP:310.5985714285714 TS:None | strat=MomentumStrategy regime=normal
2025-08-20 11:04:31 - TradeLogger - INFO - [TRADE] 2025-08-20T15:04:31.243744+00:00 | enter_short 1 AAPL @ 312.74 | SL:314.68892857142856 TP:310.14142857142855 TS:None | strat=MomentumStrategy regime=normal
2025-08-20 11:04:31 - TradeLogger - INFO - [TRADE] 2025-08-20T15:04:31.342712+00:00 | enter_short 1 AAPL @ 312.84 | SL:314.775 TP:310.26 TS:None | strat=MomentumStrategy regime=normal
2025-08-20 11:04:31 - TradeLogger - INFO - [TRADE] 2025-08-20T15:04:31.442159+00:00 | enter_short 1 AAPL @ 312.69 | SL:314.66785714285714 TP:310.05285714285714 TS:None | strat=MomentumStrategy regime=normal
2025-08-20 11:04:31 - TradeLogger - INFO - [TRADE] 2025-08-20T15:04:31.544845+00:00 | enter_short 1 AAPL @ 313.32 | SL:315.2914285714286 TP:310.69142857142856 TS:None | strat=MomentumStrategy regime=normal
2025-08-20 11:04:31 - TradeLogger - INFO - [TRADE] 2025-08-20T15:04:31.630901+00:00 | enter_short 1 AAPL @ 313.14 | SL:315.06321428571425 TP:310.5757142857143 TS:None | strat=MomentumStrategy regime=normal
2025-08-20 11:04:31 - TradeLogger - INFO - [TRADE] 2025-08-20T15:04:31.725304+00:00 | enter_short 1 AAPL @ 313.60 | SL:315.39250000000004 TP:311.21000000000004 TS:None | strat=MomentumStrategy regime=normal
2025-08-20 11:04:31 - TradeLogger - INFO - [TRADE] 2025-08-20T15:04:31.825595+00:00 | enter_short 1 AAPL @ 313.16 | SL:314.99428571428575 TP:310.7142857142857 TS:None | strat=MomentumStrategy regime=normal
2025-08-20 11:04:31 - TradeLogger - INFO - [TRADE] 2025-08-20T15:04:31.926278+00:00 | enter_short 1 AAPL @ 312.83 | SL:314.705 TP:310.33 TS:None | strat=MomentumStrategy regime=normal
2025-08-20 11:04:32 - TradeLogger - INFO - [TRADE] 2025-08-20T15:04:32.027245+00:00 | enter_short 1 AAPL @ 312.90 | SL:314.7342857142857 TP:310.4542857142857 TS:None | strat=MomentumStrategy regime=normal
2025-08-20 11:04:32 - TradeLogger - INFO - [TRADE] 2025-08-20T15:04:32.129950+00:00 | enter_short 1 AAPL @ 312.70 | SL:314.5032142857143 TP:310.29571428571427 TS:None | strat=MomentumStrategy regime=normal
2025-08-20 11:04:32 - TradeLogger - INFO - [TRADE] 2025-08-20T15:04:32.232070+00:00 | enter_short 1 AAPL @ 312.39 | SL:314.1353571428571 TP:310.0628571428571 TS:None | strat=MomentumStrategy regime=normal
2025-08-20 11:04:32 - TradeLogger - INFO - [TRADE] 2025-08-20T15:04:32.332147+00:00 | enter_short 1 AAPL @ 312.27 | SL:314.00464285714287 TP:309.95714285714286 TS:None | strat=MomentumStrategy regime=normal
2025-08-20 11:04:32 - TradeLogger - INFO - [TRADE] 2025-08-20T15:04:32.432845+00:00 | enter_short 1 AAPL @ 312.24 | SL:313.99607142857144 TP:309.8985714285714 TS:None | strat=MomentumStrategy regime=normal
2025-08-20 11:04:32 - TradeLogger - INFO - [TRADE] 2025-08-20T15:04:32.533609+00:00 | enter_short 1 AAPL @ 312.42 | SL:314.3839285714286 TP:309.8014285714286 TS:None | strat=MomentumStrategy regime=normal
2025-08-20 11:04:32 - TradeLogger - INFO - [TRADE] 2025-08-20T15:04:32.640111+00:00 | enter_short 1 MSFT @ 297.04 | SL:298.73178571428576 TP:294.7842857142857 TS:None | strat=MomentumStrategy regime=normal
2025-08-20 11:04:32 - TradeLogger - INFO - [TRADE] 2025-08-20T15:04:32.741176+00:00 | enter_short 1 MSFT @ 296.90 | SL:298.70214285714286 TP:294.4971428571428 TS:None | strat=MomentumStrategy regime=normal
2025-08-20 11:04:32 - TradeLogger - INFO - [TRADE] 2025-08-20T15:04:32.846036+00:00 | enter_short 1 MSFT @ 296.79 | SL:298.4067857142858 TP:294.6342857142857 TS:None | strat=MomentumStrategy regime=normal
2025-08-20 11:04:32 - TradeLogger - INFO - [TRADE] 2025-08-20T15:04:32.947401+00:00 | enter_short 1 MSFT @ 296.85 | SL:298.5353571428572 TP:294.60285714285715 TS:None | strat=MomentumStrategy regime=normal
2025-08-20 11:04:33 - TradeLogger - INFO - [TRADE] 2025-08-20T15:04:33.041556+00:00 | enter_short 1 AAPL @ 312.84 | SL:314.6196428571428 TP:310.46714285714285 TS:None | strat=MomentumStrategy regime=normal
2025-08-20 11:04:33 - TradeLogger - INFO - [TRADE] 2025-08-20T15:04:33.049385+00:00 | enter_short 1 MSFT @ 296.73 | SL:298.41428571428577 TP:294.4842857142857 TS:None | strat=MomentumStrategy regime=normal
2025-08-20 11:04:33 - TradeLogger - INFO - [TRADE] 2025-08-20T15:04:33.145455+00:00 | enter_short 1 MSFT @ 296.46 | SL:298.20642857142855 TP:294.1314285714285 TS:None | strat=MomentumStrategy regime=normal
2025-08-20 11:04:33 - TradeLogger - INFO - [TRADE] 2025-08-20T15:04:33.246213+00:00 | enter_short 1 MSFT @ 296.40 | SL:298.29 TP:293.87999999999994 TS:None | strat=MomentumStrategy regime=normal
2025-08-20 11:04:33 - TradeLogger - INFO - [TRADE] 2025-08-20T15:04:33.347181+00:00 | enter_short 1 MSFT @ 296.55 | SL:298.51928571428573 TP:293.9242857142857 TS:None | strat=MomentumStrategy regime=normal
2025-08-20 11:04:33 - TradeLogger - INFO - [TRADE] 2025-08-20T15:04:33.452392+00:00 | enter_short 1 MSFT @ 296.34 | SL:298.3242857142857 TP:293.6942857142857 TS:None | strat=MomentumStrategy regime=normal
2025-08-20 11:04:33 - TradeLogger - INFO - [TRADE] 2025-08-20T15:04:33.656767+00:00 | enter_short 1 MSFT @ 296.45 | SL:298.4257142857143 TP:293.81571428571425 TS:None | strat=MomentumStrategy regime=normal
2025-08-20 11:04:33 - TradeLogger - INFO - [TRADE] 2025-08-20T15:04:33.957558+00:00 | enter_short 1 MSFT @ 296.17 | SL:298.15107142857147 TP:293.5285714285714 TS:None | strat=MomentumStrategy regime=normal
2025-08-20 11:04:35 - TradeLogger - INFO - [TRADE] 2025-08-20T15:04:35.262258+00:00 | enter_short 1 AAPL @ 310.20 | SL:312.25714285714287 TP:307.45714285714286 TS:None | strat=MomentumStrategy regime=normal
2025-08-20 11:04:35 - TradeLogger - INFO - [TRADE] 2025-08-20T15:04:35.665267+00:00 | enter_short 1 AAPL @ 309.83 | SL:311.8560714285714 TP:307.12857142857143 TS:None | strat=MomentumStrategy regime=normal
2025-08-20 11:04:36 - TradeLogger - INFO - [TRADE] 2025-08-20T15:04:36.674957+00:00 | enter_short 1 AAPL @ 309.60 | SL:311.56714285714287 TP:306.9771428571429 TS:None | strat=MomentumStrategy regime=normal
2025-08-20 11:04:36 - TradeLogger - INFO - [TRADE] 2025-08-20T15:04:36.777030+00:00 | enter_short 1 AAPL @ 310.04 | SL:311.8860714285714 TP:307.5785714285714 TS:None | strat=MomentumStrategy regime=normal
2025-08-20 11:04:36 - TradeLogger - INFO - [TRADE] 2025-08-20T15:04:36.881754+00:00 | enter_short 1 AAPL @ 309.44 | SL:311.40714285714284 TP:306.81714285714287 TS:None | strat=MomentumStrategy regime=normal
2025-08-20 11:04:36 - TradeLogger - INFO - [TRADE] 2025-08-20T15:04:36.980088+00:00 | enter_short 1 AAPL @ 309.10 | SL:311.05107142857145 TP:306.49857142857144 TS:None | strat=MomentumStrategy regime=normal
2025-08-20 11:04:37 - TradeLogger - INFO - [TRADE] 2025-08-20T15:04:37.078784+00:00 | enter_short 1 AAPL @ 309.12 | SL:311.0314285714286 TP:306.5714285714286 TS:None | strat=MomentumStrategy regime=normal
2025-08-20 11:04:37 - TradeLogger - INFO - [TRADE] 2025-08-20T15:04:37.179615+00:00 | enter_short 1 AAPL @ 308.85 | SL:310.8439285714286 TP:306.1914285714286 TS:None | strat=MomentumStrategy regime=normal
2025-08-20 11:04:37 - TradeLogger - INFO - [TRADE] 2025-08-20T15:04:37.280654+00:00 | enter_short 1 AAPL @ 308.46 | SL:310.40999999999997 TP:305.85999999999996 TS:None | strat=MomentumStrategy regime=normal
2025-08-20 11:04:37 - TradeLogger - INFO - [TRADE] 2025-08-20T15:04:37.383375+00:00 | enter_short 1 AAPL @ 308.51 | SL:310.4032142857143 TP:305.98571428571427 TS:None | strat=MomentumStrategy regime=normal
2025-08-20 11:04:37 - TradeLogger - INFO - [TRADE] 2025-08-20T15:04:37.516000+00:00 | enter_short 1 AAPL @ 308.26 | SL:310.18642857142856 TP:305.69142857142856 TS:None | strat=MomentumStrategy regime=normal
2025-08-20 11:04:37 - TradeLogger - INFO - [TRADE] 2025-08-20T15:04:37.602352+00:00 | enter_short 1 AAPL @ 307.97 | SL:309.95428571428573 TP:305.32428571428574 TS:None | strat=MomentumStrategy regime=normal
2025-08-20 11:04:37 - TradeLogger - INFO - [TRADE] 2025-08-20T15:04:37.691939+00:00 | enter_short 1 AAPL @ 307.82 | SL:309.6275 TP:305.40999999999997 TS:None | strat=MomentumStrategy regime=normal
2025-08-20 11:04:37 - TradeLogger - INFO - [TRADE] 2025-08-20T15:04:37.795210+00:00 | enter_short 1 AAPL @ 308.07 | SL:309.9503571428571 TP:305.5628571428571 TS:None | strat=MomentumStrategy regime=normal
2025-08-20 11:04:37 - TradeLogger - INFO - [TRADE] 2025-08-20T15:04:37.906598+00:00 | enter_short 1 AAPL @ 308.14 | SL:310.01392857142855 TP:305.64142857142855 TS:None | strat=MomentumStrategy regime=normal
2025-08-20 11:04:38 - TradeLogger - INFO - [TRADE] 2025-08-20T15:04:38.005878+00:00 | enter_short 2 AAPL @ 308.10 | SL:309.18357142857144 TP:306.4746428571429 TS:None | strat=MomentumStrategy regime=low_volatility
2025-08-20 11:04:38 - TradeLogger - INFO - [TRADE] 2025-08-20T15:04:38.115923+00:00 | enter_short 2 AAPL @ 308.26 | SL:309.30857142857144 TP:306.6871428571429 TS:None | strat=MomentumStrategy regime=low_volatility
2025-08-20 11:04:38 - TradeLogger - INFO - [TRADE] 2025-08-20T15:04:38.222316+00:00 | enter_short 2 AAPL @ 308.54 | SL:309.53000000000003 TP:307.055 TS:None | strat=MomentumStrategy regime=low_volatility
2025-08-20 11:04:38 - TradeLogger - INFO - [TRADE] 2025-08-20T15:04:38.323339+00:00 | enter_short 2 AAPL @ 308.84 | SL:309.85571428571427 TP:307.31642857142856 TS:None | strat=MomentumStrategy regime=low_volatility
2025-08-20 11:04:38 - TradeLogger - INFO - [TRADE] 2025-08-20T15:04:38.416536+00:00 | enter_short 2 AAPL @ 308.31 | SL:309.4214285714286 TP:306.64285714285717 TS:None | strat=MomentumStrategy regime=low_volatility
2025-08-20 11:04:38 - TradeLogger - INFO - [TRADE] 2025-08-20T15:04:38.532980+00:00 | enter_short 2 AAPL @ 308.15 | SL:309.26642857142855 TP:306.4753571428571 TS:None | strat=MomentumStrategy regime=low_volatility
2025-08-20 11:04:38 - TradeLogger - INFO - [TRADE] 2025-08-20T15:04:38.630082+00:00 | enter_short 2 AAPL @ 308.41 | SL:309.4228571428572 TP:306.8907142857143 TS:None | strat=MomentumStrategy regime=low_volatility
2025-08-20 11:04:38 - TradeLogger - INFO - [TRADE] 2025-08-20T15:04:38.736275+00:00 | enter_short 2 AAPL @ 308.59 | SL:309.5078571428571 TP:307.2132142857143 TS:None | strat=MomentumStrategy regime=low_volatility
2025-08-20 11:04:38 - TradeLogger - INFO - [TRADE] 2025-08-20T15:04:38.844573+00:00 | enter_short 2 AAPL @ 308.35 | SL:309.35857142857145 TP:306.8371428571429 TS:None | strat=MomentumStrategy regime=low_volatility
2025-08-20 11:04:38 - TradeLogger - INFO - [TRADE] 2025-08-20T15:04:38.911002+00:00 | enter_short 2 AAPL @ 308.40 | SL:309.3335714285714 TP:306.9996428571428 TS:None | strat=MomentumStrategy regime=low_volatility
2025-08-20 11:04:39 - TradeLogger - INFO - [TRADE] 2025-08-20T15:04:39.012920+00:00 | enter_short 2 AAPL @ 308.70 | SL:309.5785714285714 TP:307.38214285714287 TS:None | strat=MomentumStrategy regime=low_volatility
2025-08-20 11:04:39 - TradeLogger - INFO - [TRADE] 2025-08-20T15:04:39.114565+00:00 | enter_short 2 AAPL @ 308.31 | SL:309.3671428571429 TP:306.7242857142857 TS:None | strat=MomentumStrategy regime=low_volatility
2025-08-20 11:04:39 - TradeLogger - INFO - [TRADE] 2025-08-20T15:04:39.215224+00:00 | enter_short 2 AAPL @ 308.09 | SL:309.10499999999996 TP:306.5675 TS:None | strat=MomentumStrategy regime=low_volatility
2025-08-20 11:04:39 - TradeLogger - INFO - [TRADE] 2025-08-20T15:04:39.315763+00:00 | enter_short 2 AAPL @ 308.08 | SL:309.2 TP:306.4 TS:None | strat=MomentumStrategy regime=low_volatility
2025-08-20 11:04:40 - TradeLogger - INFO - [TRADE] 2025-08-20T15:04:40.128259+00:00 | enter_short 1 AAPL @ 308.15 | SL:310.1503571428571 TP:305.48285714285714 TS:None | strat=MomentumStrategy regime=normal
2025-08-20 11:04:40 - TradeLogger - INFO - [TRADE] 2025-08-20T15:04:40.227917+00:00 | enter_short 1 AAPL @ 307.80 | SL:309.75642857142856 TP:305.19142857142856 TS:None | strat=MomentumStrategy regime=normal
2025-08-20 11:04:40 - TradeLogger - INFO - [TRADE] 2025-08-20T15:04:40.330075+00:00 | enter_short 1 AAPL @ 308.03 | SL:309.9467857142857 TP:305.4742857142857 TS:None | strat=MomentumStrategy regime=normal
2025-08-20 11:04:40 - TradeLogger - INFO - [TRADE] 2025-08-20T15:04:40.533738+00:00 | enter_short 1 AAPL @ 307.59 | SL:309.465 TP:305.09 TS:None | strat=MomentumStrategy regime=normal
2025-08-20 11:04:40 - TradeLogger - INFO - [TRADE] 2025-08-20T15:04:40.631023+00:00 | enter_short 1 AAPL @ 308.06 | SL:310.06357142857144 TP:305.3885714285714 TS:None | strat=MomentumStrategy regime=normal
2025-08-20 11:04:40 - TradeLogger - INFO - [TRADE] 2025-08-20T15:04:40.734684+00:00 | enter_short 1 AAPL @ 307.69 | SL:309.5842857142857 TP:305.1642857142857 TS:None | strat=MomentumStrategy regime=normal
2025-08-20 11:04:41 - TradeLogger - INFO - [TRADE] 2025-08-20T15:04:41.037097+00:00 | enter_short 1 AAPL @ 308.46 | SL:310.41535714285715 TP:305.8528571428571 TS:None | strat=MomentumStrategy regime=normal
2025-08-20 11:04:41 - TradeLogger - INFO - [TRADE] 2025-08-20T15:04:41.740950+00:00 | enter_short 1 AAPL @ 308.81 | SL:310.81357142857144 TP:306.1385714285714 TS:None | strat=MomentumStrategy regime=normal
2025-08-20 11:04:41 - TradeLogger - INFO - [TRADE] 2025-08-20T15:04:41.942338+00:00 | enter_short 1 AAPL @ 308.52 | SL:310.3478571428571 TP:306.0828571428571 TS:None | strat=MomentumStrategy regime=normal
2025-08-20 11:04:42 - TradeLogger - INFO - [TRADE] 2025-08-20T15:04:42.854029+00:00 | enter_short 1 AAPL @ 308.29 | SL:310.1017857142857 TP:305.87428571428575 TS:None | strat=MomentumStrategy regime=normal
2025-08-20 11:04:42 - TradeLogger - INFO - [TRADE] 2025-08-20T15:04:42.954561+00:00 | enter_short 1 AAPL @ 308.29 | SL:310.22285714285715 TP:305.71285714285716 TS:None | strat=MomentumStrategy regime=normal
2025-08-20 11:04:43 - TradeLogger - INFO - [TRADE] 2025-08-20T15:04:43.055935+00:00 | enter_short 1 AAPL @ 308.30 | SL:310.25214285714287 TP:305.69714285714286 TS:None | strat=MomentumStrategy regime=normal
2025-08-20 11:04:43 - TradeLogger - INFO - [TRADE] 2025-08-20T15:04:43.156487+00:00 | enter_short 1 AAPL @ 308.21 | SL:310.03999999999996 TP:305.77 TS:None | strat=MomentumStrategy regime=normal
2025-08-20 11:04:43 - TradeLogger - INFO - [TRADE] 2025-08-20T15:04:43.257290+00:00 | enter_short 1 AAPL @ 308.59 | SL:310.45642857142855 TP:306.1014285714285 TS:None | strat=MomentumStrategy regime=normal
2025-08-20 11:04:43 - TradeLogger - INFO - [TRADE] 2025-08-20T15:04:43.360874+00:00 | enter_short 1 AAPL @ 308.10 | SL:309.9075 TP:305.69 TS:None | strat=MomentumStrategy regime=normal
2025-08-20 11:04:43 - TradeLogger - INFO - [TRADE] 2025-08-20T15:04:43.462787+00:00 | enter_short 1 AAPL @ 308.15 | SL:310.0153571428571 TP:305.6628571428571 TS:None | strat=MomentumStrategy regime=normal
2025-08-20 11:04:43 - TradeLogger - INFO - [TRADE] 2025-08-20T15:04:43.561936+00:00 | enter_short 1 AAPL @ 308.38 | SL:310.32785714285717 TP:305.78285714285715 TS:None | strat=MomentumStrategy regime=normal
2025-08-20 11:04:43 - TradeLogger - INFO - [TRADE] 2025-08-20T15:04:43.663470+00:00 | enter_short 1 AAPL @ 309.13 | SL:311.1475 TP:306.44 TS:None | strat=MomentumStrategy regime=normal
2025-08-20 11:04:46 - TradeLogger - INFO - [TRADE] 2025-08-20T15:04:46.208657+00:00 | enter_short 1 AAPL @ 308.45 | SL:310.5125 TP:305.7 TS:None | strat=MomentumStrategy regime=normal
2025-08-20 11:04:46 - TradeLogger - INFO - [TRADE] 2025-08-20T15:04:46.309878+00:00 | enter_short 1 AAPL @ 308.66 | SL:310.5339285714286 TP:306.1614285714286 TS:None | strat=MomentumStrategy regime=normal
2025-08-20 11:04:46 - TradeLogger - INFO - [TRADE] 2025-08-20T15:04:46.415941+00:00 | enter_short 1 AAPL @ 309.02 | SL:310.8671428571428 TP:306.5571428571428 TS:None | strat=MomentumStrategy regime=normal
2025-08-20 11:04:46 - TradeLogger - INFO - [TRADE] 2025-08-20T15:04:46.520238+00:00 | enter_short 1 AAPL @ 309.46 | SL:311.4635714285714 TP:306.7885714285714 TS:None | strat=MomentumStrategy regime=normal
2025-08-20 11:04:46 - TradeLogger - INFO - [TRADE] 2025-08-20T15:04:46.909314+00:00 | enter_short 2 AAPL @ 309.35 | SL:310.40714285714284 TP:307.76428571428573 TS:None | strat=MomentumStrategy regime=low_volatility
2025-08-20 11:04:47 - TradeLogger - INFO - [TRADE] 2025-08-20T15:04:47.007577+00:00 | enter_short 2 AAPL @ 309.63 | SL:310.7835714285714 TP:307.89964285714285 TS:None | strat=MomentumStrategy regime=low_volatility
2025-08-20 11:04:47 - TradeLogger - INFO - [TRADE] 2025-08-20T15:04:47.108533+00:00 | enter_short 1 AAPL @ 308.97 | SL:310.7817857142857 TP:306.55428571428575 TS:None | strat=MomentumStrategy regime=normal
2025-08-20 11:04:47 - TradeLogger - INFO - [TRADE] 2025-08-20T15:04:47.222182+00:00 | enter_short 1 AAPL @ 309.17 | SL:311.01392857142855 TP:306.7114285714286 TS:None | strat=MomentumStrategy regime=normal
2025-08-20 11:04:47 - TradeLogger - INFO - [TRADE] 2025-08-20T15:04:47.320086+00:00 | enter_short 1 AAPL @ 309.23 | SL:311.06 TP:306.79 TS:None | strat=MomentumStrategy regime=normal
2025-08-20 14:05:06 - Drawdown Monitor - DEBUG - Logger initialized.
2025-08-20 14:05:06 - Drawdown Monitor - DEBUG - Log file: logs/TradeLogger.log
2025-08-20 14:05:06 - Drawdown Monitor - DEBUG - Logger name: Drawdown Monitor
2025-08-20 14:38:19 - Drawdown Monitor - DEBUG - Logger initialized.
2025-08-20 14:38:19 - Drawdown Monitor - DEBUG - Log file: logs/TradeLogger.log
2025-08-20 14:38:19 - Drawdown Monitor - DEBUG - Logger name: Drawdown Monitor
2025-08-20 14:42:42 - Drawdown Monitor - DEBUG - Logger initialized.
2025-08-20 14:42:42 - Drawdown Monitor - DEBUG - Log file: logs/TradeLogger.log
2025-08-20 14:42:42 - Drawdown Monitor - DEBUG - Logger name: Drawdown Monitor
2025-08-20 14:55:33 - Drawdown Monitor - DEBUG - Logger initialized.
2025-08-20 14:55:33 - Drawdown Monitor - DEBUG - Log file: logs/TradeLogger.log
2025-08-20 14:55:33 - Drawdown Monitor - DEBUG - Logger name: Drawdown Monitor
2025-08-20 15:01:25 - Drawdown Monitor - DEBUG - Logger initialized.
2025-08-20 15:01:25 - Drawdown Monitor - DEBUG - Log file: logs/TradeLogger.log
2025-08-20 15:01:25 - Drawdown Monitor - DEBUG - Logger name: Drawdown Monitor
2025-08-20 15:06:23 - Drawdown Monitor - DEBUG - Logger initialized.
2025-08-20 15:06:23 - Drawdown Monitor - DEBUG - Log file: logs/TradeLogger.log
2025-08-20 15:06:23 - Drawdown Monitor - DEBUG - Logger name: Drawdown Monitor
2025-08-20 15:13:33 - Drawdown Monitor - DEBUG - Logger initialized.
2025-08-20 15:13:33 - Drawdown Monitor - DEBUG - Log file: logs/TradeLogger.log
2025-08-20 15:13:33 - Drawdown Monitor - DEBUG - Logger name: Drawdown Monitor
2025-08-20 15:14:00 - Drawdown Monitor - INFO - [DAILY RESET] Portfolio start set to 100,000.00
2025-08-20 15:14:37 - Drawdown Monitor - DEBUG - Logger initialized.
2025-08-20 15:14:37 - Drawdown Monitor - DEBUG - Log file: logs/TradeLogger.log
2025-08-20 15:14:37 - Drawdown Monitor - DEBUG - Logger name: Drawdown Monitor
2025-08-20 15:15:00 - Drawdown Monitor - INFO - [DAILY RESET] Portfolio start set to 100,000.00
2025-08-20 15:17:53 - Drawdown Monitor - DEBUG - Logger initialized.
2025-08-20 15:17:53 - Drawdown Monitor - DEBUG - Log file: logs/TradeLogger.log
2025-08-20 15:17:53 - Drawdown Monitor - DEBUG - Logger name: Drawdown Monitor
2025-08-20 15:18:00 - Drawdown Monitor - INFO - [DAILY RESET] Portfolio start set to 100,000.00
2025-08-20 15:23:01 - Drawdown Monitor - DEBUG - Logger initialized.
2025-08-20 15:23:01 - Drawdown Monitor - DEBUG - Log file: logs/TradeLogger.log
2025-08-20 15:23:01 - Drawdown Monitor - DEBUG - Logger name: Drawdown Monitor
2025-08-20 15:24:00 - Drawdown Monitor - INFO - [DAILY RESET] Portfolio start set to 100,000.00
2025-08-20 15:33:44 - Drawdown Monitor - DEBUG - Logger initialized.
2025-08-20 15:33:44 - Drawdown Monitor - DEBUG - Log file: logs/TradeLogger.log
2025-08-20 15:33:44 - Drawdown Monitor - DEBUG - Logger name: Drawdown Monitor
2025-08-20 15:34:00 - Drawdown Monitor - INFO - [DAILY RESET] Portfolio start set to 100,000.00
2025-08-20 15:55:22 - Drawdown Monitor - DEBUG - Logger initialized.
2025-08-20 15:55:22 - Drawdown Monitor - DEBUG - Log file: logs/TradeLogger.log
2025-08-20 15:55:22 - Drawdown Monitor - DEBUG - Logger name: Drawdown Monitor
2025-08-20 15:56:00 - Drawdown Monitor - INFO - [DAILY RESET] Portfolio start set to 100,000.00
2025-08-20 15:58:40 - Drawdown Monitor - DEBUG - Logger initialized.
2025-08-20 15:58:40 - Drawdown Monitor - DEBUG - Log file: logs/TradeLogger.log
2025-08-20 15:58:40 - Drawdown Monitor - DEBUG - Logger name: Drawdown Monitor
2025-08-20 15:59:00 - Drawdown Monitor - INFO - [DAILY RESET] Portfolio start set to 100,000.00
2025-08-29 17:11:18 - TradeLogger - DEBUG - Logger initialized.
2025-08-29 17:11:18 - TradeLogger - DEBUG - Log file: logs/TradeLogger.log
2025-08-29 17:11:18 - TradeLogger - DEBUG - Logger name: TradeLogger
2025-08-29 17:11:18 - Drawdown Monitor - DEBUG - Logger initialized.
2025-08-29 17:11:18 - Drawdown Monitor - DEBUG - Log file: logs/TradeLogger.log
2025-08-29 17:11:18 - Drawdown Monitor - DEBUG - Logger name: Drawdown Monitor
2025-08-29 17:11:18 - Drawdown Monitor - INFO - [DAILY RESET] Portfolio start set to 100,000.00
2025-08-29 17:11:21 - TradeLogger - INFO - [TRADE] 2025-08-29T21:11:21.239528+00:00 | enter_long 303 AAPL @ 329.03 | SL:326.9675 TP:331.78 TS:None | strat=SMAStrategy regime=normal
2025-08-29 17:11:21 - TradeLogger - INFO - [TRADE] 2025-08-29T21:11:21.864527+00:00 | enter_short 1 AAPL @ 327.99 | SL:330.39000000000004 TP:324.78999999999996 TS:None | strat=SMAStrategy regime=normal
2025-08-29 17:11:21 - TradeLogger - INFO - [TRADE] 2025-08-29T21:11:21.966302+00:00 | enter_short 1 AAPL @ 328.11 | SL:330.39750000000004 TP:325.06 TS:None | strat=SMAStrategy regime=normal
2025-08-29 17:11:22 - TradeLogger - INFO - [TRADE] 2025-08-29T21:11:22.156964+00:00 | enter_short 1 AAPL @ 327.68 | SL:330.02000000000004 TP:324.56 TS:None | strat=SMAStrategy regime=normal
2025-08-29 17:11:22 - TradeLogger - INFO - [TRADE] 2025-08-29T21:11:22.258059+00:00 | enter_short 1 AAPL @ 328.28 | SL:330.6092857142857 TP:325.1742857142857 TS:None | strat=SMAStrategy regime=normal
2025-08-29 17:11:22 - TradeLogger - INFO - [TRADE] 2025-08-29T21:11:22.373605+00:00 | enter_short 1 AAPL @ 327.88 | SL:330.20714285714286 TP:324.77714285714285 TS:None | strat=SMAStrategy regime=normal
2025-08-29 17:11:22 - TradeLogger - INFO - [TRADE] 2025-08-29T21:11:22.674975+00:00 | enter_short 1 AAPL @ 327.43 | SL:329.83214285714286 TP:324.2271428571429 TS:None | strat=SMAStrategy regime=normal
2025-08-29 17:11:23 - TradeLogger - INFO - [TRADE] 2025-08-29T21:11:23.184277+00:00 | enter_short 1 AAPL @ 327.28 | SL:329.74642857142857 TP:323.99142857142857 TS:None | strat=SMAStrategy regime=normal
2025-08-29 17:11:23 - TradeLogger - INFO - [TRADE] 2025-08-29T21:11:23.289050+00:00 | enter_short 1 AAPL @ 327.13 | SL:329.2814285714286 TP:324.26142857142855 TS:None | strat=SMAStrategy regime=normal
2025-08-29 17:11:23 - TradeLogger - INFO - [TRADE] 2025-08-29T21:11:23.385032+00:00 | enter_short 1 AAPL @ 327.55 | SL:329.7314285714286 TP:324.6414285714286 TS:None | strat=SMAStrategy regime=normal
2025-08-29 17:11:23 - TradeLogger - INFO - [TRADE] 2025-08-29T21:11:23.490180+00:00 | enter_short 1 AAPL @ 327.84 | SL:329.1664285714285 TP:325.8503571428571 TS:None | strat=SMAStrategy regime=low_volatility
2025-08-29 17:11:23 - TradeLogger - INFO - [TRADE] 2025-08-29T21:11:23.591537+00:00 | enter_short 1 AAPL @ 328.06 | SL:330.23285714285714 TP:325.16285714285715 TS:None | strat=SMAStrategy regime=normal
2025-08-29 17:11:23 - TradeLogger - INFO - [TRADE] 2025-08-29T21:11:23.694589+00:00 | enter_short 1 AAPL @ 327.59 | SL:329.6975 TP:324.78 TS:None | strat=SMAStrategy regime=normal
2025-08-29 17:11:23 - TradeLogger - INFO - [TRADE] 2025-08-29T21:11:23.781881+00:00 | enter_short 1 AAPL @ 327.78 | SL:329.1321428571428 TP:325.7517857142857 TS:None | strat=SMAStrategy regime=low_volatility
2025-08-29 17:11:23 - TradeLogger - INFO - [TRADE] 2025-08-29T21:11:23.882798+00:00 | enter_short 1 AAPL @ 328.94 | SL:331.15250000000003 TP:325.99 TS:None | strat=SMAStrategy regime=normal
2025-08-29 17:11:23 - TradeLogger - INFO - [TRADE] 2025-08-29T21:11:23.981760+00:00 | enter_short 1 AAPL @ 329.58 | SL:331.77964285714285 TP:326.64714285714285 TS:None | strat=SMAStrategy regime=normal
2025-08-29 17:11:28 - TradeLogger - INFO - [TRADE] 2025-08-29T21:11:28.052418+00:00 | enter_short 1 AAPL @ 333.13 | SL:335.3928571428571 TP:330.11285714285714 TS:None | strat=SMAStrategy regime=normal
2025-08-29 17:11:28 - TradeLogger - INFO - [TRADE] 2025-08-29T21:11:28.157065+00:00 | enter_short 1 AAPL @ 333.27 | SL:335.3378571428571 TP:330.5128571428571 TS:None | strat=SMAStrategy regime=normal
2025-08-29 17:11:28 - TradeLogger - INFO - [TRADE] 2025-08-29T21:11:28.245546+00:00 | enter_short 1 AAPL @ 333.08 | SL:335.26464285714286 TP:330.16714285714284 TS:None | strat=SMAStrategy regime=normal
2025-08-29 17:11:28 - TradeLogger - INFO - [TRADE] 2025-08-29T21:11:28.553542+00:00 | enter_short 1 AAPL @ 334.05 | SL:336.3621428571429 TP:330.96714285714285 TS:None | strat=SMAStrategy regime=normal
2025-08-29 17:11:28 - TradeLogger - INFO - [TRADE] 2025-08-29T21:11:28.665841+00:00 | enter_short 1 AAPL @ 334.02 | SL:336.3278571428571 TP:330.9428571428571 TS:None | strat=SMAStrategy regime=normal
2025-08-29 17:11:28 - TradeLogger - INFO - [TRADE] 2025-08-29T21:11:28.750560+00:00 | enter_short 1 AAPL @ 334.35 | SL:336.5185714285715 TP:331.4585714285715 TS:None | strat=SMAStrategy regime=normal
2025-08-29 17:11:28 - TradeLogger - INFO - [TRADE] 2025-08-29T21:11:28.858747+00:00 | enter_short 1 AAPL @ 334.52 | SL:336.62321428571425 TP:331.7157142857143 TS:None | strat=SMAStrategy regime=normal
2025-08-29 17:11:28 - TradeLogger - INFO - [TRADE] 2025-08-29T21:11:28.968932+00:00 | enter_short 1 AAPL @ 334.88 | SL:337.0775 TP:331.95 TS:None | strat=SMAStrategy regime=normal
2025-08-29 17:11:29 - TradeLogger - INFO - [TRADE] 2025-08-29T21:11:29.060671+00:00 | enter_short 1 AAPL @ 335.26 | SL:337.2817857142857 TP:332.5642857142857 TS:None | strat=SMAStrategy regime=normal
2025-08-29 17:11:29 - TradeLogger - INFO - [TRADE] 2025-08-29T21:11:29.158165+00:00 | enter_short 1 AAPL @ 335.43 | SL:337.5075 TP:332.66 TS:None | strat=SMAStrategy regime=normal
2025-08-29 17:11:30 - TradeLogger - INFO - [TRADE] 2025-08-29T21:11:30.988398+00:00 | enter_short 1 AAPL @ 333.25 | SL:335.2632142857143 TP:330.56571428571425 TS:None | strat=SMAStrategy regime=normal
2025-08-29 17:11:31 - TradeLogger - INFO - [TRADE] 2025-08-29T21:11:31.088960+00:00 | enter_short 1 AAPL @ 333.04 | SL:334.3342857142857 TP:331.09857142857146 TS:None | strat=SMAStrategy regime=low_volatility
2025-08-29 17:11:31 - TradeLogger - INFO - [TRADE] 2025-08-29T21:11:31.203947+00:00 | enter_short 1 AAPL @ 333.27 | SL:334.4892857142857 TP:331.44107142857143 TS:None | strat=SMAStrategy regime=low_volatility
2025-08-29 17:11:31 - TradeLogger - INFO - [TRADE] 2025-08-29T21:11:31.292391+00:00 | enter_short 1 AAPL @ 332.61 | SL:333.87 TP:330.72 TS:None | strat=SMAStrategy regime=low_volatility
2025-08-29 17:11:31 - TradeLogger - INFO - [TRADE] 2025-08-29T21:11:31.394256+00:00 | enter_short 1 AAPL @ 332.96 | SL:334.16499999999996 TP:331.1525 TS:None | strat=SMAStrategy regime=low_volatility
2025-08-29 17:11:31 - TradeLogger - INFO - [TRADE] 2025-08-29T21:11:31.499634+00:00 | enter_short 1 AAPL @ 333.14 | SL:335.2035714285714 TP:330.3885714285714 TS:None | strat=SMAStrategy regime=normal
2025-08-29 17:11:31 - TradeLogger - INFO - [TRADE] 2025-08-29T21:11:31.595948+00:00 | enter_short 1 AAPL @ 333.08 | SL:335.23785714285714 TP:330.2028571428571 TS:None | strat=SMAStrategy regime=normal
2025-08-29 17:11:31 - TradeLogger - INFO - [TRADE] 2025-08-29T21:11:31.703248+00:00 | enter_short 1 AAPL @ 332.89 | SL:335.02 TP:330.05 TS:None | strat=SMAStrategy regime=normal
2025-08-29 17:11:31 - TradeLogger - INFO - [TRADE] 2025-08-29T21:11:31.797817+00:00 | enter_short 1 AAPL @ 332.79 | SL:334.9639285714286 TP:329.8914285714286 TS:None | strat=SMAStrategy regime=normal
2025-08-29 17:11:31 - TradeLogger - INFO - [TRADE] 2025-08-29T21:11:31.901211+00:00 | enter_short 1 AAPL @ 333.34 | SL:335.61999999999995 TP:330.3 TS:None | strat=SMAStrategy regime=normal
2025-08-29 17:11:32 - TradeLogger - INFO - [TRADE] 2025-08-29T21:11:32.003382+00:00 | enter_short 1 AAPL @ 333.99 | SL:336.2807142857143 TP:330.9357142857143 TS:None | strat=SMAStrategy regime=normal
2025-08-29 17:11:32 - TradeLogger - INFO - [TRADE] 2025-08-29T21:11:32.101215+00:00 | enter_short 1 AAPL @ 334.02 | SL:336.23571428571427 TP:331.0657142857143 TS:None | strat=SMAStrategy regime=normal
2025-08-29 17:11:32 - TradeLogger - INFO - [TRADE] 2025-08-29T21:11:32.211137+00:00 | enter_short 1 AAPL @ 334.10 | SL:336.3360714285714 TP:331.1185714285715 TS:None | strat=SMAStrategy regime=normal
2025-08-29 17:11:32 - TradeLogger - INFO - [TRADE] 2025-08-29T21:11:32.303584+00:00 | enter_short 1 AAPL @ 334.18 | SL:336.36571428571426 TP:331.26571428571435 TS:None | strat=SMAStrategy regime=normal
2025-08-29 17:11:32 - TradeLogger - INFO - [TRADE] 2025-08-29T21:11:32.407222+00:00 | enter_short 1 AAPL @ 334.10 | SL:336.37571428571425 TP:331.06571428571436 TS:None | strat=SMAStrategy regime=normal
2025-08-29 17:11:32 - TradeLogger - INFO - [TRADE] 2025-08-29T21:11:32.710009+00:00 | enter_short 1 AAPL @ 332.46 | SL:334.6478571428571 TP:329.54285714285714 TS:None | strat=SMAStrategy regime=normal
2025-08-29 17:11:32 - TradeLogger - INFO - [TRADE] 2025-08-29T21:11:32.825781+00:00 | enter_short 1 AAPL @ 332.14 | SL:334.3482142857142 TP:329.1957142857143 TS:None | strat=SMAStrategy regime=normal
2025-08-29 17:11:32 - TradeLogger - INFO - [TRADE] 2025-08-29T21:11:32.919205+00:00 | enter_short 1 AAPL @ 332.83 | SL:334.9203571428571 TP:330.04285714285714 TS:None | strat=SMAStrategy regime=normal
2025-08-29 17:11:33 - TradeLogger - INFO - [TRADE] 2025-08-29T21:11:33.020465+00:00 | enter_short 1 AAPL @ 332.60 | SL:333.83 TP:330.75500000000005 TS:None | strat=SMAStrategy regime=low_volatility
2025-08-29 17:11:33 - TradeLogger - INFO - [TRADE] 2025-08-29T21:11:33.120801+00:00 | enter_short 1 AAPL @ 333.22 | SL:334.4457142857143 TP:331.3814285714286 TS:None | strat=SMAStrategy regime=low_volatility
2025-08-29 17:11:33 - TradeLogger - INFO - [TRADE] 2025-08-29T21:11:33.218593+00:00 | enter_short 1 AAPL @ 333.53 | SL:334.655 TP:331.8425 TS:None | strat=SMAStrategy regime=low_volatility
2025-08-29 17:11:33 - TradeLogger - INFO - [TRADE] 2025-08-29T21:11:33.328445+00:00 | enter_short 1 AAPL @ 333.99 | SL:335.1385714285714 TP:332.26714285714286 TS:None | strat=SMAStrategy regime=low_volatility
2025-08-29 17:11:33 - TradeLogger - INFO - [TRADE] 2025-08-29T21:11:33.420481+00:00 | enter_short 1 AAPL @ 333.67 | SL:334.8078571428572 TP:331.9632142857143 TS:None | strat=SMAStrategy regime=low_volatility
2025-08-29 17:11:33 - TradeLogger - INFO - [TRADE] 2025-08-29T21:11:33.521535+00:00 | enter_short 1 AAPL @ 333.74 | SL:334.8385714285714 TP:332.09214285714285 TS:None | strat=SMAStrategy regime=low_volatility
2025-08-29 17:11:33 - TradeLogger - INFO - [TRADE] 2025-08-29T21:11:33.622352+00:00 | enter_short 1 AAPL @ 333.25 | SL:334.39785714285716 TP:331.5282142857143 TS:None | strat=SMAStrategy regime=low_volatility
2025-08-29 17:11:39 - TradeLogger - INFO - [TRADE] 2025-08-29T21:11:39.306466+00:00 | enter_short 1 AAPL @ 339.32 | SL:341.60964285714283 TP:336.26714285714286 TS:None | strat=SMAStrategy regime=normal
2025-08-29 17:11:39 - TradeLogger - INFO - [TRADE] 2025-08-29T21:11:39.409626+00:00 | enter_short 1 AAPL @ 339.71 | SL:341.8667857142857 TP:336.83428571428567 TS:None | strat=SMAStrategy regime=normal
2025-08-29 17:11:39 - TradeLogger - INFO - [TRADE] 2025-08-29T21:11:39.930633+00:00 | enter_short 1 AAPL @ 341.09 | SL:343.3646428571428 TP:338.0571428571428 TS:None | strat=SMAStrategy regime=normal
2025-08-29 17:11:40 - TradeLogger - INFO - [TRADE] 2025-08-29T21:11:40.033453+00:00 | enter_short 1 AAPL @ 341.13 | SL:343.1175 TP:338.48 TS:None | strat=SMAStrategy regime=normal
2025-08-29 17:11:40 - TradeLogger - INFO - [TRADE] 2025-08-29T21:11:40.115640+00:00 | enter_short 1 AAPL @ 341.50 | SL:343.5389285714286 TP:338.7814285714286 TS:None | strat=SMAStrategy regime=normal
2025-08-29 17:11:40 - TradeLogger - INFO - [TRADE] 2025-08-29T21:11:40.221388+00:00 | enter_short 1 AAPL @ 341.66 | SL:343.7707142857143 TP:338.8457142857143 TS:None | strat=SMAStrategy regime=normal
2025-08-29 17:11:40 - TradeLogger - INFO - [TRADE] 2025-08-29T21:11:40.338483+00:00 | enter_short 1 AAPL @ 341.38 | SL:343.3696428571429 TP:338.72714285714284 TS:None | strat=SMAStrategy regime=normal
2025-08-29 17:11:46 - TradeLogger - INFO - [TRADE] 2025-08-29T21:11:46.823933+00:00 | enter_short 1 AAPL @ 344.40 | SL:346.5407142857143 TP:341.54571428571427 TS:None | strat=SMAStrategy regime=normal
2025-08-29 17:11:46 - TradeLogger - INFO - [TRADE] 2025-08-29T21:11:46.939266+00:00 | enter_short 1 AAPL @ 343.84 | SL:346.0053571428571 TP:340.9528571428571 TS:None | strat=SMAStrategy regime=normal
2025-08-29 17:11:47 - TradeLogger - INFO - [TRADE] 2025-08-29T21:11:47.022105+00:00 | enter_short 1 AAPL @ 343.41 | SL:345.6471428571429 TP:340.4271428571429 TS:None | strat=SMAStrategy regime=normal
2025-08-29 17:11:47 - TradeLogger - INFO - [TRADE] 2025-08-29T21:11:47.128029+00:00 | enter_short 1 AAPL @ 343.44 | SL:345.50678571428574 TP:340.6842857142857 TS:None | strat=SMAStrategy regime=normal
2025-08-29 17:11:47 - TradeLogger - INFO - [TRADE] 2025-08-29T21:11:47.243497+00:00 | enter_short 1 AAPL @ 343.87 | SL:345.8746428571429 TP:341.19714285714286 TS:None | strat=SMAStrategy regime=normal
2025-08-29 17:11:47 - TradeLogger - INFO - [TRADE] 2025-08-29T21:11:47.326911+00:00 | enter_short 1 AAPL @ 344.10 | SL:345.39428571428573 TP:342.15857142857146 TS:None | strat=SMAStrategy regime=low_volatility
2025-08-29 17:11:47 - TradeLogger - INFO - [TRADE] 2025-08-29T21:11:47.434489+00:00 | enter_short 1 AAPL @ 343.66 | SL:344.8914285714286 TP:341.8128571428572 TS:None | strat=SMAStrategy regime=low_volatility
2025-08-29 17:11:47 - TradeLogger - INFO - [TRADE] 2025-08-29T21:11:47.546498+00:00 | enter_short 1 AAPL @ 342.64 | SL:344.68321428571426 TP:339.9157142857143 TS:None | strat=SMAStrategy regime=normal
2025-08-29 17:11:47 - TradeLogger - INFO - [TRADE] 2025-08-29T21:11:47.629613+00:00 | enter_short 1 AAPL @ 342.97 | SL:345.0292857142858 TP:340.2242857142857 TS:None | strat=SMAStrategy regime=normal
2025-08-29 17:11:47 - TradeLogger - INFO - [TRADE] 2025-08-29T21:11:47.737477+00:00 | enter_short 1 AAPL @ 342.65 | SL:344.7007142857143 TP:339.9157142857143 TS:None | strat=SMAStrategy regime=normal
2025-08-29 17:11:47 - TradeLogger - INFO - [TRADE] 2025-08-29T21:11:47.850864+00:00 | enter_short 1 AAPL @ 342.43 | SL:343.665 TP:340.5775 TS:None | strat=SMAStrategy regime=low_volatility
2025-08-29 17:11:47 - TradeLogger - INFO - [TRADE] 2025-08-29T21:11:47.933609+00:00 | enter_short 1 AAPL @ 342.07 | SL:343.3392857142857 TP:340.1660714285714 TS:None | strat=SMAStrategy regime=low_volatility
2025-08-29 17:11:48 - TradeLogger - INFO - [TRADE] 2025-08-29T21:11:48.047979+00:00 | enter_short 1 AAPL @ 341.82 | SL:343.0835714285714 TP:339.9246428571428 TS:None | strat=SMAStrategy regime=low_volatility
2025-08-29 17:11:48 - TradeLogger - INFO - [TRADE] 2025-08-29T21:11:48.137153+00:00 | enter_short 1 AAPL @ 341.58 | SL:342.7792857142857 TP:339.7810714285714 TS:None | strat=SMAStrategy regime=low_volatility
2025-08-29 17:11:48 - TradeLogger - INFO - [TRADE] 2025-08-29T21:11:48.242070+00:00 | enter_short 1 AAPL @ 340.93 | SL:342.92821428571426 TP:338.2657142857143 TS:None | strat=SMAStrategy regime=normal
2025-08-29 17:11:48 - TradeLogger - INFO - [TRADE] 2025-08-29T21:11:48.358119+00:00 | enter_short 1 AAPL @ 340.63 | SL:342.5875 TP:338.02 TS:None | strat=SMAStrategy regime=normal
2025-08-29 17:11:48 - TradeLogger - INFO - [TRADE] 2025-08-29T21:11:48.450111+00:00 | enter_short 1 AAPL @ 340.94 | SL:342.9660714285714 TP:338.23857142857145 TS:None | strat=SMAStrategy regime=normal
2025-08-29 17:11:48 - TradeLogger - INFO - [TRADE] 2025-08-29T21:11:48.578449+00:00 | enter_short 1 AAPL @ 340.46 | SL:342.6296428571428 TP:337.56714285714287 TS:None | strat=SMAStrategy regime=normal
2025-08-29 17:11:48 - TradeLogger - INFO - [TRADE] 2025-08-29T21:11:48.648531+00:00 | enter_short 1 AAPL @ 340.50 | SL:342.5464285714286 TP:337.7714285714286 TS:None | strat=SMAStrategy regime=normal
2025-08-29 17:11:48 - TradeLogger - INFO - [TRADE] 2025-08-29T21:11:48.769284+00:00 | enter_short 1 AAPL @ 340.86 | SL:342.8925 TP:338.15000000000003 TS:None | strat=SMAStrategy regime=normal
2025-08-29 17:11:48 - TradeLogger - INFO - [TRADE] 2025-08-29T21:11:48.879595+00:00 | enter_short 1 AAPL @ 340.35 | SL:342.52714285714285 TP:337.44714285714286 TS:None | strat=SMAStrategy regime=normal
2025-08-29 17:11:48 - TradeLogger - INFO - [TRADE] 2025-08-29T21:11:48.961294+00:00 | enter_short 1 AAPL @ 340.44 | SL:341.7185714285714 TP:338.52214285714285 TS:None | strat=SMAStrategy regime=low_volatility
2025-08-29 17:11:49 - TradeLogger - INFO - [TRADE] 2025-08-29T21:11:49.075487+00:00 | enter_short 1 AAPL @ 339.83 | SL:341.8592857142857 TP:337.1242857142857 TS:None | strat=SMAStrategy regime=normal
2025-08-29 17:11:49 - TradeLogger - INFO - [TRADE] 2025-08-29T21:11:49.182833+00:00 | enter_short 1 AAPL @ 339.88 | SL:341.8642857142857 TP:337.2342857142857 TS:None | strat=SMAStrategy regime=normal
2025-08-29 17:11:49 - TradeLogger - INFO - [TRADE] 2025-08-29T21:11:49.254629+00:00 | enter_short 1 AAPL @ 339.89 | SL:341.1735714285714 TP:337.96464285714285 TS:None | strat=SMAStrategy regime=low_volatility
2025-08-29 17:11:49 - TradeLogger - INFO - [TRADE] 2025-08-29T21:11:49.358124+00:00 | enter_short 1 AAPL @ 340.09 | SL:342.20821428571423 TP:337.2657142857143 TS:None | strat=SMAStrategy regime=normal
2025-08-29 17:11:49 - TradeLogger - INFO - [TRADE] 2025-08-29T21:11:49.493657+00:00 | enter_short 1 AAPL @ 339.48 | SL:341.5885714285714 TP:336.66857142857145 TS:None | strat=SMAStrategy regime=normal
2025-08-29 17:11:49 - TradeLogger - INFO - [TRADE] 2025-08-29T21:11:49.587426+00:00 | enter_short 1 AAPL @ 339.42 | SL:341.6464285714286 TP:336.4514285714286 TS:None | strat=SMAStrategy regime=normal
2025-08-29 17:11:49 - TradeLogger - INFO - [TRADE] 2025-08-29T21:11:49.673204+00:00 | enter_short 1 AAPL @ 339.43 | SL:341.4539285714286 TP:336.7314285714286 TS:None | strat=SMAStrategy regime=normal
2025-08-29 17:11:49 - TradeLogger - INFO - [TRADE] 2025-08-29T21:11:49.793121+00:00 | enter_short 1 AAPL @ 339.29 | SL:341.36642857142857 TP:336.5214285714286 TS:None | strat=SMAStrategy regime=normal
2025-08-29 17:11:49 - TradeLogger - INFO - [TRADE] 2025-08-29T21:11:49.893623+00:00 | enter_short 1 AAPL @ 338.99 | SL:340.9667857142857 TP:336.3542857142857 TS:None | strat=SMAStrategy regime=normal
2025-08-29 17:11:49 - TradeLogger - INFO - [TRADE] 2025-08-29T21:11:49.993774+00:00 | enter_short 1 AAPL @ 338.98 | SL:340.18642857142856 TP:337.17035714285714 TS:None | strat=SMAStrategy regime=low_volatility
2025-08-29 17:11:50 - TradeLogger - INFO - [TRADE] 2025-08-29T21:11:50.115442+00:00 | enter_short 1 AAPL @ 338.87 | SL:340.11785714285713 TP:336.9982142857143 TS:None | strat=SMAStrategy regime=low_volatility
2025-08-29 17:11:50 - TradeLogger - INFO - [TRADE] 2025-08-29T21:11:50.176730+00:00 | enter_short 1 AAPL @ 338.60 | SL:339.84357142857147 TP:336.7346428571429 TS:None | strat=SMAStrategy regime=low_volatility
2025-08-29 17:11:50 - TradeLogger - INFO - [TRADE] 2025-08-29T21:11:50.308910+00:00 | enter_short 1 AAPL @ 338.25 | SL:339.4292857142857 TP:336.48107142857145 TS:None | strat=SMAStrategy regime=low_volatility
2025-08-29 17:11:50 - TradeLogger - INFO - [TRADE] 2025-08-29T21:11:50.393763+00:00 | enter_short 1 AAPL @ 338.10 | SL:339.20500000000004 TP:336.44250000000005 TS:None | strat=SMAStrategy regime=low_volatility
2025-08-29 17:11:50 - TradeLogger - INFO - [TRADE] 2025-08-29T21:11:50.480486+00:00 | enter_short 1 AAPL @ 338.43 | SL:339.55857142857144 TP:336.7371428571429 TS:None | strat=SMAStrategy regime=low_volatility
2025-08-29 17:11:50 - TradeLogger - INFO - [TRADE] 2025-08-29T21:11:50.606505+00:00 | enter_short 1 AAPL @ 337.98 | SL:339.23 TP:336.105 TS:None | strat=SMAStrategy regime=low_volatility
2025-08-29 17:11:50 - TradeLogger - INFO - [TRADE] 2025-08-29T21:11:50.685152+00:00 | enter_short 1 AAPL @ 338.83 | SL:340.8635714285714 TP:336.11857142857144 TS:None | strat=SMAStrategy regime=normal
2025-08-29 17:11:50 - TradeLogger - INFO - [TRADE] 2025-08-29T21:11:50.788163+00:00 | enter_short 1 AAPL @ 338.69 | SL:339.83714285714285 TP:336.9692857142857 TS:None | strat=SMAStrategy regime=low_volatility
2025-08-29 17:11:50 - TradeLogger - INFO - [TRADE] 2025-08-29T21:11:50.914275+00:00 | enter_short 1 AAPL @ 338.61 | SL:339.76714285714286 TP:336.87428571428575 TS:None | strat=SMAStrategy regime=low_volatility
2025-08-29 17:11:50 - TradeLogger - INFO - [TRADE] 2025-08-29T21:11:50.992733+00:00 | enter_short 1 AAPL @ 338.93 | SL:340.0207142857143 TP:337.2939285714286 TS:None | strat=SMAStrategy regime=low_volatility
2025-08-29 17:11:51 - TradeLogger - INFO - [TRADE] 2025-08-29T21:11:51.116832+00:00 | enter_short 1 AAPL @ 339.05 | SL:340.12571428571425 TP:337.4364285714286 TS:None | strat=SMAStrategy regime=low_volatility
2025-08-29 17:11:51 - TradeLogger - INFO - [TRADE] 2025-08-29T21:11:51.211267+00:00 | enter_short 1 AAPL @ 339.32 | SL:340.3307142857143 TP:337.80392857142857 TS:None | strat=SMAStrategy regime=low_volatility
2025-08-29 17:11:51 - TradeLogger - INFO - [TRADE] 2025-08-29T21:11:51.308395+00:00 | enter_short 1 AAPL @ 339.67 | SL:340.73071428571427 TP:338.0789285714286 TS:None | strat=SMAStrategy regime=low_volatility
2025-08-29 17:11:51 - TradeLogger - INFO - [TRADE] 2025-08-29T21:11:51.428024+00:00 | enter_short 1 AAPL @ 338.91 | SL:340.02000000000004 TP:337.24500000000006 TS:None | strat=SMAStrategy regime=low_volatility
2025-08-29 17:11:51 - TradeLogger - INFO - [TRADE] 2025-08-29T21:11:51.498764+00:00 | enter_short 1 AAPL @ 339.27 | SL:340.3792857142857 TP:337.6060714285714 TS:None | strat=SMAStrategy regime=low_volatility
2025-08-29 17:11:51 - TradeLogger - INFO - [TRADE] 2025-08-29T21:11:51.598428+00:00 | enter_short 1 AAPL @ 338.92 | SL:340.1557142857143 TP:337.0664285714286 TS:None | strat=SMAStrategy regime=low_volatility
2025-08-29 17:11:51 - TradeLogger - INFO - [TRADE] 2025-08-29T21:11:51.699273+00:00 | enter_short 1 AAPL @ 338.89 | SL:340.13142857142856 TP:337.02785714285716 TS:None | strat=SMAStrategy regime=low_volatility
2025-08-29 17:11:51 - TradeLogger - INFO - [TRADE] 2025-08-29T21:11:51.836877+00:00 | enter_short 1 AAPL @ 338.14 | SL:340.3225 TP:335.23 TS:None | strat=SMAStrategy regime=normal
2025-08-29 17:11:51 - TradeLogger - INFO - [TRADE] 2025-08-29T21:11:51.903066+00:00 | enter_short 1 AAPL @ 337.44 | SL:339.71892857142853 TP:334.4014285714286 TS:None | strat=SMAStrategy regime=normal
2025-08-29 17:11:52 - TradeLogger - INFO - [TRADE] 2025-08-29T21:11:52.028327+00:00 | enter_short 1 AAPL @ 337.59 | SL:339.63 TP:334.87 TS:None | strat=SMAStrategy regime=normal
2025-08-29 17:11:52 - TradeLogger - INFO - [TRADE] 2025-08-29T21:11:52.114640+00:00 | enter_short 1 AAPL @ 338.10 | SL:340.0907142857143 TP:335.4457142857143 TS:None | strat=SMAStrategy regime=normal
2025-08-29 17:11:52 - TradeLogger - INFO - [TRADE] 2025-08-29T21:11:52.223607+00:00 | enter_short 1 AAPL @ 339.13 | SL:341.24392857142857 TP:336.31142857142856 TS:None | strat=SMAStrategy regime=normal
2025-08-29 17:11:52 - TradeLogger - INFO - [TRADE] 2025-08-29T21:11:52.338707+00:00 | enter_short 1 AAPL @ 339.72 | SL:341.71607142857147 TP:337.05857142857144 TS:None | strat=SMAStrategy regime=normal
2025-08-29 17:11:52 - TradeLogger - INFO - [TRADE] 2025-08-29T21:11:52.428823+00:00 | enter_short 1 AAPL @ 339.74 | SL:341.8057142857143 TP:336.98571428571427 TS:None | strat=SMAStrategy regime=normal
2025-08-29 17:11:54 - TradeLogger - INFO - [TRADE] 2025-08-29T21:11:54.035555+00:00 | enter_short 1 AAPL @ 338.66 | SL:340.8725 TP:335.71000000000004 TS:None | strat=SMAStrategy regime=normal
2025-08-29 17:11:54 - TradeLogger - INFO - [TRADE] 2025-08-29T21:11:54.135668+00:00 | enter_short 1 AAPL @ 339.26 | SL:341.4542857142857 TP:336.3342857142857 TS:None | strat=SMAStrategy regime=normal
2025-08-29 17:11:54 - TradeLogger - INFO - [TRADE] 2025-08-29T21:11:54.864309+00:00 | enter_short 1 AAPL @ 337.76 | SL:339.6907142857143 TP:335.18571428571425 TS:None | strat=SMAStrategy regime=normal
2025-08-29 17:11:54 - TradeLogger - INFO - [TRADE] 2025-08-29T21:11:54.966314+00:00 | enter_short 1 AAPL @ 337.79 | SL:338.94214285714287 TP:336.06178571428575 TS:None | strat=SMAStrategy regime=low_volatility
2025-08-29 17:11:55 - TradeLogger - INFO - [TRADE] 2025-08-29T21:11:55.060815+00:00 | enter_short 1 AAPL @ 338.23 | SL:339.4428571428572 TP:336.4107142857143 TS:None | strat=SMAStrategy regime=low_volatility
2025-08-29 17:11:55 - TradeLogger - INFO - [TRADE] 2025-08-29T21:11:55.149854+00:00 | enter_short 1 AAPL @ 338.48 | SL:339.6592857142857 TP:336.7110714285715 TS:None | strat=SMAStrategy regime=low_volatility
2025-08-29 17:11:55 - TradeLogger - INFO - [TRADE] 2025-08-29T21:11:55.251871+00:00 | enter_short 1 AAPL @ 338.99 | SL:340.25642857142856 TP:337.09035714285716 TS:None | strat=SMAStrategy regime=low_volatility
2025-08-29 17:11:55 - TradeLogger - INFO - [TRADE] 2025-08-29T21:11:55.351940+00:00 | enter_short 1 AAPL @ 339.25 | SL:341.2760714285714 TP:336.54857142857145 TS:None | strat=SMAStrategy regime=normal
2025-08-29 17:11:55 - TradeLogger - INFO - [TRADE] 2025-08-29T21:11:55.454322+00:00 | enter_short 1 AAPL @ 338.71 | SL:340.7885714285714 TP:335.93857142857144 TS:None | strat=SMAStrategy regime=normal
2025-08-29 17:11:55 - TradeLogger - INFO - [TRADE] 2025-08-29T21:11:55.558942+00:00 | enter_short 1 AAPL @ 338.75 | SL:340.01214285714286 TP:336.8567857142857 TS:None | strat=SMAStrategy regime=low_volatility
2025-08-29 17:11:55 - TradeLogger - INFO - [TRADE] 2025-08-29T21:11:55.667215+00:00 | enter_short 1 AAPL @ 337.81 | SL:339.93035714285713 TP:334.98285714285714 TS:None | strat=SMAStrategy regime=normal
2025-08-29 17:11:55 - TradeLogger - INFO - [TRADE] 2025-08-29T21:11:55.857879+00:00 | enter_short 1 AAPL @ 337.23 | SL:338.5007142857143 TP:335.3239285714286 TS:None | strat=SMAStrategy regime=low_volatility
2025-08-29 17:11:55 - TradeLogger - INFO - [TRADE] 2025-08-29T21:11:55.999011+00:00 | enter_short 1 AAPL @ 336.65 | SL:337.89 TP:334.78999999999996 TS:None | strat=SMAStrategy regime=low_volatility
2025-08-29 17:11:56 - TradeLogger - INFO - [TRADE] 2025-08-29T21:11:56.083341+00:00 | enter_short 1 AAPL @ 337.21 | SL:339.15999999999997 TP:334.61 TS:None | strat=SMAStrategy regime=normal
2025-08-29 17:11:56 - TradeLogger - INFO - [TRADE] 2025-08-29T21:11:56.171843+00:00 | enter_short 1 AAPL @ 337.64 | SL:339.65214285714285 TP:334.95714285714286 TS:None | strat=SMAStrategy regime=normal
2025-08-29 17:11:56 - TradeLogger - INFO - [TRADE] 2025-08-29T21:11:56.284060+00:00 | enter_short 1 AAPL @ 337.97 | SL:340.1182142857143 TP:335.1057142857143 TS:None | strat=SMAStrategy regime=normal
2025-08-29 17:11:56 - TradeLogger - INFO - [TRADE] 2025-08-29T21:11:56.377483+00:00 | enter_short 1 AAPL @ 338.09 | SL:340.28214285714284 TP:335.16714285714284 TS:None | strat=SMAStrategy regime=normal
2025-08-29 17:11:56 - TradeLogger - INFO - [TRADE] 2025-08-29T21:11:56.477367+00:00 | enter_short 1 AAPL @ 337.30 | SL:339.44928571428574 TP:334.43428571428575 TS:None | strat=SMAStrategy regime=normal
2025-08-29 17:11:56 - TradeLogger - INFO - [TRADE] 2025-08-29T21:11:56.573370+00:00 | enter_short 1 AAPL @ 336.93 | SL:339.17571428571426 TP:333.9357142857143 TS:None | strat=SMAStrategy regime=normal
2025-08-29 17:11:56 - TradeLogger - INFO - [TRADE] 2025-08-29T21:11:56.679952+00:00 | enter_short 1 AAPL @ 337.07 | SL:339.27392857142854 TP:334.13142857142856 TS:None | strat=SMAStrategy regime=normal
2025-08-29 17:11:56 - TradeLogger - INFO - [TRADE] 2025-08-29T21:11:56.794687+00:00 | enter_short 1 AAPL @ 337.52 | SL:339.61892857142857 TP:334.7214285714286 TS:None | strat=SMAStrategy regime=normal
2025-08-29 17:11:56 - TradeLogger - INFO - [TRADE] 2025-08-29T21:11:56.873355+00:00 | enter_short 1 AAPL @ 338.27 | SL:340.4192857142857 TP:335.4042857142857 TS:None | strat=SMAStrategy regime=normal
2025-08-29 17:11:57 - TradeLogger - INFO - [TRADE] 2025-08-29T21:11:57.003752+00:00 | enter_short 1 AAPL @ 337.84 | SL:339.9828571428571 TP:334.98285714285714 TS:None | strat=SMAStrategy regime=normal
2025-08-29 17:11:57 - TradeLogger - INFO - [TRADE] 2025-08-29T21:11:57.093210+00:00 | enter_short 1 AAPL @ 338.20 | SL:340.45642857142855 TP:335.19142857142856 TS:None | strat=SMAStrategy regime=normal
2025-08-29 17:11:59 - TradeLogger - INFO - [TRADE] 2025-08-29T21:11:59.840339+00:00 | enter_short 1 AAPL @ 338.96 | SL:341.1928571428571 TP:335.98285714285714 TS:None | strat=SMAStrategy regime=normal
2025-08-29 17:12:00 - TradeLogger - INFO - [TRADE] 2025-08-29T21:12:00.326317+00:00 | enter_short 1 AAPL @ 339.41 | SL:341.62035714285713 TP:336.46285714285716 TS:None | strat=SMAStrategy regime=normal
2025-08-29 17:12:00 - TradeLogger - INFO - [TRADE] 2025-08-29T21:12:00.428275+00:00 | enter_short 1 AAPL @ 338.89 | SL:341.08964285714285 TP:335.95714285714286 TS:None | strat=SMAStrategy regime=normal
2025-08-29 17:12:00 - TradeLogger - INFO - [TRADE] 2025-08-29T21:12:00.534496+00:00 | enter_short 1 AAPL @ 338.88 | SL:340.8792857142857 TP:336.2142857142857 TS:None | strat=SMAStrategy regime=normal
2025-08-29 17:12:00 - TradeLogger - INFO - [TRADE] 2025-08-29T21:12:00.629663+00:00 | enter_short 1 AAPL @ 338.66 | SL:339.8757142857143 TP:336.8364285714286 TS:None | strat=SMAStrategy regime=low_volatility
2025-08-29 17:12:00 - TradeLogger - INFO - [TRADE] 2025-08-29T21:12:00.747249+00:00 | enter_short 1 AAPL @ 338.69 | SL:340.7235714285714 TP:335.97857142857146 TS:None | strat=SMAStrategy regime=normal
2025-08-29 17:12:00 - TradeLogger - INFO - [TRADE] 2025-08-29T21:12:00.840566+00:00 | enter_short 1 AAPL @ 339.10 | SL:341.22357142857146 TP:336.2685714285715 TS:None | strat=SMAStrategy regime=normal
2025-08-29 17:12:00 - TradeLogger - INFO - [TRADE] 2025-08-29T21:12:00.945921+00:00 | enter_short 1 AAPL @ 339.56 | SL:341.6428571428571 TP:336.78285714285715 TS:None | strat=SMAStrategy regime=normal
2025-08-29 17:12:01 - TradeLogger - INFO - [TRADE] 2025-08-29T21:12:01.037075+00:00 | enter_short 1 AAPL @ 340.01 | SL:342.0842857142857 TP:337.2442857142857 TS:None | strat=SMAStrategy regime=normal
2025-08-29 17:12:01 - TradeLogger - INFO - [TRADE] 2025-08-29T21:12:01.147614+00:00 | enter_short 1 AAPL @ 341.14 | SL:343.42857142857144 TP:338.0885714285714 TS:None | strat=SMAStrategy regime=normal
2025-08-29 17:12:01 - TradeLogger - INFO - [TRADE] 2025-08-29T21:12:01.648771+00:00 | enter_long 144 AAPL @ 343.32 | SL:339.8685714285714 TP:348.4971428571429 TS:None | strat=SMAStrategy regime=high_volatility
2025-08-29 17:12:05 - TradeLogger - INFO - [TRADE] 2025-08-29T21:12:05.311329+00:00 | enter_short 1 AAPL @ 338.93 | SL:341.2271428571429 TP:335.8671428571429 TS:None | strat=SMAStrategy regime=normal
2025-08-29 17:12:05 - TradeLogger - INFO - [TRADE] 2025-08-29T21:12:05.418500+00:00 | enter_short 1 AAPL @ 339.13 | SL:341.40035714285716 TP:336.10285714285715 TS:None | strat=SMAStrategy regime=normal
2025-08-29 17:12:05 - TradeLogger - INFO - [TRADE] 2025-08-29T21:12:05.498720+00:00 | enter_short 1 AAPL @ 338.37 | SL:340.40035714285716 TP:335.66285714285715 TS:None | strat=SMAStrategy regime=normal
2025-08-29 17:12:05 - TradeLogger - INFO - [TRADE] 2025-08-29T21:12:05.607785+00:00 | enter_short 1 AAPL @ 337.78 | SL:339.7857142857143 TP:335.10571428571427 TS:None | strat=SMAStrategy regime=normal
2025-08-29 17:12:05 - TradeLogger - INFO - [TRADE] 2025-08-29T21:12:05.722164+00:00 | enter_short 1 AAPL @ 337.34 | SL:338.60714285714283 TP:335.4392857142857 TS:None | strat=SMAStrategy regime=low_volatility
2025-08-29 17:12:05 - TradeLogger - INFO - [TRADE] 2025-08-29T21:12:05.808386+00:00 | enter_short 1 AAPL @ 337.67 | SL:338.9514285714286 TP:335.74785714285713 TS:None | strat=SMAStrategy regime=low_volatility
2025-08-29 17:12:05 - TradeLogger - INFO - [TRADE] 2025-08-29T21:12:05.905042+00:00 | enter_short 1 AAPL @ 337.41 | SL:338.6714285714286 TP:335.51785714285717 TS:None | strat=SMAStrategy regime=low_volatility
2025-08-29 17:12:06 - TradeLogger - INFO - [TRADE] 2025-08-29T21:12:06.006269+00:00 | enter_short 1 AAPL @ 337.79 | SL:338.9614285714286 TP:336.03285714285715 TS:None | strat=SMAStrategy regime=low_volatility
2025-08-29 17:12:06 - TradeLogger - INFO - [TRADE] 2025-08-29T21:12:06.106905+00:00 | enter_short 1 AAPL @ 337.40 | SL:338.4707142857143 TP:335.7939285714286 TS:None | strat=SMAStrategy regime=low_volatility
2025-08-29 17:12:06 - TradeLogger - INFO - [TRADE] 2025-08-29T21:12:06.222248+00:00 | enter_short 1 AAPL @ 336.74 | SL:337.8285714285714 TP:335.1071428571429 TS:None | strat=SMAStrategy regime=low_volatility
2025-08-29 17:12:06 - TradeLogger - INFO - [TRADE] 2025-08-29T21:12:06.310820+00:00 | enter_short 1 AAPL @ 336.83 | SL:337.8492857142857 TP:335.30107142857145 TS:None | strat=SMAStrategy regime=low_volatility
2025-08-29 17:12:06 - TradeLogger - INFO - [TRADE] 2025-08-29T21:12:06.429001+00:00 | enter_short 1 AAPL @ 336.86 | SL:337.94 TP:335.24 TS:None | strat=SMAStrategy regime=low_volatility
2025-08-29 17:12:06 - TradeLogger - INFO - [TRADE] 2025-08-29T21:12:06.514370+00:00 | enter_short 1 AAPL @ 336.54 | SL:337.555 TP:335.01750000000004 TS:None | strat=SMAStrategy regime=low_volatility
2025-08-29 17:12:06 - TradeLogger - INFO - [TRADE] 2025-08-29T21:12:06.617376+00:00 | enter_short 1 AAPL @ 336.76 | SL:337.8457142857143 TP:335.13142857142856 TS:None | strat=SMAStrategy regime=low_volatility
2025-08-29 17:12:06 - TradeLogger - INFO - [TRADE] 2025-08-29T21:12:06.719484+00:00 | enter_short 1 AAPL @ 337.00 | SL:338.06142857142856 TP:335.40785714285715 TS:None | strat=SMAStrategy regime=low_volatility
2025-08-29 17:12:06 - TradeLogger - INFO - [TRADE] 2025-08-29T21:12:06.825384+00:00 | enter_short 1 AAPL @ 337.57 | SL:338.68 TP:335.905 TS:None | strat=SMAStrategy regime=low_volatility
2025-08-29 17:12:06 - TradeLogger - INFO - [TRADE] 2025-08-29T21:12:06.936477+00:00 | enter_short 1 AAPL @ 337.88 | SL:338.9442857142857 TP:336.2835714285714 TS:None | strat=SMAStrategy regime=low_volatility
2025-08-29 17:12:07 - TradeLogger - INFO - [TRADE] 2025-08-29T21:12:07.020617+00:00 | enter_short 1 AAPL @ 337.87 | SL:338.90714285714284 TP:336.31428571428575 TS:None | strat=SMAStrategy regime=low_volatility
2025-08-29 17:12:07 - TradeLogger - INFO - [TRADE] 2025-08-29T21:12:07.126914+00:00 | enter_short 1 AAPL @ 337.45 | SL:338.565 TP:335.77750000000003 TS:None | strat=SMAStrategy regime=low_volatility
2025-08-29 17:12:07 - TradeLogger - INFO - [TRADE] 2025-08-29T21:12:07.238365+00:00 | enter_short 1 AAPL @ 337.08 | SL:338.26642857142855 TP:335.30035714285714 TS:None | strat=SMAStrategy regime=low_volatility
2025-08-29 17:12:07 - TradeLogger - INFO - [TRADE] 2025-08-29T21:12:07.323662+00:00 | enter_short 1 AAPL @ 336.98 | SL:338.175 TP:335.18750000000006 TS:None | strat=SMAStrategy regime=low_volatility
2025-08-29 17:12:07 - TradeLogger - INFO - [TRADE] 2025-08-29T21:12:07.427676+00:00 | enter_short 1 AAPL @ 337.11 | SL:338.2292857142857 TP:335.43107142857144 TS:None | strat=SMAStrategy regime=low_volatility
2025-08-29 17:12:07 - TradeLogger - INFO - [TRADE] 2025-08-29T21:12:07.528159+00:00 | enter_short 1 AAPL @ 336.81 | SL:337.98857142857145 TP:335.0421428571429 TS:None | strat=SMAStrategy regime=low_volatility
2025-08-29 17:12:07 - TradeLogger - INFO - [TRADE] 2025-08-29T21:12:07.631335+00:00 | enter_short 1 AAPL @ 336.32 | SL:337.53785714285715 TP:334.49321428571426 TS:None | strat=SMAStrategy regime=low_volatility
2025-08-29 17:12:07 - TradeLogger - INFO - [TRADE] 2025-08-29T21:12:07.730553+00:00 | enter_short 1 AAPL @ 335.94 | SL:337.9767857142857 TP:333.2242857142857 TS:None | strat=SMAStrategy regime=normal
2025-08-29 17:12:07 - TradeLogger - INFO - [TRADE] 2025-08-29T21:12:07.842888+00:00 | enter_short 1 AAPL @ 336.59 | SL:338.65892857142853 TP:333.83142857142855 TS:None | strat=SMAStrategy regime=normal
2025-08-29 17:12:07 - TradeLogger - INFO - [TRADE] 2025-08-29T21:12:07.932244+00:00 | enter_short 1 AAPL @ 336.16 | SL:338.485 TP:333.06 TS:None | strat=SMAStrategy regime=normal
2025-08-29 17:12:09 - TradeLogger - INFO - [TRADE] 2025-08-29T21:12:09.476887+00:00 | enter_short 1 AAPL @ 335.74 | SL:338.03285714285715 TP:332.6828571428572 TS:None | strat=SMAStrategy regime=normal
2025-08-29 17:12:09 - TradeLogger - INFO - [TRADE] 2025-08-29T21:12:09.571576+00:00 | enter_short 1 AAPL @ 335.38 | SL:337.5389285714285 TP:332.50142857142856 TS:None | strat=SMAStrategy regime=normal
2025-08-29 17:12:09 - TradeLogger - INFO - [TRADE] 2025-08-29T21:12:09.661334+00:00 | enter_short 1 AAPL @ 335.20 | SL:337.1928571428571 TP:332.54285714285714 TS:None | strat=SMAStrategy regime=normal
2025-08-29 17:12:09 - TradeLogger - INFO - [TRADE] 2025-08-29T21:12:09.763155+00:00 | enter_short 1 AAPL @ 335.04 | SL:336.31928571428574 TP:333.12107142857144 TS:None | strat=SMAStrategy regime=low_volatility
2025-08-29 17:12:09 - TradeLogger - INFO - [TRADE] 2025-08-29T21:12:09.860863+00:00 | enter_short 1 AAPL @ 335.50 | SL:336.77142857142854 TP:333.59285714285716 TS:None | strat=SMAStrategy regime=low_volatility
2025-08-29 17:12:09 - TradeLogger - INFO - [TRADE] 2025-08-29T21:12:09.963563+00:00 | enter_short 1 AAPL @ 335.44 | SL:336.67571428571426 TP:333.5864285714286 TS:None | strat=SMAStrategy regime=low_volatility
2025-08-29 17:12:10 - TradeLogger - INFO - [TRADE] 2025-08-29T21:12:10.072205+00:00 | enter_short 1 AAPL @ 335.01 | SL:337.0210714285714 TP:332.3285714285714 TS:None | strat=SMAStrategy regime=normal
2025-08-29 17:12:10 - TradeLogger - INFO - [TRADE] 2025-08-29T21:12:10.163200+00:00 | enter_short 1 AAPL @ 335.06 | SL:337.1535714285714 TP:332.2685714285714 TS:None | strat=SMAStrategy regime=normal
2025-08-29 17:12:10 - TradeLogger - INFO - [TRADE] 2025-08-29T21:12:10.267157+00:00 | enter_short 1 AAPL @ 334.51 | SL:336.53499999999997 TP:331.81 TS:None | strat=SMAStrategy regime=normal
2025-08-29 17:12:10 - TradeLogger - INFO - [TRADE] 2025-08-29T21:12:10.366849+00:00 | enter_short 1 AAPL @ 333.73 | SL:334.98285714285714 TP:331.85071428571433 TS:None | strat=SMAStrategy regime=low_volatility
2025-08-29 17:12:10 - TradeLogger - INFO - [TRADE] 2025-08-29T21:12:10.472038+00:00 | enter_short 1 AAPL @ 334.11 | SL:335.2457142857143 TP:332.4064285714286 TS:None | strat=SMAStrategy regime=low_volatility
2025-08-29 17:12:10 - TradeLogger - INFO - [TRADE] 2025-08-29T21:12:10.567922+00:00 | enter_short 1 AAPL @ 334.35 | SL:335.5185714285714 TP:332.5971428571429 TS:None | strat=SMAStrategy regime=low_volatility
2025-08-29 17:12:10 - TradeLogger - INFO - [TRADE] 2025-08-29T21:12:10.668579+00:00 | enter_short 1 AAPL @ 335.26 | SL:336.48571428571427 TP:333.4214285714286 TS:None | strat=SMAStrategy regime=low_volatility
2025-08-29 17:12:10 - TradeLogger - INFO - [TRADE] 2025-08-29T21:12:10.773151+00:00 | enter_short 1 AAPL @ 335.21 | SL:336.3885714285714 TP:333.44214285714287 TS:None | strat=SMAStrategy regime=low_volatility
2025-08-29 17:12:10 - TradeLogger - INFO - [TRADE] 2025-08-29T21:12:10.871299+00:00 | enter_short 1 AAPL @ 335.79 | SL:337.0078571428572 TP:333.9632142857143 TS:None | strat=SMAStrategy regime=low_volatility
2025-08-29 17:12:10 - TradeLogger - INFO - [TRADE] 2025-08-29T21:12:10.977737+00:00 | enter_short 1 AAPL @ 335.20 | SL:336.43857142857144 TP:333.34214285714285 TS:None | strat=SMAStrategy regime=low_volatility
2025-08-29 17:12:11 - TradeLogger - INFO - [TRADE] 2025-08-29T21:12:11.080472+00:00 | enter_short 1 AAPL @ 335.00 | SL:336.2192857142857 TP:333.17107142857145 TS:None | strat=SMAStrategy regime=low_volatility
2025-08-29 17:12:11 - TradeLogger - INFO - [TRADE] 2025-08-29T21:12:11.199508+00:00 | enter_short 1 AAPL @ 335.00 | SL:336.94678571428574 TP:332.4042857142857 TS:None | strat=SMAStrategy regime=normal
2025-08-29 17:12:11 - TradeLogger - INFO - [TRADE] 2025-08-29T21:12:11.277824+00:00 | enter_short 1 AAPL @ 335.17 | SL:337.39535714285716 TP:332.20285714285717 TS:None | strat=SMAStrategy regime=normal
2025-08-29 17:12:11 - TradeLogger - INFO - [TRADE] 2025-08-29T21:12:11.380183+00:00 | enter_short 1 AAPL @ 334.75 | SL:336.97749999999996 TP:331.78000000000003 TS:None | strat=SMAStrategy regime=normal
2025-08-29 17:12:11 - TradeLogger - INFO - [TRADE] 2025-08-29T21:12:11.501552+00:00 | enter_short 1 AAPL @ 335.19 | SL:337.40464285714285 TP:332.2371428571429 TS:None | strat=SMAStrategy regime=normal
2025-08-29 17:12:11 - TradeLogger - INFO - [TRADE] 2025-08-29T21:12:11.895353+00:00 | enter_short 1 AAPL @ 334.31 | SL:336.5439285714286 TP:331.3314285714286 TS:None | strat=SMAStrategy regime=normal
2025-08-29 17:12:12 - TradeLogger - INFO - [TRADE] 2025-08-29T21:12:12.006543+00:00 | enter_short 1 AAPL @ 333.92 | SL:336.19142857142856 TP:330.8914285714286 TS:None | strat=SMAStrategy regime=normal
2025-08-29 17:12:12 - TradeLogger - INFO - [TRADE] 2025-08-29T21:12:12.089558+00:00 | enter_short 1 AAPL @ 334.17 | SL:336.27964285714285 TP:331.3571428571429 TS:None | strat=SMAStrategy regime=normal
2025-08-29 17:12:12 - TradeLogger - INFO - [TRADE] 2025-08-29T21:12:12.188548+00:00 | enter_short 1 AAPL @ 334.07 | SL:336.1410714285714 TP:331.30857142857144 TS:None | strat=SMAStrategy regime=normal
2025-08-29 17:12:12 - TradeLogger - INFO - [TRADE] 2025-08-29T21:12:12.290903+00:00 | enter_short 1 AAPL @ 334.47 | SL:336.48535714285714 TP:331.7828571428572 TS:None | strat=SMAStrategy regime=normal
2025-08-29 17:12:12 - TradeLogger - INFO - [TRADE] 2025-08-29T21:12:12.397417+00:00 | enter_short 1 AAPL @ 333.99 | SL:336.12 TP:331.15000000000003 TS:None | strat=SMAStrategy regime=normal
2025-08-29 17:12:12 - TradeLogger - INFO - [TRADE] 2025-08-29T21:12:12.496567+00:00 | enter_short 1 AAPL @ 334.59 | SL:336.885 TP:331.53 TS:None | strat=SMAStrategy regime=normal
2025-08-29 17:12:12 - TradeLogger - INFO - [TRADE] 2025-08-29T21:12:12.606108+00:00 | enter_short 1 AAPL @ 334.91 | SL:337.2832142857143 TP:331.7457142857143 TS:None | strat=SMAStrategy regime=normal
2025-08-29 17:12:12 - TradeLogger - INFO - [TRADE] 2025-08-29T21:12:12.694898+00:00 | enter_short 1 AAPL @ 334.23 | SL:336.35035714285715 TP:331.40285714285716 TS:None | strat=SMAStrategy regime=normal
2025-08-29 17:12:12 - TradeLogger - INFO - [TRADE] 2025-08-29T21:12:12.918636+00:00 | enter_short 1 AAPL @ 333.24 | SL:335.4664285714286 TP:330.2714285714286 TS:None | strat=SMAStrategy regime=normal
2025-08-29 17:12:13 - TradeLogger - INFO - [TRADE] 2025-08-29T21:12:13.002172+00:00 | enter_short 1 AAPL @ 332.72 | SL:334.9989285714286 TP:329.68142857142857 TS:None | strat=SMAStrategy regime=normal
2025-08-29 17:12:13 - TradeLogger - INFO - [TRADE] 2025-08-29T21:12:13.106559+00:00 | enter_short 1 AAPL @ 332.82 | SL:335.0132142857143 TP:329.8957142857143 TS:None | strat=SMAStrategy regime=normal
2025-08-29 17:12:13 - TradeLogger - INFO - [TRADE] 2025-08-29T21:12:13.203298+00:00 | enter_short 1 AAPL @ 332.58 | SL:334.80857142857144 TP:329.6085714285714 TS:None | strat=SMAStrategy regime=normal
2025-08-29 17:12:14 - TradeLogger - INFO - [TRADE] 2025-08-29T21:12:14.235194+00:00 | enter_short 1 AAPL @ 331.11 | SL:333.4125 TP:328.04 TS:None | strat=SMAStrategy regime=normal
2025-08-29 17:12:14 - TradeLogger - INFO - [TRADE] 2025-08-29T21:12:14.434042+00:00 | enter_short 1 AAPL @ 331.85 | SL:334.25000000000006 TP:328.65 TS:None | strat=SMAStrategy regime=normal
2025-08-29 17:12:14 - TradeLogger - INFO - [TRADE] 2025-08-29T21:12:14.723666+00:00 | enter_short 1 AAPL @ 331.81 | SL:334.045 TP:328.83 TS:None | strat=SMAStrategy regime=normal
2025-08-29 17:12:14 - TradeLogger - INFO - [TRADE] 2025-08-29T21:12:14.827357+00:00 | enter_short 1 AAPL @ 331.39 | SL:333.6582142857143 TP:328.36571428571426 TS:None | strat=SMAStrategy regime=normal
2025-08-29 17:12:14 - TradeLogger - INFO - [TRADE] 2025-08-29T21:12:14.929869+00:00 | enter_short 1 AAPL @ 331.69 | SL:333.85857142857145 TP:328.79857142857145 TS:None | strat=SMAStrategy regime=normal
2025-08-29 17:12:15 - TradeLogger - INFO - [TRADE] 2025-08-29T21:12:15.029355+00:00 | enter_short 1 AAPL @ 331.00 | SL:333.1932142857143 TP:328.0757142857143 TS:None | strat=SMAStrategy regime=normal
2025-08-29 17:12:15 - TradeLogger - INFO - [TRADE] 2025-08-29T21:12:15.133242+00:00 | enter_short 1 AAPL @ 330.76 | SL:333.145 TP:327.58 TS:None | strat=SMAStrategy regime=normal
2025-08-29 17:12:15 - TradeLogger - INFO - [TRADE] 2025-08-29T21:12:15.230646+00:00 | enter_short 1 AAPL @ 330.87 | SL:333.11571428571426 TP:327.8757142857143 TS:None | strat=SMAStrategy regime=normal
2025-08-29 17:12:15 - TradeLogger - INFO - [TRADE] 2025-08-29T21:12:15.336315+00:00 | enter_short 1 AAPL @ 331.95 | SL:334.1325 TP:329.04 TS:None | strat=SMAStrategy regime=normal
2025-08-29 17:12:16 - TradeLogger - INFO - [TRADE] 2025-08-29T21:12:16.869286+00:00 | enter_short 1 AAPL @ 329.97 | SL:332.2982142857143 TP:326.8657142857143 TS:None | strat=SMAStrategy regime=normal
2025-08-29 17:12:16 - TradeLogger - INFO - [TRADE] 2025-08-29T21:12:16.977474+00:00 | enter_short 1 AAPL @ 330.54 | SL:332.97 TP:327.30000000000007 TS:None | strat=SMAStrategy regime=normal
2025-08-29 17:12:17 - TradeLogger - INFO - [TRADE] 2025-08-29T21:12:17.179733+00:00 | enter_short 1 AAPL @ 331.05 | SL:333.3675 TP:327.96000000000004 TS:None | strat=SMAStrategy regime=normal
2025-08-29 17:12:17 - TradeLogger - INFO - [TRADE] 2025-08-29T21:12:17.269254+00:00 | enter_short 1 AAPL @ 330.97 | SL:333.11607142857144 TP:328.10857142857145 TS:None | strat=SMAStrategy regime=normal
2025-08-29 17:12:17 - TradeLogger - INFO - [TRADE] 2025-08-29T21:12:17.372181+00:00 | enter_short 1 AAPL @ 330.50 | SL:332.56357142857144 TP:327.74857142857144 TS:None | strat=SMAStrategy regime=normal
2025-08-29 17:12:17 - TradeLogger - INFO - [TRADE] 2025-08-29T21:12:17.464924+00:00 | enter_short 1 AAPL @ 330.44 | SL:332.5132142857143 TP:327.6757142857143 TS:None | strat=SMAStrategy regime=normal
2025-08-29 17:12:17 - TradeLogger - INFO - [TRADE] 2025-08-29T21:12:17.568089+00:00 | enter_short 1 AAPL @ 330.95 | SL:332.9653571428571 TP:328.2628571428572 TS:None | strat=SMAStrategy regime=normal
2025-08-29 17:12:17 - TradeLogger - INFO - [TRADE] 2025-08-29T21:12:17.668360+00:00 | enter_short 1 AAPL @ 330.40 | SL:332.4239285714285 TP:327.70142857142855 TS:None | strat=SMAStrategy regime=normal
2025-08-29 17:12:17 - TradeLogger - INFO - [TRADE] 2025-08-29T21:12:17.776854+00:00 | enter_short 1 AAPL @ 330.34 | SL:332.33071428571424 TP:327.68571428571425 TS:None | strat=SMAStrategy regime=normal
2025-08-29 17:12:17 - TradeLogger - INFO - [TRADE] 2025-08-29T21:12:17.868939+00:00 | enter_short 1 AAPL @ 329.62 | SL:331.6032142857143 TP:326.9757142857143 TS:None | strat=SMAStrategy regime=normal
2025-08-29 17:12:17 - TradeLogger - INFO - [TRADE] 2025-08-29T21:12:17.970132+00:00 | enter_short 1 AAPL @ 329.71 | SL:331.7660714285714 TP:326.9685714285714 TS:None | strat=SMAStrategy regime=normal
2025-08-29 17:12:18 - TradeLogger - INFO - [TRADE] 2025-08-29T21:12:18.101518+00:00 | enter_short 1 AAPL @ 330.00 | SL:332.0464285714286 TP:327.2714285714286 TS:None | strat=SMAStrategy regime=normal
2025-08-29 17:12:18 - TradeLogger - INFO - [TRADE] 2025-08-29T21:12:18.173206+00:00 | enter_short 1 AAPL @ 329.90 | SL:331.9625 TP:327.15 TS:None | strat=SMAStrategy regime=normal
2025-08-29 17:12:18 - TradeLogger - INFO - [TRADE] 2025-08-29T21:12:18.296887+00:00 | enter_short 1 AAPL @ 330.79 | SL:332.8525 TP:328.04 TS:None | strat=SMAStrategy regime=normal
2025-08-29 17:12:18 - TradeLogger - INFO - [TRADE] 2025-08-29T21:12:18.406117+00:00 | enter_short 1 AAPL @ 330.67 | SL:331.87357142857144 TP:328.8646428571429 TS:None | strat=SMAStrategy regime=low_volatility
2025-08-29 17:12:18 - TradeLogger - INFO - [TRADE] 2025-08-29T21:12:18.490850+00:00 | enter_short 1 AAPL @ 330.86 | SL:332.0292857142857 TP:329.10607142857145 TS:None | strat=SMAStrategy regime=low_volatility
2025-08-29 17:12:18 - TradeLogger - INFO - [TRADE] 2025-08-29T21:12:18.601247+00:00 | enter_short 1 AAPL @ 331.22 | SL:332.31714285714287 TP:329.57428571428574 TS:None | strat=SMAStrategy regime=low_volatility
2025-08-29 17:12:18 - TradeLogger - INFO - [TRADE] 2025-08-29T21:12:18.688869+00:00 | enter_short 1 AAPL @ 330.47 | SL:331.6064285714286 TP:328.76535714285717 TS:None | strat=SMAStrategy regime=low_volatility
2025-08-29 17:12:18 - TradeLogger - INFO - [TRADE] 2025-08-29T21:12:18.818362+00:00 | enter_short 1 AAPL @ 331.15 | SL:332.34214285714285 TP:329.3617857142857 TS:None | strat=SMAStrategy regime=low_volatility
2025-08-29 17:12:18 - TradeLogger - INFO - [TRADE] 2025-08-29T21:12:18.891032+00:00 | enter_short 1 AAPL @ 331.44 | SL:332.64714285714285 TP:329.62928571428574 TS:None | strat=SMAStrategy regime=low_volatility
2025-08-29 17:12:21 - TradeLogger - INFO - [TRADE] 2025-08-29T21:12:21.043630+00:00 | enter_short 1 AAPL @ 331.90 | SL:333.9517857142857 TP:329.1642857142857 TS:None | strat=SMAStrategy regime=normal
2025-08-29 17:12:21 - TradeLogger - INFO - [TRADE] 2025-08-29T21:12:21.136881+00:00 | enter_short 1 AAPL @ 332.12 | SL:334.19428571428574 TP:329.3542857142857 TS:None | strat=SMAStrategy regime=normal
2025-08-29 17:12:21 - TradeLogger - INFO - [TRADE] 2025-08-29T21:12:21.230025+00:00 | enter_short 1 AAPL @ 331.53 | SL:333.6535714285714 TP:328.6985714285714 TS:None | strat=SMAStrategy regime=normal
2025-08-29 17:12:21 - TradeLogger - INFO - [TRADE] 2025-08-29T21:12:21.330449+00:00 | enter_short 1 AAPL @ 332.10 | SL:334.50214285714287 TP:328.8971428571429 TS:None | strat=SMAStrategy regime=normal
2025-08-29 17:12:21 - TradeLogger - INFO - [TRADE] 2025-08-29T21:12:21.429588+00:00 | enter_short 1 AAPL @ 331.40 | SL:333.8278571428571 TP:328.1628571428571 TS:None | strat=SMAStrategy regime=normal
2025-08-29 17:12:21 - TradeLogger - INFO - [TRADE] 2025-08-29T21:12:21.527875+00:00 | enter_short 1 AAPL @ 330.98 | SL:333.4046428571429 TP:327.7471428571429 TS:None | strat=SMAStrategy regime=normal
2025-08-29 17:12:21 - TradeLogger - INFO - [TRADE] 2025-08-29T21:12:21.941108+00:00 | enter_short 1 AAPL @ 333.05 | SL:335.4296428571429 TP:329.87714285714287 TS:None | strat=SMAStrategy regime=normal
2025-08-29 17:12:22 - TradeLogger - INFO - [TRADE] 2025-08-29T21:12:22.058786+00:00 | enter_short 1 AAPL @ 332.53 | SL:334.73499999999996 TP:329.59 TS:None | strat=SMAStrategy regime=normal
2025-08-29 17:12:22 - TradeLogger - INFO - [TRADE] 2025-08-29T21:12:22.137583+00:00 | enter_short 1 AAPL @ 332.59 | SL:334.71892857142853 TP:329.7514285714285 TS:None | strat=SMAStrategy regime=normal
2025-08-29 17:12:22 - TradeLogger - INFO - [TRADE] 2025-08-29T21:12:22.258931+00:00 | enter_short 1 AAPL @ 331.74 | SL:333.9375 TP:328.81 TS:None | strat=SMAStrategy regime=normal
2025-08-29 17:12:22 - TradeLogger - INFO - [TRADE] 2025-08-29T21:12:22.344059+00:00 | enter_short 1 AAPL @ 331.74 | SL:334.09285714285716 TP:328.60285714285715 TS:None | strat=SMAStrategy regime=normal
2025-08-29 17:12:27 - TradeLogger - INFO - [TRADE] 2025-08-29T21:12:27.937223+00:00 | enter_short 1 AAPL @ 334.85 | SL:336.11785714285713 TP:332.9482142857143 TS:None | strat=SMAStrategy regime=low_volatility
2025-08-29 17:12:28 - TradeLogger - INFO - [TRADE] 2025-08-29T21:12:28.034326+00:00 | enter_short 1 AAPL @ 334.68 | SL:335.8992857142857 TP:332.85107142857146 TS:None | strat=SMAStrategy regime=low_volatility
2025-08-29 17:12:28 - TradeLogger - INFO - [TRADE] 2025-08-29T21:12:28.136442+00:00 | enter_short 1 AAPL @ 334.88 | SL:336.09 TP:333.065 TS:None | strat=SMAStrategy regime=low_volatility
2025-08-29 17:12:28 - TradeLogger - INFO - [TRADE] 2025-08-29T21:12:28.233389+00:00 | enter_short 1 AAPL @ 335.30 | SL:336.4535714285714 TP:333.56964285714287 TS:None | strat=SMAStrategy regime=low_volatility
2025-08-29 17:12:28 - TradeLogger - INFO - [TRADE] 2025-08-29T21:12:28.334582+00:00 | enter_short 1 AAPL @ 334.63 | SL:335.7335714285714 TP:332.97464285714284 TS:None | strat=SMAStrategy regime=low_volatility
2025-08-29 17:12:28 - TradeLogger - INFO - [TRADE] 2025-08-29T21:12:28.458270+00:00 | enter_short 1 AAPL @ 333.23 | SL:334.3014285714286 TP:331.6228571428572 TS:None | strat=SMAStrategy regime=low_volatility
2025-08-29 17:12:28 - TradeLogger - INFO - [TRADE] 2025-08-29T21:12:28.535032+00:00 | enter_short 1 AAPL @ 332.92 | SL:334.06714285714287 TP:331.19928571428574 TS:None | strat=SMAStrategy regime=low_volatility
2025-08-29 17:12:28 - TradeLogger - INFO - [TRADE] 2025-08-29T21:12:28.650216+00:00 | enter_short 1 AAPL @ 332.97 | SL:334.14214285714286 TP:331.2117857142857 TS:None | strat=SMAStrategy regime=low_volatility
2025-08-29 17:12:28 - TradeLogger - INFO - [TRADE] 2025-08-29T21:12:28.767584+00:00 | enter_short 1 AAPL @ 332.96 | SL:334.10714285714283 TP:331.2392857142857 TS:None | strat=SMAStrategy regime=low_volatility
2025-08-29 17:12:28 - TradeLogger - INFO - [TRADE] 2025-08-29T21:12:28.841238+00:00 | enter_short 1 AAPL @ 332.97 | SL:334.03857142857146 TP:331.3671428571429 TS:None | strat=SMAStrategy regime=low_volatility
2025-08-29 17:12:28 - TradeLogger - INFO - [TRADE] 2025-08-29T21:12:28.945488+00:00 | enter_short 1 AAPL @ 332.63 | SL:333.73857142857145 TP:330.96714285714285 TS:None | strat=SMAStrategy regime=low_volatility
2025-08-29 17:12:29 - TradeLogger - INFO - [TRADE] 2025-08-29T21:12:29.069373+00:00 | enter_short 1 AAPL @ 332.03 | SL:333.0307142857143 TP:330.52892857142854 TS:None | strat=SMAStrategy regime=low_volatility
2025-08-29 17:12:29 - TradeLogger - INFO - [TRADE] 2025-08-29T21:12:29.150686+00:00 | enter_short 1 AAPL @ 331.84 | SL:332.92999999999995 TP:330.205 TS:None | strat=SMAStrategy regime=low_volatility
2025-08-29 17:12:29 - TradeLogger - INFO - [TRADE] 2025-08-29T21:12:29.250374+00:00 | enter_short 1 AAPL @ 331.86 | SL:332.93857142857144 TP:330.2421428571429 TS:None | strat=SMAStrategy regime=low_volatility
2025-08-29 17:12:29 - TradeLogger - INFO - [TRADE] 2025-08-29T21:12:29.349486+00:00 | enter_short 1 AAPL @ 332.55 | SL:333.72785714285715 TP:330.7832142857143 TS:None | strat=SMAStrategy regime=low_volatility
2025-08-29 17:12:29 - TradeLogger - INFO - [TRADE] 2025-08-29T21:12:29.453652+00:00 | enter_short 1 AAPL @ 332.87 | SL:334.0728571428572 TP:331.0657142857143 TS:None | strat=SMAStrategy regime=low_volatility
2025-08-29 17:12:29 - TradeLogger - INFO - [TRADE] 2025-08-29T21:12:29.560526+00:00 | enter_short 1 AAPL @ 333.22 | SL:334.44000000000005 TP:331.39000000000004 TS:None | strat=SMAStrategy regime=low_volatility
2025-08-29 17:12:29 - TradeLogger - INFO - [TRADE] 2025-08-29T21:12:29.663550+00:00 | enter_short 1 AAPL @ 333.24 | SL:334.4657142857143 TP:331.4014285714286 TS:None | strat=SMAStrategy regime=low_volatility
2025-08-29 17:12:29 - TradeLogger - INFO - [TRADE] 2025-08-29T21:12:29.786577+00:00 | enter_short 1 AAPL @ 333.00 | SL:334.2107142857143 TP:331.18392857142857 TS:None | strat=SMAStrategy regime=low_volatility
2025-08-29 17:12:29 - TradeLogger - INFO - [TRADE] 2025-08-29T21:12:29.857348+00:00 | enter_short 1 AAPL @ 333.16 | SL:334.3021428571429 TP:331.44678571428574 TS:None | strat=SMAStrategy regime=low_volatility
2025-08-29 17:12:29 - TradeLogger - INFO - [TRADE] 2025-08-29T21:12:29.963628+00:00 | enter_short 1 AAPL @ 333.04 | SL:334.0907142857143 TP:331.4639285714286 TS:None | strat=SMAStrategy regime=low_volatility
2025-08-29 17:12:30 - TradeLogger - INFO - [TRADE] 2025-08-29T21:12:30.098857+00:00 | enter_short 1 AAPL @ 333.31 | SL:334.4192857142857 TP:331.6460714285714 TS:None | strat=SMAStrategy regime=low_volatility
2025-08-29 17:12:30 - TradeLogger - INFO - [TRADE] 2025-08-29T21:12:30.171387+00:00 | enter_short 1 AAPL @ 332.97 | SL:334.0664285714286 TP:331.3253571428572 TS:None | strat=SMAStrategy regime=low_volatility
2025-08-29 17:12:30 - TradeLogger - INFO - [TRADE] 2025-08-29T21:12:30.272158+00:00 | enter_short 1 AAPL @ 333.37 | SL:335.29321428571427 TP:330.8057142857143 TS:None | strat=SMAStrategy regime=normal
2025-08-29 17:12:30 - TradeLogger - INFO - [TRADE] 2025-08-29T21:12:30.382236+00:00 | enter_short 1 AAPL @ 334.02 | SL:336.1296428571428 TP:331.20714285714286 TS:None | strat=SMAStrategy regime=normal
2025-08-29 17:12:30 - TradeLogger - INFO - [TRADE] 2025-08-29T21:12:30.485578+00:00 | enter_short 1 AAPL @ 333.14 | SL:335.48321428571427 TP:330.0157142857143 TS:None | strat=SMAStrategy regime=normal
2025-08-29 17:12:30 - TradeLogger - INFO - [TRADE] 2025-08-29T21:12:30.569920+00:00 | enter_short 1 AAPL @ 333.11 | SL:335.33214285714286 TP:330.14714285714285 TS:None | strat=SMAStrategy regime=normal
2025-08-29 17:12:30 - TradeLogger - INFO - [TRADE] 2025-08-29T21:12:30.673161+00:00 | enter_short 1 AAPL @ 333.58 | SL:335.6510714285714 TP:330.81857142857143 TS:None | strat=SMAStrategy regime=normal
2025-08-29 17:12:30 - TradeLogger - INFO - [TRADE] 2025-08-29T21:12:30.793280+00:00 | enter_short 1 AAPL @ 333.45 | SL:334.68357142857144 TP:331.59964285714284 TS:None | strat=SMAStrategy regime=low_volatility
2025-08-29 17:12:36 - TradeLogger - INFO - [TRADE] 2025-08-29T21:12:36.783220+00:00 | enter_short 1 AAPL @ 335.86 | SL:337.8260714285714 TP:333.23857142857145 TS:None | strat=SMAStrategy regime=normal
2025-08-29 17:12:36 - TradeLogger - INFO - [TRADE] 2025-08-29T21:12:36.881694+00:00 | enter_short 1 AAPL @ 334.79 | SL:336.8053571428572 TP:332.10285714285715 TS:None | strat=SMAStrategy regime=normal
2025-08-29 17:12:36 - TradeLogger - INFO - [TRADE] 2025-08-29T21:12:36.980068+00:00 | enter_short 1 AAPL @ 335.14 | SL:337.35571428571427 TP:332.18571428571425 TS:None | strat=SMAStrategy regime=normal
2025-08-29 17:12:37 - TradeLogger - INFO - [TRADE] 2025-08-29T21:12:37.065642+00:00 | enter_short 1 AAPL @ 334.56 | SL:336.7767857142857 TP:331.6042857142857 TS:None | strat=SMAStrategy regime=normal
2025-08-29 17:12:37 - TradeLogger - INFO - [TRADE] 2025-08-29T21:12:37.167054+00:00 | enter_short 1 AAPL @ 335.03 | SL:337.22964285714284 TP:332.09714285714284 TS:None | strat=SMAStrategy regime=normal
2025-08-29 17:12:37 - TradeLogger - INFO - [TRADE] 2025-08-29T21:12:37.292316+00:00 | enter_short 1 AAPL @ 335.16 | SL:337.3703571428572 TP:332.21285714285716 TS:None | strat=SMAStrategy regime=normal
2025-08-29 17:12:37 - TradeLogger - INFO - [TRADE] 2025-08-29T21:12:37.372223+00:00 | enter_short 1 AAPL @ 335.02 | SL:337.06964285714287 TP:332.28714285714284 TS:None | strat=SMAStrategy regime=normal
2025-08-29 17:12:37 - TradeLogger - INFO - [TRADE] 2025-08-29T21:12:37.501766+00:00 | enter_short 1 AAPL @ 334.68 | SL:336.6278571428571 TP:332.08285714285716 TS:None | strat=SMAStrategy regime=normal
2025-08-29 17:12:37 - TradeLogger - INFO - [TRADE] 2025-08-29T21:12:37.604230+00:00 | enter_short 1 AAPL @ 335.00 | SL:336.21642857142854 TP:333.17535714285714 TS:None | strat=SMAStrategy regime=low_volatility
2025-08-29 17:12:37 - TradeLogger - INFO - [TRADE] 2025-08-29T21:12:37.674470+00:00 | enter_short 1 AAPL @ 334.74 | SL:335.90214285714285 TP:332.99678571428575 TS:None | strat=SMAStrategy regime=low_volatility
2025-08-29 17:12:37 - TradeLogger - INFO - [TRADE] 2025-08-29T21:12:37.819469+00:00 | enter_short 1 AAPL @ 334.96 | SL:336.08714285714285 TP:333.26928571428573 TS:None | strat=SMAStrategy regime=low_volatility
2025-08-29 17:12:37 - TradeLogger - INFO - [TRADE] 2025-08-29T21:12:37.899567+00:00 | enter_short 1 AAPL @ 334.73 | SL:335.945 TP:332.9075 TS:None | strat=SMAStrategy regime=low_volatility
2025-08-29 17:12:37 - TradeLogger - INFO - [TRADE] 2025-08-29T21:12:37.979503+00:00 | enter_short 1 AAPL @ 335.80 | SL:337.04571428571427 TP:333.93142857142857 TS:None | strat=SMAStrategy regime=low_volatility
2025-08-29 17:12:38 - TradeLogger - INFO - [TRADE] 2025-08-29T21:12:38.108905+00:00 | enter_short 1 AAPL @ 335.75 | SL:336.9707142857143 TP:333.9189285714286 TS:None | strat=SMAStrategy regime=low_volatility
2025-08-29 17:12:38 - TradeLogger - INFO - [TRADE] 2025-08-29T21:12:38.195466+00:00 | enter_short 1 AAPL @ 334.80 | SL:336.045 TP:332.9325 TS:None | strat=SMAStrategy regime=low_volatility
2025-08-29 17:12:38 - TradeLogger - INFO - [TRADE] 2025-08-29T21:12:38.301517+00:00 | enter_short 1 AAPL @ 334.85 | SL:336.0914285714286 TP:332.98785714285714 TS:None | strat=SMAStrategy regime=low_volatility
2025-08-29 17:12:38 - TradeLogger - INFO - [TRADE] 2025-08-29T21:12:38.395023+00:00 | enter_short 1 AAPL @ 334.63 | SL:335.7085714285714 TP:333.01214285714286 TS:None | strat=SMAStrategy regime=low_volatility
2025-08-29 17:12:38 - TradeLogger - INFO - [TRADE] 2025-08-29T21:12:38.512897+00:00 | enter_short 1 AAPL @ 333.69 | SL:334.7707142857143 TP:332.06892857142856 TS:None | strat=SMAStrategy regime=low_volatility
2025-08-29 17:12:38 - TradeLogger - INFO - [TRADE] 2025-08-29T21:12:38.609771+00:00 | enter_short 1 AAPL @ 334.18 | SL:335.3007142857143 TP:332.49892857142856 TS:None | strat=SMAStrategy regime=low_volatility
2025-08-29 17:12:38 - TradeLogger - INFO - [TRADE] 2025-08-29T21:12:38.698509+00:00 | enter_short 1 AAPL @ 334.86 | SL:336.07 TP:333.045 TS:None | strat=SMAStrategy regime=low_volatility
2025-08-29 17:12:38 - TradeLogger - INFO - [TRADE] 2025-08-29T21:12:38.804761+00:00 | enter_short 1 AAPL @ 335.26 | SL:337.1510714285714 TP:332.7385714285714 TS:None | strat=SMAStrategy regime=normal
2025-08-29 17:12:38 - TradeLogger - INFO - [TRADE] 2025-08-29T21:12:38.900597+00:00 | enter_short 1 AAPL @ 334.78 | SL:336.7503571428571 TP:332.1528571428571 TS:None | strat=SMAStrategy regime=normal
2025-08-29 17:12:38 - TradeLogger - INFO - [TRADE] 2025-08-29T21:12:38.999434+00:00 | enter_short 1 AAPL @ 334.50 | SL:336.46714285714285 TP:331.8771428571428 TS:None | strat=SMAStrategy regime=normal
2025-08-29 17:12:39 - TradeLogger - INFO - [TRADE] 2025-08-29T21:12:39.138358+00:00 | enter_short 1 AAPL @ 334.68 | SL:336.6492857142857 TP:332.0542857142857 TS:None | strat=SMAStrategy regime=normal
2025-08-29 17:12:39 - TradeLogger - INFO - [TRADE] 2025-08-29T21:12:39.228611+00:00 | enter_short 1 AAPL @ 334.45 | SL:336.4321428571429 TP:331.8071428571428 TS:None | strat=SMAStrategy regime=normal
2025-08-29 17:12:39 - TradeLogger - INFO - [TRADE] 2025-08-29T21:12:39.330563+00:00 | enter_short 1 AAPL @ 334.56 | SL:335.7342857142857 TP:332.79857142857145 TS:None | strat=SMAStrategy regime=low_volatility
2025-08-29 17:12:39 - TradeLogger - INFO - [TRADE] 2025-08-29T21:12:39.447397+00:00 | enter_short 1 AAPL @ 334.78 | SL:335.92214285714283 TP:333.0667857142857 TS:None | strat=SMAStrategy regime=low_volatility
2025-08-29 17:12:39 - TradeLogger - INFO - [TRADE] 2025-08-29T21:12:39.510082+00:00 | enter_short 1 AAPL @ 335.36 | SL:336.53785714285715 TP:333.5932142857143 TS:None | strat=SMAStrategy regime=low_volatility
2025-08-29 17:12:39 - TradeLogger - INFO - [TRADE] 2025-08-29T21:12:39.611699+00:00 | enter_short 1 AAPL @ 335.55 | SL:336.79 TP:333.69 TS:None | strat=SMAStrategy regime=low_volatility
2025-08-29 17:12:41 - TradeLogger - INFO - [TRADE] 2025-08-29T21:12:41.253785+00:00 | enter_long 147 AAPL @ 333.96 | SL:330.5628571428571 TP:339.0557142857143 TS:None | strat=SMAStrategy regime=high_volatility
2025-08-29 17:12:42 - TradeLogger - INFO - [TRADE] 2025-08-29T21:12:42.873525+00:00 | enter_short 1 AAPL @ 335.25 | SL:337.61357142857145 TP:332.0985714285714 TS:None | strat=SMAStrategy regime=normal
2025-08-29 17:12:42 - TradeLogger - INFO - [TRADE] 2025-08-29T21:12:42.981366+00:00 | enter_short 1 AAPL @ 334.21 | SL:336.46214285714285 TP:331.20714285714286 TS:None | strat=SMAStrategy regime=normal
2025-08-29 17:12:43 - TradeLogger - INFO - [TRADE] 2025-08-29T21:12:43.080738+00:00 | enter_short 1 AAPL @ 334.84 | SL:337.02464285714285 TP:331.9271428571428 TS:None | strat=SMAStrategy regime=normal
2025-08-29 17:12:43 - TradeLogger - INFO - [TRADE] 2025-08-29T21:12:43.176743+00:00 | enter_short 1 AAPL @ 335.08 | SL:337.2421428571428 TP:332.19714285714286 TS:None | strat=SMAStrategy regime=normal
2025-08-29 17:12:43 - TradeLogger - INFO - [TRADE] 2025-08-29T21:12:43.266532+00:00 | enter_short 1 AAPL @ 335.50 | SL:337.72107142857146 TP:332.5385714285714 TS:None | strat=SMAStrategy regime=normal
2025-08-29 17:12:47 - TradeLogger - INFO - [TRADE] 2025-08-29T21:12:47.851878+00:00 | enter_short 1 AAPL @ 335.80 | SL:336.97214285714284 TP:334.0417857142857 TS:None | strat=SMAStrategy regime=low_volatility
2025-08-29 17:12:47 - TradeLogger - INFO - [TRADE] 2025-08-29T21:12:47.953737+00:00 | enter_short 1 AAPL @ 335.78 | SL:336.9728571428571 TP:333.99071428571426 TS:None | strat=SMAStrategy regime=low_volatility
2025-08-29 17:12:48 - TradeLogger - INFO - [TRADE] 2025-08-29T21:12:48.044607+00:00 | enter_short 1 AAPL @ 336.19 | SL:338.02214285714285 TP:333.7471428571429 TS:None | strat=SMAStrategy regime=normal
2025-08-29 17:12:48 - TradeLogger - INFO - [TRADE] 2025-08-29T21:12:48.157273+00:00 | enter_short 1 AAPL @ 336.51 | SL:337.69642857142856 TP:334.73035714285714 TS:None | strat=SMAStrategy regime=low_volatility
2025-08-29 17:12:48 - TradeLogger - INFO - [TRADE] 2025-08-29T21:12:48.253852+00:00 | enter_short 1 AAPL @ 336.47 | SL:337.6278571428572 TP:334.7332142857143 TS:None | strat=SMAStrategy regime=low_volatility
2025-08-29 17:12:48 - TradeLogger - INFO - [TRADE] 2025-08-29T21:12:48.354144+00:00 | enter_short 1 AAPL @ 336.24 | SL:338.18357142857144 TP:333.6485714285714 TS:None | strat=SMAStrategy regime=normal
2025-08-29 17:12:48 - TradeLogger - INFO - [TRADE] 2025-08-29T21:12:48.460185+00:00 | enter_short 1 AAPL @ 336.11 | SL:338.0107142857143 TP:333.5757142857143 TS:None | strat=SMAStrategy regime=normal
2025-08-29 17:12:48 - TradeLogger - INFO - [TRADE] 2025-08-29T21:12:48.562422+00:00 | enter_short 1 AAPL @ 336.43 | SL:338.45714285714286 TP:333.72714285714284 TS:None | strat=SMAStrategy regime=normal
2025-08-29 17:12:48 - TradeLogger - INFO - [TRADE] 2025-08-29T21:12:48.654604+00:00 | enter_short 1 AAPL @ 336.28 | SL:338.1485714285714 TP:333.7885714285714 TS:None | strat=SMAStrategy regime=normal
2025-08-29 17:12:48 - TradeLogger - INFO - [TRADE] 2025-08-29T21:12:48.766624+00:00 | enter_short 1 AAPL @ 335.83 | SL:336.96214285714285 TP:334.1317857142857 TS:None | strat=SMAStrategy regime=low_volatility
2025-08-29 17:12:48 - TradeLogger - INFO - [TRADE] 2025-08-29T21:12:48.858778+00:00 | enter_short 1 AAPL @ 336.33 | SL:338.2253571428571 TP:333.80285714285714 TS:None | strat=SMAStrategy regime=normal
2025-08-29 17:12:48 - TradeLogger - INFO - [TRADE] 2025-08-29T21:12:48.959190+00:00 | enter_short 1 AAPL @ 336.56 | SL:338.39428571428573 TP:334.1142857142857 TS:None | strat=SMAStrategy regime=normal
2025-08-29 17:12:49 - TradeLogger - INFO - [TRADE] 2025-08-29T21:12:49.072672+00:00 | enter_short 1 AAPL @ 337.84 | SL:339.77178571428567 TP:335.2642857142857 TS:None | strat=SMAStrategy regime=normal
2025-08-29 17:12:49 - TradeLogger - INFO - [TRADE] 2025-08-29T21:12:49.175392+00:00 | enter_short 1 AAPL @ 338.26 | SL:340.3482142857143 TP:335.4757142857143 TS:None | strat=SMAStrategy regime=normal
2025-08-29 17:12:55 - TradeLogger - INFO - [TRADE] 2025-08-29T21:12:55.772639+00:00 | enter_short 1 AAPL @ 338.25 | SL:340.20214285714286 TP:335.64714285714285 TS:None | strat=SMAStrategy regime=normal
2025-08-29 17:12:55 - TradeLogger - INFO - [TRADE] 2025-08-29T21:12:55.874623+00:00 | enter_short 1 AAPL @ 338.90 | SL:340.90464285714285 TP:336.22714285714284 TS:None | strat=SMAStrategy regime=normal
2025-08-29 17:12:55 - TradeLogger - INFO - [TRADE] 2025-08-29T21:12:55.984764+00:00 | enter_short 1 AAPL @ 339.10 | SL:341.1389285714286 TP:336.3814285714286 TS:None | strat=SMAStrategy regime=normal
2025-08-29 17:12:56 - TradeLogger - INFO - [TRADE] 2025-08-29T21:12:56.087896+00:00 | enter_short 1 AAPL @ 338.88 | SL:340.89214285714286 TP:336.19714285714286 TS:None | strat=SMAStrategy regime=normal
2025-08-29 17:12:56 - TradeLogger - INFO - [TRADE] 2025-08-29T21:12:56.182197+00:00 | enter_short 1 AAPL @ 338.92 | SL:340.8314285714286 TP:336.37142857142857 TS:None | strat=SMAStrategy regime=normal
2025-08-29 17:12:56 - TradeLogger - INFO - [TRADE] 2025-08-29T21:12:56.284350+00:00 | enter_short 1 AAPL @ 339.09 | SL:341.02714285714285 TP:336.5071428571428 TS:None | strat=SMAStrategy regime=normal
2025-08-29 17:13:23 - TradeLogger - DEBUG - Logger initialized.
2025-08-29 17:13:23 - TradeLogger - DEBUG - Log file: logs/TradeLogger.log
2025-08-29 17:13:23 - TradeLogger - DEBUG - Logger name: TradeLogger
2025-08-29 17:13:23 - Drawdown Monitor - DEBUG - Logger initialized.
2025-08-29 17:13:23 - Drawdown Monitor - DEBUG - Log file: logs/TradeLogger.log
2025-08-29 17:13:23 - Drawdown Monitor - DEBUG - Logger name: Drawdown Monitor
2025-08-29 17:13:23 - Drawdown Monitor - INFO - [DAILY RESET] Portfolio start set to 100,000.00
2025-08-29 17:18:11 - TradeLogger - DEBUG - Logger initialized.
2025-08-29 17:18:11 - TradeLogger - DEBUG - Log file: logs/TradeLogger.log
2025-08-29 17:18:11 - TradeLogger - DEBUG - Logger name: TradeLogger
2025-08-29 17:18:11 - Drawdown Monitor - DEBUG - Logger initialized.
2025-08-29 17:18:11 - Drawdown Monitor - DEBUG - Log file: logs/TradeLogger.log
2025-08-29 17:18:11 - Drawdown Monitor - DEBUG - Logger name: Drawdown Monitor
2025-08-29 17:18:11 - Drawdown Monitor - INFO - [DAILY RESET] Portfolio start set to 100,000.00
2025-08-29 17:18:14 - TradeLogger - INFO - [TRADE] 2025-08-29T21:18:14.290343+00:00 | enter_long 153 AAPL @ 343.86 | SL:340.61285714285714 TP:348.7307142857143 TS:None | strat=SMAStrategy regime=high_volatility
2025-08-29 17:18:14 - TradeLogger - INFO - [TRADE] 2025-08-29T21:18:14.702603+00:00 | enter_short 1 AAPL @ 342.96 | SL:344.3535714285714 TP:340.8696428571428 TS:None | strat=SMAStrategy regime=low_volatility
2025-08-29 17:18:14 - TradeLogger - INFO - [TRADE] 2025-08-29T21:18:14.790765+00:00 | enter_short 1 AAPL @ 343.12 | SL:344.4221428571429 TP:341.1667857142857 TS:None | strat=SMAStrategy regime=low_volatility
2025-08-29 17:18:14 - TradeLogger - INFO - [TRADE] 2025-08-29T21:18:14.896169+00:00 | enter_short 1 AAPL @ 342.59 | SL:343.8514285714285 TP:340.6978571428571 TS:None | strat=SMAStrategy regime=low_volatility
2025-08-29 17:18:14 - TradeLogger - INFO - [TRADE] 2025-08-29T21:18:14.989269+00:00 | enter_short 1 AAPL @ 342.29 | SL:343.5464285714286 TP:340.40535714285716 TS:None | strat=SMAStrategy regime=low_volatility
2025-08-29 17:18:15 - TradeLogger - INFO - [TRADE] 2025-08-29T21:18:15.092006+00:00 | enter_short 1 AAPL @ 342.16 | SL:343.35285714285715 TP:340.3707142857143 TS:None | strat=SMAStrategy regime=low_volatility
2025-08-29 17:18:15 - TradeLogger - INFO - [TRADE] 2025-08-29T21:18:15.199103+00:00 | enter_short 1 AAPL @ 342.20 | SL:343.37285714285713 TP:340.44071428571425 TS:None | strat=SMAStrategy regime=low_volatility
2025-08-29 17:18:15 - TradeLogger - INFO - [TRADE] 2025-08-29T21:18:15.292421+00:00 | enter_short 1 AAPL @ 342.77 | SL:343.95142857142855 TP:340.99785714285713 TS:None | strat=SMAStrategy regime=low_volatility
2025-08-29 17:18:15 - TradeLogger - INFO - [TRADE] 2025-08-29T21:18:15.394376+00:00 | enter_short 1 AAPL @ 343.43 | SL:344.645 TP:341.6075 TS:None | strat=SMAStrategy regime=low_volatility
2025-08-29 17:18:15 - TradeLogger - INFO - [TRADE] 2025-08-29T21:18:15.494348+00:00 | enter_short 1 AAPL @ 343.28 | SL:344.4578571428571 TP:341.51321428571424 TS:None | strat=SMAStrategy regime=low_volatility
2025-08-29 17:18:15 - TradeLogger - INFO - [TRADE] 2025-08-29T21:18:15.596900+00:00 | enter_short 1 AAPL @ 343.46 | SL:344.53142857142853 TP:341.85285714285715 TS:None | strat=SMAStrategy regime=low_volatility
2025-08-29 17:18:15 - TradeLogger - INFO - [TRADE] 2025-08-29T21:18:15.699446+00:00 | enter_short 1 AAPL @ 344.47 | SL:345.62642857142856 TP:342.7353571428572 TS:None | strat=SMAStrategy regime=low_volatility
2025-08-29 17:18:15 - TradeLogger - INFO - [TRADE] 2025-08-29T21:18:15.801508+00:00 | enter_short 1 AAPL @ 344.66 | SL:346.625 TP:342.04 TS:None | strat=SMAStrategy regime=normal
2025-08-29 17:18:15 - TradeLogger - INFO - [TRADE] 2025-08-29T21:18:15.902519+00:00 | enter_short 1 AAPL @ 344.61 | SL:345.7835714285714 TP:342.8496428571429 TS:None | strat=SMAStrategy regime=low_volatility
2025-08-29 17:18:16 - TradeLogger - INFO - [TRADE] 2025-08-29T21:18:16.000050+00:00 | enter_short 1 AAPL @ 344.51 | SL:346.4375 TP:341.94 TS:None | strat=SMAStrategy regime=normal
2025-08-29 17:18:16 - TradeLogger - INFO - [TRADE] 2025-08-29T21:18:16.225558+00:00 | enter_long 149 MSFT @ 310.50 | SL:307.15285714285716 TP:315.5207142857143 TS:None | strat=SMAStrategy regime=high_volatility
2025-08-29 17:18:17 - TradeLogger - INFO - [TRADE] 2025-08-29T21:18:17.524925+00:00 | enter_short 1 AAPL @ 342.49 | SL:343.4564285714286 TP:341.04035714285715 TS:None | strat=SMAStrategy regime=low_volatility
2025-08-29 17:18:17 - TradeLogger - INFO - [TRADE] 2025-08-29T21:18:17.620730+00:00 | enter_short 1 AAPL @ 342.62 | SL:343.5707142857143 TP:341.19392857142856 TS:None | strat=SMAStrategy regime=low_volatility
2025-08-29 17:18:17 - TradeLogger - INFO - [TRADE] 2025-08-29T21:18:17.722398+00:00 | enter_short 1 AAPL @ 342.40 | SL:343.3585714285714 TP:340.9621428571428 TS:None | strat=SMAStrategy regime=low_volatility
2025-08-29 17:18:17 - TradeLogger - INFO - [TRADE] 2025-08-29T21:18:17.827833+00:00 | enter_short 1 AAPL @ 342.67 | SL:343.7557142857143 TP:341.0414285714286 TS:None | strat=SMAStrategy regime=low_volatility
2025-08-29 17:18:17 - TradeLogger - INFO - [TRADE] 2025-08-29T21:18:17.923103+00:00 | enter_short 1 AAPL @ 342.50 | SL:343.5628571428571 TP:340.9057142857143 TS:None | strat=SMAStrategy regime=low_volatility
2025-08-29 17:18:18 - TradeLogger - INFO - [TRADE] 2025-08-29T21:18:18.024891+00:00 | enter_short 1 AAPL @ 343.07 | SL:344.2264285714286 TP:341.3353571428571 TS:None | strat=SMAStrategy regime=low_volatility
2025-08-29 17:18:18 - TradeLogger - INFO - [TRADE] 2025-08-29T21:18:18.126273+00:00 | enter_short 1 AAPL @ 342.85 | SL:344.6532142857143 TP:340.4457142857143 TS:None | strat=SMAStrategy regime=normal
2025-08-29 17:18:18 - TradeLogger - INFO - [TRADE] 2025-08-29T21:18:18.226014+00:00 | enter_short 1 AAPL @ 343.11 | SL:344.23928571428576 TP:341.41607142857146 TS:None | strat=SMAStrategy regime=low_volatility
2025-08-29 17:18:18 - TradeLogger - INFO - [TRADE] 2025-08-29T21:18:18.327136+00:00 | enter_short 1 AAPL @ 343.19 | SL:344.9975 TP:340.78 TS:None | strat=SMAStrategy regime=normal
2025-08-29 17:18:18 - TradeLogger - INFO - [TRADE] 2025-08-29T21:18:18.432667+00:00 | enter_short 1 AAPL @ 343.43 | SL:344.56357142857144 TP:341.7296428571429 TS:None | strat=SMAStrategy regime=low_volatility
2025-08-29 17:18:18 - TradeLogger - INFO - [TRADE] 2025-08-29T21:18:18.539249+00:00 | enter_short 1 AAPL @ 343.60 | SL:344.7371428571429 TP:341.89428571428573 TS:None | strat=SMAStrategy regime=low_volatility
2025-08-29 17:18:18 - TradeLogger - INFO - [TRADE] 2025-08-29T21:18:18.631745+00:00 | enter_short 1 AAPL @ 344.20 | SL:346.0417857142857 TP:341.7442857142857 TS:None | strat=SMAStrategy regime=normal
2025-08-29 17:18:18 - TradeLogger - INFO - [TRADE] 2025-08-29T21:18:18.732025+00:00 | enter_short 1 AAPL @ 344.46 | SL:346.2578571428571 TP:342.0628571428571 TS:None | strat=SMAStrategy regime=normal
2025-08-29 17:18:18 - TradeLogger - INFO - [TRADE] 2025-08-29T21:18:18.834359+00:00 | enter_short 1 AAPL @ 343.80 | SL:345.65035714285716 TP:341.33285714285716 TS:None | strat=SMAStrategy regime=normal
2025-08-29 17:18:18 - TradeLogger - INFO - [TRADE] 2025-08-29T21:18:18.840123+00:00 | enter_short 1 MSFT @ 308.84 | SL:310.7503571428571 TP:306.29285714285714 TS:None | strat=SMAStrategy regime=normal
2025-08-29 17:18:18 - TradeLogger - INFO - [TRADE] 2025-08-29T21:18:18.935315+00:00 | enter_short 1 AAPL @ 344.01 | SL:345.7757142857143 TP:341.6557142857143 TS:None | strat=SMAStrategy regime=normal
2025-08-29 17:18:19 - TradeLogger - INFO - [TRADE] 2025-08-29T21:18:19.040946+00:00 | enter_short 1 MSFT @ 308.37 | SL:310.40999999999997 TP:305.65000000000003 TS:None | strat=SMAStrategy regime=normal
2025-08-29 17:18:19 - TradeLogger - INFO - [TRADE] 2025-08-29T21:18:19.240736+00:00 | enter_short 1 MSFT @ 308.63 | SL:310.66249999999997 TP:305.92 TS:None | strat=SMAStrategy regime=normal
2025-08-29 17:18:19 - TradeLogger - INFO - [TRADE] 2025-08-29T21:18:19.341425+00:00 | enter_short 1 MSFT @ 309.10 | SL:311.0735714285714 TP:306.46857142857147 TS:None | strat=SMAStrategy regime=normal
2025-08-29 17:18:19 - TradeLogger - INFO - [TRADE] 2025-08-29T21:18:19.570876+00:00 | enter_short 1 MSFT @ 309.96 | SL:311.93571428571425 TP:307.3257142857143 TS:None | strat=SMAStrategy regime=normal
2025-08-29 17:18:19 - TradeLogger - INFO - [TRADE] 2025-08-29T21:18:19.877948+00:00 | enter_short 1 MSFT @ 310.79 | SL:312.74428571428575 TP:308.18428571428575 TS:None | strat=SMAStrategy regime=normal
2025-08-29 17:18:19 - TradeLogger - INFO - [TRADE] 2025-08-29T21:18:19.960654+00:00 | enter_short 1 MSFT @ 310.70 | SL:312.59642857142853 TP:308.1714285714286 TS:None | strat=SMAStrategy regime=normal
2025-08-29 17:18:20 - TradeLogger - INFO - [TRADE] 2025-08-29T21:18:20.053506+00:00 | enter_short 1 MSFT @ 310.53 | SL:312.41142857142853 TP:308.02142857142854 TS:None | strat=SMAStrategy regime=normal
2025-08-29 17:18:21 - TradeLogger - INFO - [TRADE] 2025-08-29T21:18:21.102204+00:00 | enter_short 1 MSFT @ 308.44 | SL:310.09535714285715 TP:306.23285714285714 TS:None | strat=SMAStrategy regime=normal
2025-08-29 17:18:21 - TradeLogger - INFO - [TRADE] 2025-08-29T21:18:21.192495+00:00 | enter_short 1 MSFT @ 308.28 | SL:309.93642857142856 TP:306.07142857142856 TS:None | strat=SMAStrategy regime=normal
2025-08-29 17:18:21 - TradeLogger - INFO - [TRADE] 2025-08-29T21:18:21.279787+00:00 | enter_short 1 MSFT @ 308.31 | SL:309.9782142857143 TP:306.0857142857143 TS:None | strat=SMAStrategy regime=normal
2025-08-29 17:18:21 - TradeLogger - INFO - [TRADE] 2025-08-29T21:18:21.376022+00:00 | enter_short 1 MSFT @ 308.74 | SL:310.5282142857143 TP:306.35571428571427 TS:None | strat=SMAStrategy regime=normal
2025-08-29 17:18:21 - TradeLogger - INFO - [TRADE] 2025-08-29T21:18:21.479709+00:00 | enter_short 1 MSFT @ 308.64 | SL:310.3778571428571 TP:306.3228571428571 TS:None | strat=SMAStrategy regime=normal
2025-08-29 17:18:21 - TradeLogger - INFO - [TRADE] 2025-08-29T21:18:21.597918+00:00 | enter_short 2 MSFT @ 308.59 | SL:309.65999999999997 TP:306.98499999999996 TS:None | strat=SMAStrategy regime=low_volatility
2025-08-29 17:18:21 - TradeLogger - INFO - [TRADE] 2025-08-29T21:18:21.677267+00:00 | enter_short 1 MSFT @ 308.56 | SL:310.18321428571426 TP:306.3957142857143 TS:None | strat=SMAStrategy regime=normal
2025-08-29 17:18:21 - TradeLogger - INFO - [TRADE] 2025-08-29T21:18:21.783869+00:00 | enter_short 1 MSFT @ 308.87 | SL:310.5703571428571 TP:306.60285714285715 TS:None | strat=SMAStrategy regime=normal
2025-08-29 17:18:21 - TradeLogger - INFO - [TRADE] 2025-08-29T21:18:21.882945+00:00 | enter_short 1 MSFT @ 309.15 | SL:310.8492857142857 TP:306.8842857142857 TS:None | strat=SMAStrategy regime=normal
2025-08-29 17:18:21 - TradeLogger - INFO - [TRADE] 2025-08-29T21:18:21.981628+00:00 | enter_short 2 MSFT @ 309.02 | SL:310.1014285714285 TP:307.3978571428571 TS:None | strat=SMAStrategy regime=low_volatility
2025-08-29 17:18:22 - TradeLogger - INFO - [TRADE] 2025-08-29T21:18:22.089873+00:00 | enter_short 2 MSFT @ 308.57 | SL:309.6007142857143 TP:307.02392857142854 TS:None | strat=SMAStrategy regime=low_volatility
2025-08-29 17:18:22 - TradeLogger - INFO - [TRADE] 2025-08-29T21:18:22.184140+00:00 | enter_short 2 MSFT @ 308.49 | SL:309.56142857142856 TP:306.8828571428571 TS:None | strat=SMAStrategy regime=low_volatility
2025-08-29 17:18:22 - TradeLogger - INFO - [TRADE] 2025-08-29T21:18:22.285300+00:00 | enter_short 2 MSFT @ 308.11 | SL:309.1714285714286 TP:306.51785714285717 TS:None | strat=SMAStrategy regime=low_volatility
2025-08-29 17:18:22 - TradeLogger - INFO - [TRADE] 2025-08-29T21:18:22.398129+00:00 | enter_short 2 MSFT @ 307.83 | SL:308.87285714285713 TP:306.26571428571424 TS:None | strat=SMAStrategy regime=low_volatility
2025-08-29 17:18:22 - TradeLogger - INFO - [TRADE] 2025-08-29T21:18:22.490301+00:00 | enter_short 2 MSFT @ 308.21 | SL:309.1242857142857 TP:306.8385714285714 TS:None | strat=SMAStrategy regime=low_volatility
2025-08-29 17:18:22 - TradeLogger - INFO - [TRADE] 2025-08-29T21:18:22.593369+00:00 | enter_short 1 MSFT @ 308.82 | SL:310.5910714285714 TP:306.4585714285714 TS:None | strat=SMAStrategy regime=normal
2025-08-29 17:18:22 - TradeLogger - INFO - [TRADE] 2025-08-29T21:18:22.699938+00:00 | enter_short 1 MSFT @ 308.91 | SL:310.68857142857144 TP:306.53857142857146 TS:None | strat=SMAStrategy regime=normal
2025-08-29 17:18:22 - TradeLogger - INFO - [TRADE] 2025-08-29T21:18:22.791084+00:00 | enter_short 1 MSFT @ 308.59 | SL:310.38142857142856 TP:306.20142857142855 TS:None | strat=SMAStrategy regime=normal
2025-08-29 17:18:22 - TradeLogger - INFO - [TRADE] 2025-08-29T21:18:22.897470+00:00 | enter_short 1 MSFT @ 308.79 | SL:310.7164285714286 TP:306.2214285714286 TS:None | strat=SMAStrategy regime=normal
2025-08-29 17:18:23 - TradeLogger - INFO - [TRADE] 2025-08-29T21:18:23.297583+00:00 | enter_short 1 AAPL @ 343.82 | SL:345.67035714285714 TP:341.3528571428571 TS:None | strat=SMAStrategy regime=normal
2025-08-29 17:18:23 - TradeLogger - INFO - [TRADE] 2025-08-29T21:18:23.395778+00:00 | enter_short 1 AAPL @ 344.77 | SL:346.7232142857143 TP:342.1657142857143 TS:None | strat=SMAStrategy regime=normal
2025-08-29 17:18:23 - TradeLogger - INFO - [TRADE] 2025-08-29T21:18:23.513477+00:00 | enter_short 1 AAPL @ 344.81 | SL:346.61857142857144 TP:342.3985714285714 TS:None | strat=SMAStrategy regime=normal
2025-08-29 17:18:23 - TradeLogger - INFO - [TRADE] 2025-08-29T21:18:23.600105+00:00 | enter_short 1 AAPL @ 344.44 | SL:345.6064285714286 TP:342.6903571428571 TS:None | strat=SMAStrategy regime=low_volatility
2025-08-29 17:18:23 - TradeLogger - INFO - [TRADE] 2025-08-29T21:18:23.705108+00:00 | enter_short 1 AAPL @ 344.63 | SL:346.4353571428572 TP:342.2228571428571 TS:None | strat=SMAStrategy regime=normal
2025-08-29 17:18:24 - TradeLogger - INFO - [TRADE] 2025-08-29T21:18:24.033854+00:00 | enter_short 1 AAPL @ 343.33 | SL:344.36642857142857 TP:341.7753571428571 TS:None | strat=SMAStrategy regime=low_volatility
2025-08-29 17:18:24 - TradeLogger - INFO - [TRADE] 2025-08-29T21:18:24.110402+00:00 | enter_short 1 AAPL @ 343.60 | SL:344.55428571428575 TP:342.16857142857145 TS:None | strat=SMAStrategy regime=low_volatility
2025-08-29 17:18:24 - TradeLogger - INFO - [TRADE] 2025-08-29T21:18:24.213044+00:00 | enter_short 1 AAPL @ 344.01 | SL:345.025 TP:342.48749999999995 TS:None | strat=SMAStrategy regime=low_volatility
2025-08-29 17:18:24 - TradeLogger - INFO - [TRADE] 2025-08-29T21:18:24.327633+00:00 | enter_short 1 AAPL @ 343.29 | SL:344.30928571428575 TP:341.7610714285714 TS:None | strat=SMAStrategy regime=low_volatility
2025-08-29 17:18:24 - TradeLogger - INFO - [TRADE] 2025-08-29T21:18:24.411927+00:00 | enter_short 1 AAPL @ 343.72 | SL:344.8335714285715 TP:342.0496428571429 TS:None | strat=SMAStrategy regime=low_volatility
2025-08-29 17:18:24 - TradeLogger - INFO - [TRADE] 2025-08-29T21:18:24.513271+00:00 | enter_short 1 AAPL @ 343.79 | SL:344.8721428571429 TP:342.1667857142857 TS:None | strat=SMAStrategy regime=low_volatility
2025-08-29 17:18:24 - TradeLogger - INFO - [TRADE] 2025-08-29T21:18:24.617049+00:00 | enter_short 1 AAPL @ 343.42 | SL:344.5164285714286 TP:341.77535714285716 TS:None | strat=SMAStrategy regime=low_volatility
2025-08-29 17:18:24 - TradeLogger - INFO - [TRADE] 2025-08-29T21:18:24.624263+00:00 | enter_short 1 MSFT @ 308.72 | SL:310.7932142857143 TP:305.9557142857143 TS:None | strat=SMAStrategy regime=normal
2025-08-29 17:18:24 - TradeLogger - INFO - [TRADE] 2025-08-29T21:18:24.716572+00:00 | enter_short 1 AAPL @ 343.20 | SL:344.19714285714286 TP:341.7042857142857 TS:None | strat=SMAStrategy regime=low_volatility
2025-08-29 17:18:24 - TradeLogger - INFO - [TRADE] 2025-08-29T21:18:24.842066+00:00 | enter_short 1 AAPL @ 343.01 | SL:343.90285714285716 TP:341.67071428571427 TS:None | strat=SMAStrategy regime=low_volatility
2025-08-29 17:18:24 - TradeLogger - INFO - [TRADE] 2025-08-29T21:18:24.919629+00:00 | enter_short 1 AAPL @ 342.83 | SL:343.78999999999996 TP:341.39 TS:None | strat=SMAStrategy regime=low_volatility
2025-08-29 17:18:25 - TradeLogger - INFO - [TRADE] 2025-08-29T21:18:25.052547+00:00 | enter_short 1 AAPL @ 343.01 | SL:344.0907142857143 TP:341.38892857142855 TS:None | strat=SMAStrategy regime=low_volatility
2025-08-29 17:18:25 - TradeLogger - INFO - [TRADE] 2025-08-29T21:18:25.126508+00:00 | enter_short 1 AAPL @ 343.54 | SL:344.69928571428574 TP:341.80107142857145 TS:None | strat=SMAStrategy regime=low_volatility
2025-08-29 17:18:25 - TradeLogger - INFO - [TRADE] 2025-08-29T21:18:25.225777+00:00 | enter_short 1 AAPL @ 343.77 | SL:345.5667857142857 TP:341.3742857142857 TS:None | strat=SMAStrategy regime=normal
2025-08-29 17:18:25 - TradeLogger - INFO - [TRADE] 2025-08-29T21:18:25.329649+00:00 | enter_short 1 AAPL @ 344.16 | SL:346.28678571428577 TP:341.32428571428574 TS:None | strat=SMAStrategy regime=normal
2025-08-29 17:18:25 - TradeLogger - INFO - [TRADE] 2025-08-29T21:18:25.430207+00:00 | enter_short 1 AAPL @ 343.56 | SL:345.74892857142856 TP:340.64142857142855 TS:None | strat=SMAStrategy regime=normal
2025-08-29 17:18:25 - TradeLogger - INFO - [TRADE] 2025-08-29T21:18:25.836560+00:00 | enter_short 1 AAPL @ 344.14 | SL:346.4403571428571 TP:341.0728571428571 TS:None | strat=SMAStrategy regime=normal
2025-08-29 17:18:25 - TradeLogger - INFO - [TRADE] 2025-08-29T21:18:25.935299+00:00 | enter_short 1 AAPL @ 343.96 | SL:346.18 TP:340.99999999999994 TS:None | strat=SMAStrategy regime=normal
2025-08-29 17:18:27 - TradeLogger - INFO - [TRADE] 2025-08-29T21:18:27.144869+00:00 | enter_short 1 AAPL @ 342.71 | SL:343.78999999999996 TP:341.09 TS:None | strat=SMAStrategy regime=low_volatility
2025-08-29 17:18:27 - TradeLogger - INFO - [TRADE] 2025-08-29T21:18:27.151010+00:00 | enter_short 1 MSFT @ 308.62 | SL:310.39 TP:306.26 TS:None | strat=SMAStrategy regime=normal
2025-08-29 17:18:27 - TradeLogger - INFO - [TRADE] 2025-08-29T21:18:27.254724+00:00 | enter_short 1 AAPL @ 342.89 | SL:344.78964285714284 TP:340.35714285714283 TS:None | strat=SMAStrategy regime=normal
2025-08-29 17:18:27 - TradeLogger - INFO - [TRADE] 2025-08-29T21:18:27.269742+00:00 | enter_short 2 MSFT @ 308.80 | SL:309.86357142857145 TP:307.20464285714286 TS:None | strat=SMAStrategy regime=low_volatility
2025-08-29 17:18:27 - TradeLogger - INFO - [TRADE] 2025-08-29T21:18:27.357294+00:00 | enter_short 1 AAPL @ 343.04 | SL:344.93 TP:340.52000000000004 TS:None | strat=SMAStrategy regime=normal
2025-08-29 17:18:27 - TradeLogger - INFO - [TRADE] 2025-08-29T21:18:27.372886+00:00 | enter_short 2 MSFT @ 308.97 | SL:310.035 TP:307.37250000000006 TS:None | strat=SMAStrategy regime=low_volatility
2025-08-29 17:18:27 - TradeLogger - INFO - [TRADE] 2025-08-29T21:18:27.455726+00:00 | enter_short 1 AAPL @ 342.37 | SL:343.495 TP:340.6825 TS:None | strat=SMAStrategy regime=low_volatility
2025-08-29 17:18:27 - TradeLogger - INFO - [TRADE] 2025-08-29T21:18:27.466190+00:00 | enter_short 2 MSFT @ 308.66 | SL:309.6914285714286 TP:307.1128571428572 TS:None | strat=SMAStrategy regime=low_volatility
2025-08-29 17:18:27 - TradeLogger - INFO - [TRADE] 2025-08-29T21:18:27.576968+00:00 | enter_short 1 AAPL @ 341.74 | SL:342.80071428571426 TP:340.1489285714286 TS:None | strat=SMAStrategy regime=low_volatility
2025-08-29 17:18:27 - TradeLogger - INFO - [TRADE] 2025-08-29T21:18:27.592521+00:00 | enter_short 2 MSFT @ 309.20 | SL:310.2 TP:307.7 TS:None | strat=SMAStrategy regime=low_volatility
2025-08-29 17:18:27 - TradeLogger - INFO - [TRADE] 2025-08-29T21:18:27.658748+00:00 | enter_short 1 AAPL @ 342.12 | SL:343.2214285714286 TP:340.46785714285716 TS:None | strat=SMAStrategy regime=low_volatility
2025-08-29 17:18:27 - TradeLogger - INFO - [TRADE] 2025-08-29T21:18:27.667404+00:00 | enter_short 2 MSFT @ 309.17 | SL:310.1542857142857 TP:307.69357142857143 TS:None | strat=SMAStrategy regime=low_volatility
2025-08-29 17:18:27 - TradeLogger - INFO - [TRADE] 2025-08-29T21:18:27.755014+00:00 | enter_short 1 AAPL @ 342.16 | SL:343.92357142857145 TP:339.80857142857144 TS:None | strat=SMAStrategy regime=normal
2025-08-29 17:18:27 - TradeLogger - INFO - [TRADE] 2025-08-29T21:18:27.761912+00:00 | enter_short 2 MSFT @ 309.09 | SL:310.1285714285714 TP:307.53214285714284 TS:None | strat=SMAStrategy regime=low_volatility
2025-08-29 17:18:27 - TradeLogger - INFO - [TRADE] 2025-08-29T21:18:27.856066+00:00 | enter_short 1 AAPL @ 342.35 | SL:344.14035714285717 TP:339.96285714285716 TS:None | strat=SMAStrategy regime=normal
2025-08-29 17:18:27 - TradeLogger - INFO - [TRADE] 2025-08-29T21:18:27.863011+00:00 | enter_short 1 MSFT @ 309.43 | SL:311.04357142857145 TP:307.27857142857147 TS:None | strat=SMAStrategy regime=normal
2025-08-29 17:18:27 - TradeLogger - INFO - [TRADE] 2025-08-29T21:18:27.964518+00:00 | enter_short 1 AAPL @ 342.42 | SL:344.19 TP:340.06 TS:None | strat=SMAStrategy regime=normal
2025-08-29 17:18:27 - TradeLogger - INFO - [TRADE] 2025-08-29T21:18:27.975665+00:00 | enter_short 2 MSFT @ 309.14 | SL:310.1871428571428 TP:307.5692857142857 TS:None | strat=SMAStrategy regime=low_volatility
2025-08-29 17:18:28 - TradeLogger - INFO - [TRADE] 2025-08-29T21:18:28.065818+00:00 | enter_short 1 AAPL @ 342.29 | SL:344.1821428571429 TP:339.7671428571429 TS:None | strat=SMAStrategy regime=normal
2025-08-29 17:18:28 - TradeLogger - INFO - [TRADE] 2025-08-29T21:18:28.081657+00:00 | enter_short 2 MSFT @ 308.66 | SL:309.6642857142857 TP:307.15357142857147 TS:None | strat=SMAStrategy regime=low_volatility
2025-08-29 17:18:28 - TradeLogger - INFO - [TRADE] 2025-08-29T21:18:28.167941+00:00 | enter_short 1 AAPL @ 342.44 | SL:343.5957142857143 TP:340.70642857142855 TS:None | strat=SMAStrategy regime=low_volatility
2025-08-29 17:18:28 - TradeLogger - INFO - [TRADE] 2025-08-29T21:18:28.181096+00:00 | enter_short 1 MSFT @ 308.28 | SL:309.90964285714284 TP:306.10714285714283 TS:None | strat=SMAStrategy regime=normal
2025-08-29 17:18:28 - TradeLogger - INFO - [TRADE] 2025-08-29T21:18:28.264932+00:00 | enter_short 1 AAPL @ 341.62 | SL:343.55607142857144 TP:339.03857142857146 TS:None | strat=SMAStrategy regime=normal
2025-08-29 17:18:28 - TradeLogger - INFO - [TRADE] 2025-08-29T21:18:28.274773+00:00 | enter_short 1 MSFT @ 308.04 | SL:309.70178571428573 TP:305.82428571428574 TS:None | strat=SMAStrategy regime=normal
2025-08-29 17:18:28 - TradeLogger - INFO - [TRADE] 2025-08-29T21:18:28.395487+00:00 | enter_short 1 AAPL @ 342.47 | SL:344.4714285714286 TP:339.80142857142863 TS:None | strat=SMAStrategy regime=normal
2025-08-29 17:18:28 - TradeLogger - INFO - [TRADE] 2025-08-29T21:18:28.418117+00:00 | enter_short 1 MSFT @ 307.65 | SL:309.30642857142857 TP:305.44142857142856 TS:None | strat=SMAStrategy regime=normal
2025-08-29 17:18:28 - TradeLogger - INFO - [TRADE] 2025-08-29T21:18:28.465269+00:00 | enter_short 1 AAPL @ 342.51 | SL:344.42892857142857 TP:339.95142857142855 TS:None | strat=SMAStrategy regime=normal
2025-08-29 17:18:28 - TradeLogger - INFO - [TRADE] 2025-08-29T21:18:28.470002+00:00 | enter_short 1 MSFT @ 307.49 | SL:309.1614285714286 TP:305.2614285714286 TS:None | strat=SMAStrategy regime=normal
2025-08-29 17:18:28 - TradeLogger - INFO - [TRADE] 2025-08-29T21:18:28.567996+00:00 | enter_short 1 AAPL @ 342.04 | SL:344.0628571428572 TP:339.34285714285716 TS:None | strat=SMAStrategy regime=normal
2025-08-29 17:18:28 - TradeLogger - INFO - [TRADE] 2025-08-29T21:18:28.577793+00:00 | enter_short 1 MSFT @ 307.84 | SL:309.5703571428571 TP:305.53285714285715 TS:None | strat=SMAStrategy regime=normal
2025-08-29 17:18:28 - TradeLogger - INFO - [TRADE] 2025-08-29T21:18:28.685695+00:00 | enter_short 1 AAPL @ 342.43 | SL:344.2503571428571 TP:340.0028571428572 TS:None | strat=SMAStrategy regime=normal
2025-08-29 17:18:28 - TradeLogger - INFO - [TRADE] 2025-08-29T21:18:28.709055+00:00 | enter_short 2 MSFT @ 308.15 | SL:309.21142857142854 TP:306.55785714285713 TS:None | strat=SMAStrategy regime=low_volatility
2025-08-29 17:18:28 - TradeLogger - INFO - [TRADE] 2025-08-29T21:18:28.774974+00:00 | enter_short 1 AAPL @ 342.38 | SL:344.4789285714286 TP:339.5814285714286 TS:None | strat=SMAStrategy regime=normal
2025-08-29 17:18:28 - TradeLogger - INFO - [TRADE] 2025-08-29T21:18:28.784597+00:00 | enter_short 1 MSFT @ 307.83 | SL:309.5442857142857 TP:305.5442857142857 TS:None | strat=SMAStrategy regime=normal
2025-08-29 17:18:28 - TradeLogger - INFO - [TRADE] 2025-08-29T21:18:28.895624+00:00 | enter_short 1 AAPL @ 342.45 | SL:344.4717857142857 TP:339.75428571428574 TS:None | strat=SMAStrategy regime=normal
2025-08-29 17:18:28 - TradeLogger - INFO - [TRADE] 2025-08-29T21:18:28.928422+00:00 | enter_short 1 MSFT @ 307.51 | SL:309.3260714285714 TP:305.0885714285714 TS:None | strat=SMAStrategy regime=normal
2025-08-29 17:18:28 - TradeLogger - INFO - [TRADE] 2025-08-29T21:18:28.985460+00:00 | enter_short 1 AAPL @ 342.91 | SL:345.04107142857146 TP:340.0685714285715 TS:None | strat=SMAStrategy regime=normal
2025-08-29 17:18:28 - TradeLogger - INFO - [TRADE] 2025-08-29T21:18:28.995155+00:00 | enter_short 1 MSFT @ 307.27 | SL:308.9660714285714 TP:305.00857142857143 TS:None | strat=SMAStrategy regime=normal
2025-08-29 17:18:29 - TradeLogger - INFO - [TRADE] 2025-08-29T21:18:29.084444+00:00 | enter_short 1 AAPL @ 342.89 | SL:345.1303571428571 TP:339.90285714285716 TS:None | strat=SMAStrategy regime=normal
2025-08-29 17:18:29 - TradeLogger - INFO - [TRADE] 2025-08-29T21:18:29.106184+00:00 | enter_short 1 MSFT @ 307.41 | SL:309.1092857142857 TP:305.1442857142858 TS:None | strat=SMAStrategy regime=normal
2025-08-29 17:18:29 - TradeLogger - INFO - [TRADE] 2025-08-29T21:18:29.201244+00:00 | enter_short 1 AAPL @ 342.74 | SL:345.01464285714286 TP:339.70714285714286 TS:None | strat=SMAStrategy regime=normal
2025-08-29 17:18:29 - TradeLogger - INFO - [TRADE] 2025-08-29T21:18:29.224337+00:00 | enter_short 1 MSFT @ 306.73 | SL:308.53535714285715 TP:304.3228571428572 TS:None | strat=SMAStrategy regime=normal
2025-08-29 17:18:29 - TradeLogger - INFO - [TRADE] 2025-08-29T21:18:29.301897+00:00 | enter_short 1 MSFT @ 306.97 | SL:308.8525 TP:304.46000000000004 TS:None | strat=SMAStrategy regime=normal
2025-08-29 17:18:29 - TradeLogger - INFO - [TRADE] 2025-08-29T21:18:29.414240+00:00 | enter_short 1 MSFT @ 307.06 | SL:309.0067857142857 TP:304.4642857142857 TS:None | strat=SMAStrategy regime=normal
2025-08-29 17:18:29 - TradeLogger - INFO - [TRADE] 2025-08-29T21:18:29.895088+00:00 | enter_long 135 AAPL @ 343.97 | SL:340.27571428571434 TP:349.5114285714286 TS:None | strat=SMAStrategy regime=high_volatility
2025-08-29 17:18:30 - TradeLogger - INFO - [TRADE] 2025-08-29T21:18:30.937046+00:00 | enter_short 1 MSFT @ 307.22 | SL:309.1410714285714 TP:304.65857142857146 TS:None | strat=SMAStrategy regime=normal
2025-08-29 17:18:31 - TradeLogger - INFO - [TRADE] 2025-08-29T21:18:31.039279+00:00 | enter_short 1 MSFT @ 307.28 | SL:308.98999999999995 TP:305.0 TS:None | strat=SMAStrategy regime=normal
2025-08-29 17:18:31 - TradeLogger - INFO - [TRADE] 2025-08-29T21:18:31.112474+00:00 | enter_short 1 MSFT @ 308.00 | SL:309.6842857142857 TP:305.75428571428574 TS:None | strat=SMAStrategy regime=normal
2025-08-29 17:18:31 - TradeLogger - INFO - [TRADE] 2025-08-29T21:18:31.221189+00:00 | enter_short 2 MSFT @ 308.22 | SL:309.27785714285716 TP:306.6332142857143 TS:None | strat=SMAStrategy regime=low_volatility
2025-08-29 17:18:31 - TradeLogger - INFO - [TRADE] 2025-08-29T21:18:31.834466+00:00 | enter_short 1 AAPL @ 339.25 | SL:341.6928571428572 TP:335.99285714285713 TS:None | strat=SMAStrategy regime=normal
2025-08-29 17:18:31 - TradeLogger - INFO - [TRADE] 2025-08-29T21:18:31.935893+00:00 | enter_short 1 AAPL @ 340.15 | SL:342.5435714285714 TP:336.95857142857136 TS:None | strat=SMAStrategy regime=normal
2025-08-29 17:18:32 - TradeLogger - INFO - [TRADE] 2025-08-29T21:18:32.140235+00:00 | enter_short 1 AAPL @ 340.07 | SL:342.2835714285714 TP:337.1185714285714 TS:None | strat=SMAStrategy regime=normal
2025-08-29 17:18:32 - TradeLogger - INFO - [TRADE] 2025-08-29T21:18:32.231411+00:00 | enter_short 1 AAPL @ 338.80 | SL:340.94178571428574 TP:335.94428571428574 TS:None | strat=SMAStrategy regime=normal
2025-08-29 17:18:32 - TradeLogger - INFO - [TRADE] 2025-08-29T21:18:32.335566+00:00 | enter_short 1 AAPL @ 339.04 | SL:341.38428571428574 TP:335.9142857142857 TS:None | strat=SMAStrategy regime=normal
2025-08-29 17:18:32 - TradeLogger - INFO - [TRADE] 2025-08-29T21:18:32.345432+00:00 | enter_short 2 MSFT @ 307.33 | SL:308.3507142857143 TP:305.7989285714285 TS:None | strat=SMAStrategy regime=low_volatility
2025-08-29 17:18:32 - TradeLogger - INFO - [TRADE] 2025-08-29T21:18:32.427487+00:00 | enter_short 1 AAPL @ 339.37 | SL:341.56642857142856 TP:336.44142857142856 TS:None | strat=SMAStrategy regime=normal
2025-08-29 17:18:32 - TradeLogger - INFO - [TRADE] 2025-08-29T21:18:32.431970+00:00 | enter_short 2 MSFT @ 307.46 | SL:308.4535714285714 TP:305.96964285714284 TS:None | strat=SMAStrategy regime=low_volatility
2025-08-29 17:18:32 - TradeLogger - INFO - [TRADE] 2025-08-29T21:18:32.529199+00:00 | enter_short 1 AAPL @ 339.17 | SL:341.42107142857145 TP:336.16857142857145 TS:None | strat=SMAStrategy regime=normal
2025-08-29 17:18:32 - TradeLogger - INFO - [TRADE] 2025-08-29T21:18:32.534686+00:00 | enter_short 2 MSFT @ 307.10 | SL:308.1407142857143 TP:305.5389285714286 TS:None | strat=SMAStrategy regime=low_volatility
2025-08-29 17:18:32 - TradeLogger - INFO - [TRADE] 2025-08-29T21:18:32.663864+00:00 | enter_short 2 MSFT @ 307.16 | SL:308.1578571428572 TP:305.6632142857143 TS:None | strat=SMAStrategy regime=low_volatility
2025-08-29 17:18:32 - TradeLogger - INFO - [TRADE] 2025-08-29T21:18:32.763647+00:00 | enter_short 1 MSFT @ 307.69 | SL:309.5210714285715 TP:305.2485714285714 TS:None | strat=SMAStrategy regime=normal
2025-08-29 17:18:32 - TradeLogger - INFO - [TRADE] 2025-08-29T21:18:32.831825+00:00 | enter_short 1 AAPL @ 338.81 | SL:341.22285714285715 TP:335.59285714285716 TS:None | strat=SMAStrategy regime=normal
2025-08-29 17:18:32 - TradeLogger - INFO - [TRADE] 2025-08-29T21:18:32.836626+00:00 | enter_short 1 MSFT @ 307.35 | SL:309.29892857142863 TP:304.75142857142856 TS:None | strat=SMAStrategy regime=normal
2025-08-29 17:18:32 - TradeLogger - INFO - [TRADE] 2025-08-29T21:18:32.935764+00:00 | enter_short 1 AAPL @ 339.33 | SL:341.78785714285715 TP:336.05285714285714 TS:None | strat=SMAStrategy regime=normal
2025-08-29 17:18:32 - TradeLogger - INFO - [TRADE] 2025-08-29T21:18:32.943200+00:00 | enter_short 1 MSFT @ 307.34 | SL:309.2492857142857 TP:304.79428571428565 TS:None | strat=SMAStrategy regime=normal
2025-08-29 17:18:33 - TradeLogger - INFO - [TRADE] 2025-08-29T21:18:33.067563+00:00 | enter_short 1 MSFT @ 307.68 | SL:309.4714285714286 TP:305.2914285714286 TS:None | strat=SMAStrategy regime=normal
2025-08-29 17:18:33 - TradeLogger - INFO - [TRADE] 2025-08-29T21:18:33.157930+00:00 | enter_short 1 MSFT @ 307.73 | SL:309.5064285714286 TP:305.3614285714286 TS:None | strat=SMAStrategy regime=normal
2025-08-29 17:18:33 - TradeLogger - INFO - [TRADE] 2025-08-29T21:18:33.267456+00:00 | enter_short 1 MSFT @ 307.94 | SL:309.7946428571429 TP:305.46714285714285 TS:None | strat=SMAStrategy regime=normal
2025-08-29 17:18:33 - TradeLogger - INFO - [TRADE] 2025-08-29T21:18:33.343651+00:00 | enter_short 1 MSFT @ 308.31 | SL:310.13357142857143 TP:305.87857142857143 TS:None | strat=SMAStrategy regime=normal
2025-08-29 17:18:34 - TradeLogger - INFO - [TRADE] 2025-08-29T21:18:34.457673+00:00 | enter_short 1 AAPL @ 339.01 | SL:341.29 TP:335.96999999999997 TS:None | strat=SMAStrategy regime=normal
2025-08-29 17:18:34 - TradeLogger - INFO - [TRADE] 2025-08-29T21:18:34.576175+00:00 | enter_short 1 AAPL @ 338.76 | SL:340.91785714285714 TP:335.8828571428571 TS:None | strat=SMAStrategy regime=normal
2025-08-29 17:18:34 - TradeLogger - INFO - [TRADE] 2025-08-29T21:18:34.666840+00:00 | enter_short 1 AAPL @ 338.64 | SL:340.8953571428571 TP:335.6328571428571 TS:None | strat=SMAStrategy regime=normal
2025-08-29 17:18:34 - TradeLogger - INFO - [TRADE] 2025-08-29T21:18:34.766608+00:00 | enter_short 1 AAPL @ 339.37 | SL:341.6146428571428 TP:336.37714285714287 TS:None | strat=SMAStrategy regime=normal
2025-08-29 17:18:34 - TradeLogger - INFO - [TRADE] 2025-08-29T21:18:34.881382+00:00 | enter_short 1 AAPL @ 338.85 | SL:341.2639285714286 TP:335.6314285714286 TS:None | strat=SMAStrategy regime=normal
2025-08-29 17:18:34 - TradeLogger - INFO - [TRADE] 2025-08-29T21:18:34.965379+00:00 | enter_short 1 AAPL @ 339.15 | SL:341.5735714285714 TP:335.9185714285714 TS:None | strat=SMAStrategy regime=normal
2025-08-29 17:18:35 - TradeLogger - INFO - [TRADE] 2025-08-29T21:18:35.170608+00:00 | enter_short 1 MSFT @ 307.22 | SL:309.29 TP:304.46000000000004 TS:None | strat=SMAStrategy regime=normal
2025-08-29 17:18:35 - TradeLogger - INFO - [TRADE] 2025-08-29T21:18:35.386101+00:00 | enter_short 1 AAPL @ 340.27 | SL:342.4975 TP:337.29999999999995 TS:None | strat=SMAStrategy regime=normal
2025-08-29 17:18:35 - TradeLogger - INFO - [TRADE] 2025-08-29T21:18:35.402561+00:00 | enter_short 1 MSFT @ 306.89 | SL:308.88071428571425 TP:304.23571428571427 TS:None | strat=SMAStrategy regime=normal
2025-08-29 17:18:35 - TradeLogger - INFO - [TRADE] 2025-08-29T21:18:35.472834+00:00 | enter_short 1 AAPL @ 339.43 | SL:341.74642857142857 TP:336.3414285714286 TS:None | strat=SMAStrategy regime=normal
2025-08-29 17:18:35 - TradeLogger - INFO - [TRADE] 2025-08-29T21:18:35.478117+00:00 | enter_short 1 MSFT @ 306.79 | SL:308.75607142857143 TP:304.16857142857145 TS:None | strat=SMAStrategy regime=normal
2025-08-29 17:18:35 - TradeLogger - INFO - [TRADE] 2025-08-29T21:18:35.580114+00:00 | enter_short 1 MSFT @ 306.65 | SL:308.6417857142857 TP:303.9942857142857 TS:None | strat=SMAStrategy regime=normal
2025-08-29 17:18:35 - TradeLogger - INFO - [TRADE] 2025-08-29T21:18:35.706884+00:00 | enter_short 1 MSFT @ 307.40 | SL:309.3328571428571 TP:304.8228571428571 TS:None | strat=SMAStrategy regime=normal
2025-08-29 17:18:35 - TradeLogger - INFO - [TRADE] 2025-08-29T21:18:35.804493+00:00 | enter_short 1 MSFT @ 307.73 | SL:309.7282142857143 TP:305.0657142857143 TS:None | strat=SMAStrategy regime=normal
2025-08-29 17:18:36 - TradeLogger - INFO - [TRADE] 2025-08-29T21:18:36.087843+00:00 | enter_short 1 AAPL @ 338.83 | SL:340.96964285714284 TP:335.97714285714284 TS:None | strat=SMAStrategy regime=normal
2025-08-29 17:18:36 - TradeLogger - INFO - [TRADE] 2025-08-29T21:18:36.201234+00:00 | enter_short 1 AAPL @ 338.82 | SL:341.01964285714286 TP:335.88714285714286 TS:None | strat=SMAStrategy regime=normal
2025-08-29 17:18:36 - TradeLogger - INFO - [TRADE] 2025-08-29T21:18:36.289108+00:00 | enter_short 1 AAPL @ 338.71 | SL:340.7360714285714 TP:336.00857142857143 TS:None | strat=SMAStrategy regime=normal
2025-08-29 17:18:36 - TradeLogger - INFO - [TRADE] 2025-08-29T21:18:36.396830+00:00 | enter_short 1 AAPL @ 338.85 | SL:340.83000000000004 TP:336.21000000000004 TS:None | strat=SMAStrategy regime=normal
2025-08-29 17:18:36 - TradeLogger - INFO - [TRADE] 2025-08-29T21:18:36.490791+00:00 | enter_short 1 AAPL @ 337.59 | SL:339.4703571428571 TP:335.0828571428571 TS:None | strat=SMAStrategy regime=normal
2025-08-29 17:18:36 - TradeLogger - INFO - [TRADE] 2025-08-29T21:18:36.590011+00:00 | enter_short 1 AAPL @ 337.31 | SL:339.19678571428574 TP:334.7942857142857 TS:None | strat=SMAStrategy regime=normal
2025-08-29 17:18:36 - TradeLogger - INFO - [TRADE] 2025-08-29T21:18:36.702600+00:00 | enter_short 1 AAPL @ 337.34 | SL:339.3671428571428 TP:334.63714285714286 TS:None | strat=SMAStrategy regime=normal
2025-08-29 17:18:36 - TradeLogger - INFO - [TRADE] 2025-08-29T21:18:36.798187+00:00 | enter_short 1 AAPL @ 337.28 | SL:339.5492857142857 TP:334.2542857142857 TS:None | strat=SMAStrategy regime=normal
2025-08-29 17:18:36 - TradeLogger - INFO - [TRADE] 2025-08-29T21:18:36.898448+00:00 | enter_short 1 AAPL @ 336.70 | SL:338.965 TP:333.68 TS:None | strat=SMAStrategy regime=normal
2025-08-29 17:18:36 - TradeLogger - INFO - [TRADE] 2025-08-29T21:18:36.996720+00:00 | enter_short 1 AAPL @ 336.24 | SL:338.3914285714286 TP:333.37142857142857 TS:None | strat=SMAStrategy regime=normal
2025-08-29 17:18:37 - TradeLogger - INFO - [TRADE] 2025-08-29T21:18:37.099409+00:00 | enter_short 1 AAPL @ 336.30 | SL:338.3967857142857 TP:333.50428571428574 TS:None | strat=SMAStrategy regime=normal
2025-08-29 17:18:37 - TradeLogger - INFO - [TRADE] 2025-08-29T21:18:37.204899+00:00 | enter_short 1 AAPL @ 336.55 | SL:338.5653571428572 TP:333.86285714285714 TS:None | strat=SMAStrategy regime=normal
2025-08-29 17:18:37 - TradeLogger - INFO - [TRADE] 2025-08-29T21:18:37.296664+00:00 | enter_short 1 AAPL @ 337.34 | SL:339.58892857142854 TP:334.34142857142854 TS:None | strat=SMAStrategy regime=normal
2025-08-29 17:18:37 - TradeLogger - INFO - [TRADE] 2025-08-29T21:18:37.403577+00:00 | enter_short 1 AAPL @ 337.65 | SL:339.85285714285715 TP:334.7128571428571 TS:None | strat=SMAStrategy regime=normal
2025-08-29 17:18:37 - TradeLogger - INFO - [TRADE] 2025-08-29T21:18:37.503495+00:00 | enter_short 1 AAPL @ 337.76 | SL:339.95428571428573 TP:334.83428571428567 TS:None | strat=SMAStrategy regime=normal
2025-08-29 17:18:37 - TradeLogger - INFO - [TRADE] 2025-08-29T21:18:37.603022+00:00 | enter_short 1 AAPL @ 337.85 | SL:339.93928571428575 TP:335.06428571428575 TS:None | strat=SMAStrategy regime=normal
2025-08-29 17:18:37 - TradeLogger - INFO - [TRADE] 2025-08-29T21:18:37.712063+00:00 | enter_short 1 AAPL @ 337.79 | SL:339.96607142857147 TP:334.8885714285714 TS:None | strat=SMAStrategy regime=normal
2025-08-29 17:18:37 - TradeLogger - INFO - [TRADE] 2025-08-29T21:18:37.814745+00:00 | enter_short 1 AAPL @ 338.12 | SL:340.295 TP:335.21999999999997 TS:None | strat=SMAStrategy regime=normal
2025-08-29 17:18:37 - TradeLogger - INFO - [TRADE] 2025-08-29T21:18:37.917043+00:00 | enter_short 1 AAPL @ 338.37 | SL:340.50214285714287 TP:335.52714285714285 TS:None | strat=SMAStrategy regime=normal
2025-08-29 17:18:38 - TradeLogger - INFO - [TRADE] 2025-08-29T21:18:38.005491+00:00 | enter_short 1 AAPL @ 338.39 | SL:340.3592857142857 TP:335.76428571428573 TS:None | strat=SMAStrategy regime=normal
2025-08-29 17:18:38 - TradeLogger - INFO - [TRADE] 2025-08-29T21:18:38.111022+00:00 | enter_short 1 AAPL @ 337.95 | SL:339.80035714285714 TP:335.48285714285714 TS:None | strat=SMAStrategy regime=normal
2025-08-29 17:18:38 - TradeLogger - INFO - [TRADE] 2025-08-29T21:18:38.212327+00:00 | enter_short 1 AAPL @ 338.25 | SL:339.42785714285714 TP:336.48321428571427 TS:None | strat=SMAStrategy regime=low_volatility
2025-08-29 17:18:38 - TradeLogger - INFO - [TRADE] 2025-08-29T21:18:38.314277+00:00 | enter_short 1 AAPL @ 337.79 | SL:339.64035714285717 TP:335.3228571428572 TS:None | strat=SMAStrategy regime=normal
2025-08-29 17:18:38 - TradeLogger - INFO - [TRADE] 2025-08-29T21:18:38.938124+00:00 | enter_short 1 AAPL @ 336.94 | SL:339.0282142857143 TP:334.1557142857143 TS:None | strat=SMAStrategy regime=normal
2025-08-29 17:18:39 - TradeLogger - INFO - [TRADE] 2025-08-29T21:18:39.038489+00:00 | enter_short 1 AAPL @ 337.05 | SL:339.25607142857143 TP:334.10857142857145 TS:None | strat=SMAStrategy regime=normal
2025-08-29 17:18:39 - TradeLogger - INFO - [TRADE] 2025-08-29T21:18:39.132551+00:00 | enter_short 1 AAPL @ 337.24 | SL:339.37 TP:334.40000000000003 TS:None | strat=SMAStrategy regime=normal
2025-08-29 17:18:39 - TradeLogger - INFO - [TRADE] 2025-08-29T21:18:39.223164+00:00 | enter_short 1 AAPL @ 336.85 | SL:339.2092857142857 TP:333.70428571428573 TS:None | strat=SMAStrategy regime=normal
2025-08-29 17:18:39 - TradeLogger - INFO - [TRADE] 2025-08-29T21:18:39.327455+00:00 | enter_short 1 AAPL @ 336.27 | SL:338.54571428571427 TP:333.23571428571427 TS:None | strat=SMAStrategy regime=normal
2025-08-29 17:18:39 - TradeLogger - INFO - [TRADE] 2025-08-29T21:18:39.442628+00:00 | enter_short 1 AAPL @ 336.17 | SL:338.55607142857144 TP:332.98857142857145 TS:None | strat=SMAStrategy regime=normal
2025-08-29 17:18:39 - TradeLogger - INFO - [TRADE] 2025-08-29T21:18:39.731291+00:00 | enter_short 1 AAPL @ 336.37 | SL:338.6007142857143 TP:333.3957142857143 TS:None | strat=SMAStrategy regime=normal
2025-08-29 17:18:39 - TradeLogger - INFO - [TRADE] 2025-08-29T21:18:39.738498+00:00 | enter_short 1 MSFT @ 309.75 | SL:311.73 TP:307.11 TS:None | strat=SMAStrategy regime=normal
2025-08-29 17:18:39 - TradeLogger - INFO - [TRADE] 2025-08-29T21:18:39.850255+00:00 | enter_short 1 AAPL @ 336.02 | SL:338.2421428571428 TP:333.0571428571429 TS:None | strat=SMAStrategy regime=normal
2025-08-29 17:18:39 - TradeLogger - INFO - [TRADE] 2025-08-29T21:18:39.866109+00:00 | enter_short 1 MSFT @ 309.87 | SL:311.82107142857143 TP:307.2685714285714 TS:None | strat=SMAStrategy regime=normal
2025-08-29 17:18:39 - TradeLogger - INFO - [TRADE] 2025-08-29T21:18:39.938760+00:00 | enter_short 1 AAPL @ 335.84 | SL:338.0514285714285 TP:332.89142857142855 TS:None | strat=SMAStrategy regime=normal
2025-08-29 17:18:39 - TradeLogger - INFO - [TRADE] 2025-08-29T21:18:39.950334+00:00 | enter_short 1 MSFT @ 309.50 | SL:311.4842857142857 TP:306.8542857142857 TS:None | strat=SMAStrategy regime=normal
2025-08-29 17:18:40 - TradeLogger - INFO - [TRADE] 2025-08-29T21:18:40.043271+00:00 | enter_short 1 AAPL @ 335.72 | SL:337.9582142857143 TP:332.7357142857143 TS:None | strat=SMAStrategy regime=normal
2025-08-29 17:18:40 - TradeLogger - INFO - [TRADE] 2025-08-29T21:18:40.054070+00:00 | enter_short 1 MSFT @ 309.17 | SL:311.25178571428575 TP:306.39428571428573 TS:None | strat=SMAStrategy regime=normal
2025-08-29 17:18:40 - TradeLogger - INFO - [TRADE] 2025-08-29T21:18:40.134542+00:00 | enter_short 1 AAPL @ 335.76 | SL:337.9392857142857 TP:332.8542857142857 TS:None | strat=SMAStrategy regime=normal
2025-08-29 17:18:40 - TradeLogger - INFO - [TRADE] 2025-08-29T21:18:40.238549+00:00 | enter_short 1 AAPL @ 335.52 | SL:337.60499999999996 TP:332.73999999999995 TS:None | strat=SMAStrategy regime=normal
2025-08-29 17:18:40 - TradeLogger - INFO - [TRADE] 2025-08-29T21:18:40.245768+00:00 | enter_short 1 MSFT @ 309.23 | SL:311.3385714285714 TP:306.41857142857145 TS:None | strat=SMAStrategy regime=normal
2025-08-29 17:18:40 - TradeLogger - INFO - [TRADE] 2025-08-29T21:18:40.349820+00:00 | enter_short 1 AAPL @ 335.83 | SL:337.8325 TP:333.15999999999997 TS:None | strat=SMAStrategy regime=normal
2025-08-29 17:18:40 - TradeLogger - INFO - [TRADE] 2025-08-29T21:18:40.364633+00:00 | enter_short 1 MSFT @ 309.59 | SL:311.59892857142853 TP:306.91142857142853 TS:None | strat=SMAStrategy regime=normal
2025-08-29 17:18:40 - TradeLogger - INFO - [TRADE] 2025-08-29T21:18:40.442772+00:00 | enter_short 1 AAPL @ 335.93 | SL:337.1614285714286 TP:334.08285714285716 TS:None | strat=SMAStrategy regime=low_volatility
2025-08-29 17:18:40 - TradeLogger - INFO - [TRADE] 2025-08-29T21:18:40.454430+00:00 | enter_short 1 MSFT @ 309.69 | SL:311.655 TP:307.07 TS:None | strat=SMAStrategy regime=normal
2025-08-29 17:18:40 - TradeLogger - INFO - [TRADE] 2025-08-29T21:18:40.539542+00:00 | enter_short 1 AAPL @ 336.31 | SL:338.2867857142857 TP:333.6742857142857 TS:None | strat=SMAStrategy regime=normal
2025-08-29 17:18:40 - TradeLogger - INFO - [TRADE] 2025-08-29T21:18:40.544589+00:00 | enter_short 1 MSFT @ 309.59 | SL:311.5228571428571 TP:307.0128571428571 TS:None | strat=SMAStrategy regime=normal
2025-08-29 17:18:40 - TradeLogger - INFO - [TRADE] 2025-08-29T21:18:40.644408+00:00 | enter_short 1 AAPL @ 336.26 | SL:337.39642857142854 TP:334.55535714285713 TS:None | strat=SMAStrategy regime=low_volatility
2025-08-29 17:18:40 - TradeLogger - INFO - [TRADE] 2025-08-29T21:18:40.653096+00:00 | enter_short 1 MSFT @ 309.73 | SL:311.5439285714286 TP:307.31142857142856 TS:None | strat=SMAStrategy regime=normal
2025-08-29 17:18:40 - TradeLogger - INFO - [TRADE] 2025-08-29T21:18:40.751807+00:00 | enter_short 1 AAPL @ 336.42 | SL:337.5357142857143 TP:334.7464285714286 TS:None | strat=SMAStrategy regime=low_volatility
2025-08-29 17:18:40 - TradeLogger - INFO - [TRADE] 2025-08-29T21:18:40.766907+00:00 | enter_short 2 MSFT @ 310.08 | SL:311.16785714285714 TP:308.44821428571424 TS:None | strat=SMAStrategy regime=low_volatility
2025-08-29 17:18:40 - TradeLogger - INFO - [TRADE] 2025-08-29T21:18:40.854047+00:00 | enter_short 1 AAPL @ 336.43 | SL:337.58785714285716 TP:334.6932142857143 TS:None | strat=SMAStrategy regime=low_volatility
2025-08-29 17:18:40 - TradeLogger - INFO - [TRADE] 2025-08-29T21:18:40.865544+00:00 | enter_short 1 MSFT @ 310.23 | SL:312.02035714285716 TP:307.84285714285716 TS:None | strat=SMAStrategy regime=normal
2025-08-29 17:18:40 - TradeLogger - INFO - [TRADE] 2025-08-29T21:18:40.944320+00:00 | enter_short 1 AAPL @ 335.90 | SL:336.9535714285714 TP:334.31964285714287 TS:None | strat=SMAStrategy regime=low_volatility
2025-08-29 17:18:40 - TradeLogger - INFO - [TRADE] 2025-08-29T21:18:40.948893+00:00 | enter_short 1 MSFT @ 310.44 | SL:312.3878571428572 TP:307.84285714285716 TS:None | strat=SMAStrategy regime=normal
2025-08-29 17:18:41 - TradeLogger - INFO - [TRADE] 2025-08-29T21:18:41.054351+00:00 | enter_short 1 AAPL @ 336.13 | SL:337.22285714285715 TP:334.4907142857143 TS:None | strat=SMAStrategy regime=low_volatility
2025-08-29 17:18:41 - TradeLogger - INFO - [TRADE] 2025-08-29T21:18:41.067369+00:00 | enter_short 1 MSFT @ 310.89 | SL:312.8442857142857 TP:308.2842857142857 TS:None | strat=SMAStrategy regime=normal
2025-08-29 17:18:41 - TradeLogger - INFO - [TRADE] 2025-08-29T21:18:41.149169+00:00 | enter_short 1 AAPL @ 336.15 | SL:337.28714285714284 TP:334.4442857142857 TS:None | strat=SMAStrategy regime=low_volatility
2025-08-29 17:18:41 - TradeLogger - INFO - [TRADE] 2025-08-29T21:18:41.156768+00:00 | enter_short 1 MSFT @ 310.68 | SL:312.74357142857144 TP:307.92857142857144 TS:None | strat=SMAStrategy regime=normal
2025-08-29 17:18:41 - TradeLogger - INFO - [TRADE] 2025-08-29T21:18:41.253422+00:00 | enter_short 1 AAPL @ 335.90 | SL:336.9542857142857 TP:334.31857142857143 TS:None | strat=SMAStrategy regime=low_volatility
2025-08-29 17:18:41 - TradeLogger - INFO - [TRADE] 2025-08-29T21:18:41.354099+00:00 | enter_short 1 AAPL @ 335.57 | SL:336.71714285714285 TP:333.8492857142857 TS:None | strat=SMAStrategy regime=low_volatility
2025-08-29 17:18:41 - TradeLogger - INFO - [TRADE] 2025-08-29T21:18:41.462057+00:00 | enter_short 1 AAPL @ 336.38 | SL:337.51214285714286 TP:334.6817857142857 TS:None | strat=SMAStrategy regime=low_volatility
2025-08-29 17:18:41 - TradeLogger - INFO - [TRADE] 2025-08-29T21:18:41.558880+00:00 | enter_short 1 AAPL @ 336.79 | SL:337.94214285714287 TP:335.06178571428575 TS:None | strat=SMAStrategy regime=low_volatility
2025-08-29 17:18:41 - TradeLogger - INFO - [TRADE] 2025-08-29T21:18:41.652958+00:00 | enter_short 1 AAPL @ 336.58 | SL:337.72214285714284 TP:334.8667857142857 TS:None | strat=SMAStrategy regime=low_volatility
2025-08-29 17:18:41 - TradeLogger - INFO - [TRADE] 2025-08-29T21:18:41.768201+00:00 | enter_short 1 AAPL @ 336.99 | SL:338.1207142857143 TP:335.2939285714286 TS:None | strat=SMAStrategy regime=low_volatility
2025-08-29 17:18:41 - TradeLogger - INFO - [TRADE] 2025-08-29T21:18:41.857208+00:00 | enter_short 1 AAPL @ 335.77 | SL:337.8892857142857 TP:332.9442857142857 TS:None | strat=SMAStrategy regime=normal
2025-08-29 17:18:43 - TradeLogger - INFO - [TRADE] 2025-08-29T21:18:43.804247+00:00 | enter_short 1 AAPL @ 336.70 | SL:337.80071428571426 TP:335.0489285714286 TS:None | strat=SMAStrategy regime=low_volatility
2025-08-29 17:18:43 - TradeLogger - INFO - [TRADE] 2025-08-29T21:18:43.906537+00:00 | enter_short 1 AAPL @ 337.00 | SL:337.98285714285714 TP:335.5257142857143 TS:None | strat=SMAStrategy regime=low_volatility
2025-08-29 17:18:43 - TradeLogger - INFO - [TRADE] 2025-08-29T21:18:43.988836+00:00 | enter_short 1 AAPL @ 336.96 | SL:338.09714285714284 TP:335.2542857142857 TS:None | strat=SMAStrategy regime=low_volatility
2025-08-29 17:18:44 - TradeLogger - INFO - [TRADE] 2025-08-29T21:18:44.098537+00:00 | enter_short 1 AAPL @ 338.03 | SL:339.93392857142857 TP:335.4914285714285 TS:None | strat=SMAStrategy regime=normal
2025-08-29 17:18:44 - TradeLogger - INFO - [TRADE] 2025-08-29T21:18:44.191934+00:00 | enter_short 1 AAPL @ 338.15 | SL:340.05821428571426 TP:335.60571428571427 TS:None | strat=SMAStrategy regime=normal
2025-08-29 17:18:44 - TradeLogger - INFO - [TRADE] 2025-08-29T21:18:44.295089+00:00 | enter_short 1 AAPL @ 339.06 | SL:341.15035714285716 TP:336.27285714285716 TS:None | strat=SMAStrategy regime=normal
2025-08-29 17:18:44 - TradeLogger - INFO - [TRADE] 2025-08-29T21:18:44.735452+00:00 | enter_short 1 MSFT @ 312.25 | SL:314.34250000000003 TP:309.46 TS:None | strat=SMAStrategy regime=normal
2025-08-29 17:18:45 - TradeLogger - INFO - [TRADE] 2025-08-29T21:18:45.119288+00:00 | enter_short 1 MSFT @ 311.69 | SL:313.7857142857143 TP:308.8957142857143 TS:None | strat=SMAStrategy regime=normal
2025-08-29 17:18:45 - TradeLogger - INFO - [TRADE] 2025-08-29T21:18:45.238241+00:00 | enter_short 1 MSFT @ 311.53 | SL:313.56357142857144 TP:308.8185714285714 TS:None | strat=SMAStrategy regime=normal
2025-08-29 17:18:45 - TradeLogger - INFO - [TRADE] 2025-08-29T21:18:45.328209+00:00 | enter_short 1 MSFT @ 311.78 | SL:313.8767857142857 TP:308.9842857142857 TS:None | strat=SMAStrategy regime=normal
2025-08-29 17:18:45 - TradeLogger - INFO - [TRADE] 2025-08-29T21:18:45.420243+00:00 | enter_short 1 MSFT @ 311.67 | SL:313.7421428571429 TP:308.90714285714284 TS:None | strat=SMAStrategy regime=normal
2025-08-29 17:18:45 - TradeLogger - INFO - [TRADE] 2025-08-29T21:18:45.532596+00:00 | enter_short 1 MSFT @ 311.90 | SL:313.8478571428571 TP:309.30285714285714 TS:None | strat=SMAStrategy regime=normal
2025-08-29 17:18:45 - TradeLogger - INFO - [TRADE] 2025-08-29T21:18:45.619149+00:00 | enter_short 1 MSFT @ 312.19 | SL:314.00071428571425 TP:309.7757142857143 TS:None | strat=SMAStrategy regime=normal
2025-08-29 17:18:45 - TradeLogger - INFO - [TRADE] 2025-08-29T21:18:45.727903+00:00 | enter_short 1 MSFT @ 311.99 | SL:313.01928571428573 TP:310.44607142857143 TS:None | strat=SMAStrategy regime=low_volatility
2025-08-29 17:18:45 - TradeLogger - INFO - [TRADE] 2025-08-29T21:18:45.834734+00:00 | enter_short 1 MSFT @ 312.24 | SL:313.27 TP:310.695 TS:None | strat=SMAStrategy regime=low_volatility
2025-08-29 17:18:45 - TradeLogger - INFO - [TRADE] 2025-08-29T21:18:45.921372+00:00 | enter_short 1 MSFT @ 312.31 | SL:313.2314285714286 TP:310.92785714285714 TS:None | strat=SMAStrategy regime=low_volatility
2025-08-29 17:18:46 - TradeLogger - INFO - [TRADE] 2025-08-29T21:18:46.028168+00:00 | enter_short 1 MSFT @ 312.39 | SL:313.3407142857143 TP:310.96392857142854 TS:None | strat=SMAStrategy regime=low_volatility
2025-08-29 17:18:46 - TradeLogger - INFO - [TRADE] 2025-08-29T21:18:46.137249+00:00 | enter_short 1 MSFT @ 312.64 | SL:313.55285714285714 TP:311.2707142857143 TS:None | strat=SMAStrategy regime=low_volatility
2025-08-29 17:18:46 - TradeLogger - INFO - [TRADE] 2025-08-29T21:18:46.965042+00:00 | enter_short 2 MSFT @ 311.07 | SL:312.05285714285714 TP:309.5957142857143 TS:None | strat=SMAStrategy regime=low_volatility
2025-08-29 17:18:47 - TradeLogger - INFO - [TRADE] 2025-08-29T21:18:47.059000+00:00 | enter_short 2 MSFT @ 310.91 | SL:311.92642857142863 TP:309.3853571428572 TS:None | strat=SMAStrategy regime=low_volatility
2025-08-29 17:18:47 - TradeLogger - INFO - [TRADE] 2025-08-29T21:18:47.142885+00:00 | enter_short 1 MSFT @ 310.99 | SL:312.6582142857143 TP:308.7657142857143 TS:None | strat=SMAStrategy regime=normal
2025-08-29 17:18:47 - TradeLogger - INFO - [TRADE] 2025-08-29T21:18:47.256997+00:00 | enter_short 2 MSFT @ 311.21 | SL:312.27214285714285 TP:309.6167857142857 TS:None | strat=SMAStrategy regime=low_volatility
2025-08-29 17:18:47 - TradeLogger - INFO - [TRADE] 2025-08-29T21:18:47.348787+00:00 | enter_short 1 MSFT @ 311.52 | SL:313.15714285714284 TP:309.3371428571428 TS:None | strat=SMAStrategy regime=normal
2025-08-29 17:18:47 - TradeLogger - INFO - [TRADE] 2025-08-29T21:18:47.451539+00:00 | enter_short 2 MSFT @ 311.78 | SL:312.8171428571428 TP:310.22428571428566 TS:None | strat=SMAStrategy regime=low_volatility
2025-08-29 17:18:47 - TradeLogger - INFO - [TRADE] 2025-08-29T21:18:47.564088+00:00 | enter_short 1 MSFT @ 311.75 | SL:313.4514285714286 TP:309.4814285714285 TS:None | strat=SMAStrategy regime=normal
2025-08-29 17:18:47 - TradeLogger - INFO - [TRADE] 2025-08-29T21:18:47.644737+00:00 | enter_short 1 MSFT @ 311.27 | SL:313.0217857142857 TP:308.9342857142857 TS:None | strat=SMAStrategy regime=normal
2025-08-29 17:18:47 - TradeLogger - INFO - [TRADE] 2025-08-29T21:18:47.753428+00:00 | enter_short 1 MSFT @ 311.52 | SL:313.2289285714286 TP:309.2414285714285 TS:None | strat=SMAStrategy regime=normal
2025-08-29 17:18:47 - TradeLogger - INFO - [TRADE] 2025-08-29T21:18:47.853802+00:00 | enter_short 1 MSFT @ 310.93 | SL:312.61642857142857 TP:308.68142857142857 TS:None | strat=SMAStrategy regime=normal
2025-08-29 17:18:47 - TradeLogger - INFO - [TRADE] 2025-08-29T21:18:47.962322+00:00 | enter_short 1 MSFT @ 310.72 | SL:312.5403571428572 TP:308.29285714285714 TS:None | strat=SMAStrategy regime=normal
2025-08-29 17:18:48 - TradeLogger - INFO - [TRADE] 2025-08-29T21:18:48.075296+00:00 | enter_short 1 MSFT @ 310.69 | SL:312.3014285714286 TP:308.5414285714286 TS:None | strat=SMAStrategy regime=normal
2025-08-29 17:18:48 - TradeLogger - INFO - [TRADE] 2025-08-29T21:18:48.151033+00:00 | enter_short 2 MSFT @ 311.00 | SL:312.0392857142857 TP:309.44107142857143 TS:None | strat=SMAStrategy regime=low_volatility
2025-08-29 17:18:48 - TradeLogger - INFO - [TRADE] 2025-08-29T21:18:48.262396+00:00 | enter_short 2 MSFT @ 311.05 | SL:312.0364285714286 TP:309.5703571428572 TS:None | strat=SMAStrategy regime=low_volatility
2025-08-29 17:18:48 - TradeLogger - INFO - [TRADE] 2025-08-29T21:18:48.382609+00:00 | enter_short 2 MSFT @ 310.89 | SL:311.8407142857143 TP:309.46392857142854 TS:None | strat=SMAStrategy regime=low_volatility
2025-08-29 17:18:48 - TradeLogger - INFO - [TRADE] 2025-08-29T21:18:48.472609+00:00 | enter_short 2 MSFT @ 310.84 | SL:311.7314285714285 TP:309.5028571428571 TS:None | strat=SMAStrategy regime=low_volatility
2025-08-29 17:18:48 - TradeLogger - INFO - [TRADE] 2025-08-29T21:18:48.556529+00:00 | enter_short 2 MSFT @ 311.47 | SL:312.3178571428572 TP:310.1982142857143 TS:None | strat=SMAStrategy regime=low_volatility
2025-08-29 17:18:48 - TradeLogger - INFO - [TRADE] 2025-08-29T21:18:48.665067+00:00 | enter_short 2 MSFT @ 310.78 | SL:311.6578571428571 TP:309.4632142857143 TS:None | strat=SMAStrategy regime=low_volatility
2025-08-29 17:18:48 - TradeLogger - INFO - [TRADE] 2025-08-29T21:18:48.873551+00:00 | enter_long 140 AAPL @ 340.22 | SL:336.66285714285715 TP:345.5557142857143 TS:None | strat=SMAStrategy regime=high_volatility
2025-08-29 17:18:49 - TradeLogger - INFO - [TRADE] 2025-08-29T21:18:49.701345+00:00 | enter_short 1 MSFT @ 311.92 | SL:313.5753571428572 TP:309.71285714285716 TS:None | strat=SMAStrategy regime=normal
2025-08-29 17:18:56 - TradeLogger - INFO - [TRADE] 2025-08-29T21:18:56.262852+00:00 | enter_short 1 AAPL @ 348.02 | SL:349.21999999999997 TP:346.21999999999997 TS:None | strat=SMAStrategy regime=low_volatility
2025-08-29 17:18:56 - TradeLogger - INFO - [TRADE] 2025-08-29T21:18:56.362108+00:00 | enter_short 1 AAPL @ 347.65 | SL:348.9085714285714 TP:345.76214285714286 TS:None | strat=SMAStrategy regime=low_volatility
2025-08-29 17:18:56 - TradeLogger - INFO - [TRADE] 2025-08-29T21:18:56.465209+00:00 | enter_short 1 AAPL @ 347.77 | SL:348.96 TP:345.985 TS:None | strat=SMAStrategy regime=low_volatility
2025-08-29 17:18:56 - TradeLogger - INFO - [TRADE] 2025-08-29T21:18:56.565664+00:00 | enter_short 1 AAPL @ 347.47 | SL:348.7457142857143 TP:345.5564285714286 TS:None | strat=SMAStrategy regime=low_volatility
2025-08-29 17:18:56 - TradeLogger - INFO - [TRADE] 2025-08-29T21:18:56.667634+00:00 | enter_short 1 AAPL @ 347.29 | SL:348.55428571428575 TP:345.3935714285715 TS:None | strat=SMAStrategy regime=low_volatility
2025-08-29 17:18:56 - TradeLogger - INFO - [TRADE] 2025-08-29T21:18:56.769265+00:00 | enter_short 1 AAPL @ 347.13 | SL:348.44714285714286 TP:345.1542857142857 TS:None | strat=SMAStrategy regime=low_volatility
2025-08-29 17:18:56 - TradeLogger - INFO - [TRADE] 2025-08-29T21:18:56.879154+00:00 | enter_short 1 AAPL @ 347.18 | SL:348.4264285714286 TP:345.31035714285713 TS:None | strat=SMAStrategy regime=low_volatility
2025-08-29 17:18:56 - TradeLogger - INFO - [TRADE] 2025-08-29T21:18:56.969947+00:00 | enter_short 1 AAPL @ 347.51 | SL:348.7057142857143 TP:345.71642857142854 TS:None | strat=SMAStrategy regime=low_volatility
2025-08-29 17:18:57 - TradeLogger - INFO - [TRADE] 2025-08-29T21:18:57.070518+00:00 | enter_short 1 AAPL @ 346.50 | SL:347.69928571428574 TP:344.7010714285714 TS:None | strat=SMAStrategy regime=low_volatility
2025-08-29 17:18:57 - TradeLogger - INFO - [TRADE] 2025-08-29T21:18:57.171948+00:00 | enter_short 1 AAPL @ 346.62 | SL:347.81714285714287 TP:344.82428571428574 TS:None | strat=SMAStrategy regime=low_volatility
2025-08-29 17:18:57 - TradeLogger - INFO - [TRADE] 2025-08-29T21:18:57.272539+00:00 | enter_short 1 AAPL @ 347.36 | SL:348.62928571428574 TP:345.4560714285714 TS:None | strat=SMAStrategy regime=low_volatility
2025-08-29 17:18:57 - TradeLogger - INFO - [TRADE] 2025-08-29T21:18:57.374567+00:00 | enter_short 1 AAPL @ 347.66 | SL:348.9042857142857 TP:345.79357142857145 TS:None | strat=SMAStrategy regime=low_volatility
2025-08-29 17:18:57 - TradeLogger - INFO - [TRADE] 2025-08-29T21:18:57.490028+00:00 | enter_short 1 AAPL @ 348.49 | SL:349.7307142857143 TP:346.62892857142856 TS:None | strat=SMAStrategy regime=low_volatility
2025-08-29 17:18:57 - TradeLogger - INFO - [TRADE] 2025-08-29T21:18:57.577932+00:00 | enter_short 1 AAPL @ 347.18 | SL:348.445 TP:345.28249999999997 TS:None | strat=SMAStrategy regime=low_volatility
2025-08-29 17:18:57 - TradeLogger - INFO - [TRADE] 2025-08-29T21:18:57.688255+00:00 | enter_short 1 AAPL @ 346.68 | SL:347.95214285714286 TP:344.7717857142857 TS:None | strat=SMAStrategy regime=low_volatility
2025-08-29 17:18:57 - TradeLogger - INFO - [TRADE] 2025-08-29T21:18:57.786901+00:00 | enter_short 1 AAPL @ 346.70 | SL:347.9114285714286 TP:344.8828571428571 TS:None | strat=SMAStrategy regime=low_volatility
2025-08-29 17:18:57 - TradeLogger - INFO - [TRADE] 2025-08-29T21:18:57.888424+00:00 | enter_short 1 AAPL @ 346.41 | SL:347.6857142857143 TP:344.49642857142857 TS:None | strat=SMAStrategy regime=low_volatility
2025-08-29 17:18:58 - TradeLogger - INFO - [TRADE] 2025-08-29T21:18:58.005939+00:00 | enter_short 1 AAPL @ 347.39 | SL:348.66857142857145 TP:345.47214285714284 TS:None | strat=SMAStrategy regime=low_volatility
2025-08-29 17:18:58 - TradeLogger - INFO - [TRADE] 2025-08-29T21:18:58.092088+00:00 | enter_short 1 AAPL @ 347.58 | SL:348.87642857142856 TP:345.6353571428571 TS:None | strat=SMAStrategy regime=low_volatility
2025-08-29 17:18:58 - TradeLogger - INFO - [TRADE] 2025-08-29T21:18:58.190964+00:00 | enter_short 1 AAPL @ 347.96 | SL:349.2528571428571 TP:346.02071428571423 TS:None | strat=SMAStrategy regime=low_volatility
2025-08-29 17:18:58 - TradeLogger - INFO - [TRADE] 2025-08-29T21:18:58.289954+00:00 | enter_short 1 AAPL @ 348.70 | SL:350.80321428571426 TP:345.89571428571423 TS:None | strat=SMAStrategy regime=normal
2025-08-29 17:19:00 - TradeLogger - INFO - [TRADE] 2025-08-29T21:19:00.444317+00:00 | enter_short 1 AAPL @ 347.87 | SL:350.14142857142855 TP:344.8414285714286 TS:None | strat=SMAStrategy regime=normal
2025-08-29 17:19:00 - TradeLogger - INFO - [TRADE] 2025-08-29T21:19:00.524283+00:00 | enter_short 1 AAPL @ 347.64 | SL:349.8246428571428 TP:344.7271428571429 TS:None | strat=SMAStrategy regime=normal
2025-08-29 17:19:00 - TradeLogger - INFO - [TRADE] 2025-08-29T21:19:00.629074+00:00 | enter_short 1 AAPL @ 348.51 | SL:350.7803571428571 TP:345.48285714285714 TS:None | strat=SMAStrategy regime=normal
2025-08-29 17:19:01 - TradeLogger - INFO - [TRADE] 2025-08-29T21:19:01.238066+00:00 | enter_short 1 AAPL @ 348.33 | SL:350.6121428571428 TP:345.28714285714284 TS:None | strat=SMAStrategy regime=normal
2025-08-29 17:19:01 - TradeLogger - INFO - [TRADE] 2025-08-29T21:19:01.549096+00:00 | enter_short 1 AAPL @ 348.63 | SL:350.9925 TP:345.48 TS:None | strat=SMAStrategy regime=normal
2025-08-29 17:19:01 - TradeLogger - INFO - [TRADE] 2025-08-29T21:19:01.845175+00:00 | enter_short 1 AAPL @ 346.62 | SL:348.95785714285716 TP:343.5028571428571 TS:None | strat=SMAStrategy regime=normal
2025-08-29 17:19:02 - TradeLogger - INFO - [TRADE] 2025-08-29T21:19:02.149666+00:00 | enter_short 1 AAPL @ 346.48 | SL:348.745 TP:343.46000000000004 TS:None | strat=SMAStrategy regime=normal
2025-08-29 17:19:02 - TradeLogger - INFO - [TRADE] 2025-08-29T21:19:02.254621+00:00 | enter_short 1 AAPL @ 346.54 | SL:348.70000000000005 TP:343.66 TS:None | strat=SMAStrategy regime=normal
2025-08-29 17:19:02 - TradeLogger - INFO - [TRADE] 2025-08-29T21:19:02.357900+00:00 | enter_short 1 AAPL @ 346.61 | SL:348.71964285714284 TP:343.7971428571429 TS:None | strat=SMAStrategy regime=normal
2025-08-29 17:19:03 - TradeLogger - INFO - [TRADE] 2025-08-29T21:19:03.973504+00:00 | enter_short 1 AAPL @ 338.30 | SL:340.66035714285715 TP:335.15285714285716 TS:None | strat=SMAStrategy regime=normal
2025-08-29 17:19:04 - TradeLogger - INFO - [TRADE] 2025-08-29T21:19:04.073428+00:00 | enter_short 1 AAPL @ 338.30 | SL:340.47821428571433 TP:335.3957142857143 TS:None | strat=SMAStrategy regime=normal
2025-08-29 17:19:04 - TradeLogger - INFO - [TRADE] 2025-08-29T21:19:04.201219+00:00 | enter_short 1 AAPL @ 336.78 | SL:339.0675 TP:333.72999999999996 TS:None | strat=SMAStrategy regime=normal
2025-08-29 17:19:04 - TradeLogger - INFO - [TRADE] 2025-08-29T21:19:04.483581+00:00 | enter_short 1 AAPL @ 336.17 | SL:338.5292857142857 TP:333.0242857142857 TS:None | strat=SMAStrategy regime=normal
2025-08-29 17:19:04 - TradeLogger - INFO - [TRADE] 2025-08-29T21:19:04.806281+00:00 | enter_short 1 AAPL @ 335.87 | SL:338.25714285714287 TP:332.6871428571429 TS:None | strat=SMAStrategy regime=normal
2025-08-29 17:19:04 - TradeLogger - INFO - [TRADE] 2025-08-29T21:19:04.886907+00:00 | enter_short 1 AAPL @ 335.92 | SL:338.28464285714284 TP:332.76714285714286 TS:None | strat=SMAStrategy regime=normal
2025-08-29 17:19:05 - TradeLogger - INFO - [TRADE] 2025-08-29T21:19:05.224087+00:00 | enter_short 1 AAPL @ 332.99 | SL:335.36 TP:329.83000000000004 TS:None | strat=SMAStrategy regime=normal
2025-08-29 17:19:05 - TradeLogger - INFO - [TRADE] 2025-08-29T21:19:05.393774+00:00 | enter_short 1 AAPL @ 332.73 | SL:335.16107142857146 TP:329.48857142857145 TS:None | strat=SMAStrategy regime=normal
2025-08-29 17:19:05 - TradeLogger - INFO - [TRADE] 2025-08-29T21:19:05.495775+00:00 | enter_short 1 AAPL @ 333.18 | SL:335.52214285714285 TP:330.0571428571429 TS:None | strat=SMAStrategy regime=normal
2025-08-29 17:19:05 - TradeLogger - INFO - [TRADE] 2025-08-29T21:19:05.614207+00:00 | enter_short 1 AAPL @ 333.68 | SL:335.89785714285716 TP:330.72285714285715 TS:None | strat=SMAStrategy regime=normal
2025-08-29 17:19:05 - TradeLogger - INFO - [TRADE] 2025-08-29T21:19:05.701614+00:00 | enter_short 1 AAPL @ 334.88 | SL:337.0335714285714 TP:332.00857142857143 TS:None | strat=SMAStrategy regime=normal
2025-08-29 17:19:05 - TradeLogger - INFO - [TRADE] 2025-08-29T21:19:05.816946+00:00 | enter_short 1 AAPL @ 334.60 | SL:336.86607142857144 TP:331.5785714285715 TS:None | strat=SMAStrategy regime=normal
2025-08-29 17:19:05 - TradeLogger - INFO - [TRADE] 2025-08-29T21:19:05.901406+00:00 | enter_short 1 AAPL @ 334.55 | SL:336.9007142857143 TP:331.4157142857143 TS:None | strat=SMAStrategy regime=normal
2025-08-29 17:19:06 - TradeLogger - INFO - [TRADE] 2025-08-29T21:19:06.009242+00:00 | enter_short 1 AAPL @ 333.90 | SL:336.1242857142857 TP:330.9342857142857 TS:None | strat=SMAStrategy regime=normal
2025-08-29 17:19:06 - TradeLogger - INFO - [TRADE] 2025-08-29T21:19:06.116531+00:00 | enter_short 1 AAPL @ 334.06 | SL:336.34964285714284 TP:331.00714285714287 TS:None | strat=SMAStrategy regime=normal
2025-08-29 17:19:06 - TradeLogger - INFO - [TRADE] 2025-08-29T21:19:06.207344+00:00 | enter_short 1 AAPL @ 334.22 | SL:336.53107142857147 TP:331.1385714285714 TS:None | strat=SMAStrategy regime=normal
2025-08-29 17:19:06 - TradeLogger - INFO - [TRADE] 2025-08-29T21:19:06.307796+00:00 | enter_short 1 AAPL @ 333.96 | SL:336.34499999999997 TP:330.78 TS:None | strat=SMAStrategy regime=normal
2025-08-29 17:19:06 - TradeLogger - INFO - [TRADE] 2025-08-29T21:19:06.413432+00:00 | enter_short 1 AAPL @ 333.71 | SL:335.7810714285714 TP:330.9485714285714 TS:None | strat=SMAStrategy regime=normal
2025-08-29 17:19:06 - TradeLogger - INFO - [TRADE] 2025-08-29T21:19:06.530165+00:00 | enter_short 1 AAPL @ 333.95 | SL:336.06714285714287 TP:331.1271428571428 TS:None | strat=SMAStrategy regime=normal
2025-08-29 17:19:06 - TradeLogger - INFO - [TRADE] 2025-08-29T21:19:06.617963+00:00 | enter_short 1 AAPL @ 334.18 | SL:336.3046428571429 TP:331.34714285714284 TS:None | strat=SMAStrategy regime=normal
2025-08-29 17:19:06 - TradeLogger - INFO - [TRADE] 2025-08-29T21:19:06.716667+00:00 | enter_short 1 AAPL @ 333.97 | SL:335.92107142857145 TP:331.36857142857144 TS:None | strat=SMAStrategy regime=normal
2025-08-29 17:19:06 - TradeLogger - INFO - [TRADE] 2025-08-29T21:19:06.817184+00:00 | enter_short 1 AAPL @ 333.93 | SL:335.9978571428572 TP:331.17285714285714 TS:None | strat=SMAStrategy regime=normal
2025-08-29 17:19:06 - TradeLogger - INFO - [TRADE] 2025-08-29T21:19:06.926198+00:00 | enter_short 1 AAPL @ 334.76 | SL:336.9296428571429 TP:331.8671428571428 TS:None | strat=SMAStrategy regime=normal
2025-08-29 17:19:07 - TradeLogger - INFO - [TRADE] 2025-08-29T21:19:07.026618+00:00 | enter_short 1 AAPL @ 334.29 | SL:336.495 TP:331.35 TS:None | strat=SMAStrategy regime=normal
2025-08-29 17:19:07 - TradeLogger - INFO - [TRADE] 2025-08-29T21:19:07.120357+00:00 | enter_short 1 AAPL @ 335.62 | SL:337.94178571428574 TP:332.5242857142857 TS:None | strat=SMAStrategy regime=normal
2025-08-29 17:19:07 - TradeLogger - INFO - [TRADE] 2025-08-29T21:19:07.221182+00:00 | enter_short 1 AAPL @ 335.65 | SL:337.9739285714286 TP:332.5514285714285 TS:None | strat=SMAStrategy regime=normal
2025-08-29 17:19:08 - TradeLogger - INFO - [TRADE] 2025-08-29T21:19:08.443122+00:00 | enter_short 1 AAPL @ 333.26 | SL:335.5807142857143 TP:330.1657142857143 TS:None | strat=SMAStrategy regime=normal
2025-08-29 17:19:08 - TradeLogger - INFO - [TRADE] 2025-08-29T21:19:08.538949+00:00 | enter_short 1 AAPL @ 333.61 | SL:335.7292857142857 TP:330.7842857142857 TS:None | strat=SMAStrategy regime=normal
2025-08-29 17:19:08 - TradeLogger - INFO - [TRADE] 2025-08-29T21:19:08.650144+00:00 | enter_short 1 AAPL @ 332.33 | SL:334.40749999999997 TP:329.56 TS:None | strat=SMAStrategy regime=normal
2025-08-29 17:19:08 - TradeLogger - INFO - [TRADE] 2025-08-29T21:19:08.744916+00:00 | enter_short 1 AAPL @ 330.71 | SL:333.0671428571428 TP:327.56714285714287 TS:None | strat=SMAStrategy regime=normal
2025-08-29 17:19:08 - TradeLogger - INFO - [TRADE] 2025-08-29T21:19:08.844853+00:00 | enter_short 1 AAPL @ 330.23 | SL:332.5260714285714 TP:327.16857142857145 TS:None | strat=SMAStrategy regime=normal
2025-08-29 17:19:08 - TradeLogger - INFO - [TRADE] 2025-08-29T21:19:08.950538+00:00 | enter_short 1 AAPL @ 330.53 | SL:332.6739285714285 TP:327.6714285714286 TS:None | strat=SMAStrategy regime=normal
2025-08-29 17:19:09 - TradeLogger - INFO - [TRADE] 2025-08-29T21:19:09.057037+00:00 | enter_short 1 AAPL @ 330.81 | SL:333.0075 TP:327.88000000000005 TS:None | strat=SMAStrategy regime=normal
2025-08-29 17:19:09 - TradeLogger - INFO - [TRADE] 2025-08-29T21:19:09.184637+00:00 | enter_short 1 AAPL @ 330.90 | SL:332.9839285714285 TP:328.12142857142857 TS:None | strat=SMAStrategy regime=normal
2025-08-29 17:19:09 - TradeLogger - INFO - [TRADE] 2025-08-29T21:19:09.256036+00:00 | enter_short 1 AAPL @ 331.54 | SL:333.5467857142857 TP:328.86428571428576 TS:None | strat=SMAStrategy regime=normal
2025-08-29 17:19:09 - TradeLogger - INFO - [TRADE] 2025-08-29T21:19:09.349152+00:00 | enter_short 1 AAPL @ 331.87 | SL:333.85964285714283 TP:329.2171428571429 TS:None | strat=SMAStrategy regime=normal
2025-08-29 17:19:09 - TradeLogger - INFO - [TRADE] 2025-08-29T21:19:09.454853+00:00 | enter_short 1 AAPL @ 331.67 | SL:333.69392857142856 TP:328.9714285714286 TS:None | strat=SMAStrategy regime=normal
2025-08-29 17:19:09 - TradeLogger - INFO - [TRADE] 2025-08-29T21:19:09.562371+00:00 | enter_short 1 AAPL @ 331.68 | SL:333.74892857142856 TP:328.9214285714286 TS:None | strat=SMAStrategy regime=normal
2025-08-29 17:19:09 - TradeLogger - INFO - [TRADE] 2025-08-29T21:19:09.655704+00:00 | enter_short 1 AAPL @ 331.71 | SL:333.71142857142854 TP:329.0414285714286 TS:None | strat=SMAStrategy regime=normal
2025-08-29 17:19:09 - TradeLogger - INFO - [TRADE] 2025-08-29T21:19:09.756922+00:00 | enter_short 1 AAPL @ 331.51 | SL:332.75857142857143 TP:329.63714285714286 TS:None | strat=SMAStrategy regime=low_volatility
2025-08-29 17:19:09 - TradeLogger - INFO - [TRADE] 2025-08-29T21:19:09.857376+00:00 | enter_short 1 AAPL @ 331.48 | SL:332.745 TP:329.58250000000004 TS:None | strat=SMAStrategy regime=low_volatility
2025-08-29 17:19:09 - TradeLogger - INFO - [TRADE] 2025-08-29T21:19:09.973251+00:00 | enter_short 1 AAPL @ 330.22 | SL:331.505 TP:328.2925 TS:None | strat=SMAStrategy regime=low_volatility
2025-08-29 17:19:10 - TradeLogger - INFO - [TRADE] 2025-08-29T21:19:10.059038+00:00 | enter_short 1 AAPL @ 330.44 | SL:331.7264285714286 TP:328.5103571428571 TS:None | strat=SMAStrategy regime=low_volatility
2025-08-29 17:19:10 - TradeLogger - INFO - [TRADE] 2025-08-29T21:19:10.159786+00:00 | enter_short 1 AAPL @ 329.48 | SL:330.64785714285716 TP:327.72821428571433 TS:None | strat=SMAStrategy regime=low_volatility
2025-08-29 17:19:10 - TradeLogger - INFO - [TRADE] 2025-08-29T21:19:10.262494+00:00 | enter_short 1 AAPL @ 330.27 | SL:331.4814285714286 TP:328.4528571428571 TS:None | strat=SMAStrategy regime=low_volatility
2025-08-29 17:19:10 - TradeLogger - INFO - [TRADE] 2025-08-29T21:19:10.364177+00:00 | enter_short 1 AAPL @ 328.59 | SL:329.82214285714286 TP:326.7417857142857 TS:None | strat=SMAStrategy regime=low_volatility
2025-08-29 17:19:10 - TradeLogger - INFO - [TRADE] 2025-08-29T21:19:10.467223+00:00 | enter_short 1 AAPL @ 329.24 | SL:331.3014285714286 TP:326.49142857142857 TS:None | strat=SMAStrategy regime=normal
2025-08-29 17:19:10 - TradeLogger - INFO - [TRADE] 2025-08-29T21:19:10.566306+00:00 | enter_short 1 AAPL @ 329.36 | SL:331.45250000000004 TP:326.57 TS:None | strat=SMAStrategy regime=normal
2025-08-29 17:19:10 - TradeLogger - INFO - [TRADE] 2025-08-29T21:19:10.672613+00:00 | enter_short 1 AAPL @ 328.97 | SL:331.0014285714286 TP:326.2614285714286 TS:None | strat=SMAStrategy regime=normal
2025-08-29 17:19:10 - TradeLogger - INFO - [TRADE] 2025-08-29T21:19:10.768523+00:00 | enter_short 1 AAPL @ 329.44 | SL:331.4971428571429 TP:326.69714285714286 TS:None | strat=SMAStrategy regime=normal
2025-08-29 17:19:10 - TradeLogger - INFO - [TRADE] 2025-08-29T21:19:10.868021+00:00 | enter_short 1 AAPL @ 330.01 | SL:332.10571428571427 TP:327.2157142857143 TS:None | strat=SMAStrategy regime=normal
2025-08-29 17:19:10 - TradeLogger - INFO - [TRADE] 2025-08-29T21:19:10.969690+00:00 | enter_short 1 AAPL @ 329.40 | SL:331.7785714285714 TP:326.2285714285714 TS:None | strat=SMAStrategy regime=normal
2025-08-29 17:19:11 - TradeLogger - INFO - [TRADE] 2025-08-29T21:19:11.900726+00:00 | enter_short 1 AAPL @ 329.58 | SL:331.9682142857143 TP:326.39571428571423 TS:None | strat=SMAStrategy regime=normal
2025-08-29 17:19:12 - TradeLogger - INFO - [TRADE] 2025-08-29T21:19:12.412782+00:00 | enter_short 1 AAPL @ 329.65 | SL:332.0135714285714 TP:326.4985714285714 TS:None | strat=SMAStrategy regime=normal
2025-08-29 17:19:12 - TradeLogger - INFO - [TRADE] 2025-08-29T21:19:12.492799+00:00 | enter_short 1 AAPL @ 330.51 | SL:332.6207142857143 TP:327.69571428571425 TS:None | strat=SMAStrategy regime=normal
2025-08-29 17:19:12 - TradeLogger - INFO - [TRADE] 2025-08-29T21:19:12.605311+00:00 | enter_short 1 AAPL @ 332.39 | SL:334.70214285714286 TP:329.3071428571428 TS:None | strat=SMAStrategy regime=normal
2025-08-29 17:19:15 - TradeLogger - INFO - [TRADE] 2025-08-29T21:19:15.038955+00:00 | enter_short 1 AAPL @ 327.95 | SL:330.4475 TP:324.62 TS:None | strat=SMAStrategy regime=normal
2025-08-29 17:19:21 - TradeLogger - INFO - [TRADE] 2025-08-29T21:19:21.138880+00:00 | enter_short 1 AAPL @ 336.36 | SL:338.69357142857143 TP:333.24857142857144 TS:None | strat=SMAStrategy regime=normal
2025-08-29 17:19:21 - TradeLogger - INFO - [TRADE] 2025-08-29T21:19:21.226257+00:00 | enter_short 1 AAPL @ 335.61 | SL:338.0989285714286 TP:332.2914285714286 TS:None | strat=SMAStrategy regime=normal
2025-08-29 17:19:21 - TradeLogger - INFO - [TRADE] 2025-08-29T21:19:21.339689+00:00 | enter_short 1 AAPL @ 337.51 | SL:339.98071428571427 TP:334.2157142857143 TS:None | strat=SMAStrategy regime=normal
2025-08-29 17:19:21 - TradeLogger - INFO - [TRADE] 2025-08-29T21:19:21.421324+00:00 | enter_short 1 AAPL @ 337.12 | SL:339.6625 TP:333.73 TS:None | strat=SMAStrategy regime=normal
2025-08-29 17:19:21 - TradeLogger - INFO - [TRADE] 2025-08-29T21:19:21.534510+00:00 | enter_short 1 AAPL @ 336.62 | SL:339.0521428571429 TP:333.37714285714287 TS:None | strat=SMAStrategy regime=normal
2025-08-29 17:19:21 - TradeLogger - INFO - [TRADE] 2025-08-29T21:19:21.624496+00:00 | enter_short 1 AAPL @ 336.52 | SL:339.0260714285714 TP:333.1785714285714 TS:None | strat=SMAStrategy regime=normal
2025-08-29 17:19:21 - TradeLogger - INFO - [TRADE] 2025-08-29T21:19:21.731208+00:00 | enter_short 1 AAPL @ 336.55 | SL:338.9692857142857 TP:333.32428571428574 TS:None | strat=SMAStrategy regime=normal
2025-08-29 17:19:21 - TradeLogger - INFO - [TRADE] 2025-08-29T21:19:21.832131+00:00 | enter_short 1 AAPL @ 335.27 | SL:337.7267857142857 TP:331.9942857142857 TS:None | strat=SMAStrategy regime=normal
2025-08-29 17:19:21 - TradeLogger - INFO - [TRADE] 2025-08-29T21:19:21.932933+00:00 | enter_short 1 AAPL @ 337.41 | SL:339.7564285714286 TP:334.2814285714286 TS:None | strat=SMAStrategy regime=normal
2025-08-29 17:19:22 - TradeLogger - INFO - [TRADE] 2025-08-29T21:19:22.031719+00:00 | enter_short 1 AAPL @ 339.08 | SL:341.4789285714286 TP:335.88142857142856 TS:None | strat=SMAStrategy regime=normal
2025-08-29 17:19:22 - TradeLogger - INFO - [TRADE] 2025-08-29T21:19:22.133424+00:00 | enter_short 1 AAPL @ 337.57 | SL:340.08142857142855 TP:334.2214285714286 TS:None | strat=SMAStrategy regime=normal
2025-08-29 17:19:22 - TradeLogger - INFO - [TRADE] 2025-08-29T21:19:22.248000+00:00 | enter_short 1 AAPL @ 337.66 | SL:340.1907142857143 TP:334.28571428571433 TS:None | strat=SMAStrategy regime=normal
2025-08-29 17:19:22 - TradeLogger - INFO - [TRADE] 2025-08-29T21:19:22.334176+00:00 | enter_short 1 AAPL @ 337.76 | SL:340.13964285714286 TP:334.58714285714285 TS:None | strat=SMAStrategy regime=normal
2025-08-29 17:19:22 - TradeLogger - INFO - [TRADE] 2025-08-29T21:19:22.436077+00:00 | enter_short 1 AAPL @ 337.22 | SL:339.5621428571429 TP:334.0971428571429 TS:None | strat=SMAStrategy regime=normal
2025-08-29 17:19:22 - TradeLogger - INFO - [TRADE] 2025-08-29T21:19:22.538713+00:00 | enter_short 1 AAPL @ 335.33 | SL:337.62821428571425 TP:332.26571428571424 TS:None | strat=SMAStrategy regime=normal
2025-08-29 17:19:22 - TradeLogger - INFO - [TRADE] 2025-08-29T21:19:22.641188+00:00 | enter_short 1 AAPL @ 336.24 | SL:338.5982142857143 TP:333.0957142857143 TS:None | strat=SMAStrategy regime=normal
2025-08-29 17:19:22 - TradeLogger - INFO - [TRADE] 2025-08-29T21:19:22.739371+00:00 | enter_short 1 AAPL @ 335.90 | SL:338.12857142857143 TP:332.9285714285714 TS:None | strat=SMAStrategy regime=normal
2025-08-29 17:19:22 - TradeLogger - INFO - [TRADE] 2025-08-29T21:19:22.840857+00:00 | enter_short 1 AAPL @ 336.26 | SL:338.4917857142857 TP:333.2842857142857 TS:None | strat=SMAStrategy regime=normal
2025-08-29 17:19:22 - TradeLogger - INFO - [TRADE] 2025-08-29T21:19:22.940060+00:00 | enter_short 1 AAPL @ 335.55 | SL:337.96607142857147 TP:332.3285714285714 TS:None | strat=SMAStrategy regime=normal
2025-08-29 17:19:23 - TradeLogger - INFO - [TRADE] 2025-08-29T21:19:23.043155+00:00 | enter_short 1 AAPL @ 337.09 | SL:339.6657142857143 TP:333.6557142857143 TS:None | strat=SMAStrategy regime=normal
2025-08-29 17:19:23 - TradeLogger - INFO - [TRADE] 2025-08-29T21:19:23.346331+00:00 | enter_short 1 AAPL @ 335.04 | SL:337.52035714285716 TP:331.73285714285714 TS:None | strat=SMAStrategy regime=normal
2025-08-29 17:19:23 - TradeLogger - INFO - [TRADE] 2025-08-29T21:19:23.449526+00:00 | enter_short 1 AAPL @ 335.47 | SL:337.8335714285715 TP:332.3185714285715 TS:None | strat=SMAStrategy regime=normal
2025-08-29 17:19:23 - TradeLogger - INFO - [TRADE] 2025-08-29T21:19:23.549039+00:00 | enter_short 1 AAPL @ 337.02 | SL:339.3910714285714 TP:333.8585714285714 TS:None | strat=SMAStrategy regime=normal
2025-08-29 17:19:23 - TradeLogger - INFO - [TRADE] 2025-08-29T21:19:23.660797+00:00 | enter_short 1 AAPL @ 337.81 | SL:340.1532142857143 TP:334.6857142857143 TS:None | strat=SMAStrategy regime=normal
2025-08-29 17:19:24 - TradeLogger - INFO - [TRADE] 2025-08-29T21:19:24.054261+00:00 | enter_short 1 AAPL @ 336.61 | SL:339.1407142857143 TP:333.23571428571427 TS:None | strat=SMAStrategy regime=normal
2025-08-29 17:19:24 - TradeLogger - INFO - [TRADE] 2025-08-29T21:19:24.156504+00:00 | enter_short 1 AAPL @ 336.93 | SL:339.4767857142857 TP:333.5342857142857 TS:None | strat=SMAStrategy regime=normal
2025-08-29 17:19:24 - TradeLogger - INFO - [TRADE] 2025-08-29T21:19:24.867325+00:00 | enter_short 1 AAPL @ 336.32 | SL:338.4553571428571 TP:333.47285714285715 TS:None | strat=SMAStrategy regime=normal
2025-08-29 17:19:24 - TradeLogger - INFO - [TRADE] 2025-08-29T21:19:24.968778+00:00 | enter_short 1 AAPL @ 335.97 | SL:337.305 TP:333.96750000000003 TS:None | strat=SMAStrategy regime=low_volatility
2025-08-29 17:19:25 - TradeLogger - INFO - [TRADE] 2025-08-29T21:19:25.087031+00:00 | enter_short 1 AAPL @ 335.73 | SL:337.0235714285715 TP:333.7896428571429 TS:None | strat=SMAStrategy regime=low_volatility
2025-08-29 17:19:25 - TradeLogger - INFO - [TRADE] 2025-08-29T21:19:25.171389+00:00 | enter_short 1 AAPL @ 336.54 | SL:337.7114285714286 TP:334.78285714285715 TS:None | strat=SMAStrategy regime=low_volatility
2025-08-29 17:19:25 - TradeLogger - INFO - [TRADE] 2025-08-29T21:19:25.276198+00:00 | enter_short 1 AAPL @ 336.46 | SL:337.52214285714285 TP:334.8667857142857 TS:None | strat=SMAStrategy regime=low_volatility
2025-08-29 17:19:25 - TradeLogger - INFO - [TRADE] 2025-08-29T21:19:25.778541+00:00 | enter_short 1 AAPL @ 335.38 | SL:337.5025 TP:332.55 TS:None | strat=SMAStrategy regime=normal
2025-08-29 17:19:25 - TradeLogger - INFO - [TRADE] 2025-08-29T21:19:25.881899+00:00 | enter_short 1 AAPL @ 335.32 | SL:336.66285714285715 TP:333.30571428571426 TS:None | strat=SMAStrategy regime=low_volatility
2025-08-29 17:19:25 - TradeLogger - INFO - [TRADE] 2025-08-29T21:19:25.980067+00:00 | enter_short 1 AAPL @ 334.78 | SL:336.87142857142857 TP:331.9914285714285 TS:None | strat=SMAStrategy regime=normal
2025-08-29 17:19:26 - TradeLogger - INFO - [TRADE] 2025-08-29T21:19:26.090033+00:00 | enter_short 1 AAPL @ 334.48 | SL:336.6314285714286 TP:331.6114285714286 TS:None | strat=SMAStrategy regime=normal
2025-08-29 17:19:26 - TradeLogger - INFO - [TRADE] 2025-08-29T21:19:26.181994+00:00 | enter_short 1 AAPL @ 335.11 | SL:337.22821428571433 TP:332.2857142857143 TS:None | strat=SMAStrategy regime=normal
2025-08-29 17:19:26 - TradeLogger - INFO - [TRADE] 2025-08-29T21:19:26.283125+00:00 | enter_short 1 AAPL @ 334.28 | SL:336.6060714285714 TP:331.1785714285714 TS:None | strat=SMAStrategy regime=normal
2025-08-29 17:19:26 - TradeLogger - INFO - [TRADE] 2025-08-29T21:19:26.384558+00:00 | enter_short 1 AAPL @ 334.53 | SL:336.8710714285714 TP:331.4085714285714 TS:None | strat=SMAStrategy regime=normal
2025-08-29 17:19:26 - TradeLogger - INFO - [TRADE] 2025-08-29T21:19:26.497852+00:00 | enter_short 1 AAPL @ 335.80 | SL:338.21607142857147 TP:332.5785714285714 TS:None | strat=SMAStrategy regime=normal
2025-08-29 17:19:26 - TradeLogger - INFO - [TRADE] 2025-08-29T21:19:26.589299+00:00 | enter_short 1 AAPL @ 335.99 | SL:338.5367857142857 TP:332.5942857142857 TS:None | strat=SMAStrategy regime=normal
2025-08-29 17:19:26 - TradeLogger - INFO - [TRADE] 2025-08-29T21:19:26.691462+00:00 | enter_short 1 AAPL @ 335.07 | SL:337.58035714285717 TP:331.72285714285715 TS:None | strat=SMAStrategy regime=normal
2025-08-29 17:19:26 - TradeLogger - INFO - [TRADE] 2025-08-29T21:19:26.800668+00:00 | enter_short 1 AAPL @ 335.36 | SL:337.70428571428573 TP:332.2342857142857 TS:None | strat=SMAStrategy regime=normal
2025-08-29 17:19:26 - TradeLogger - INFO - [TRADE] 2025-08-29T21:19:26.893104+00:00 | enter_short 1 AAPL @ 334.42 | SL:336.7889285714286 TP:331.2614285714286 TS:None | strat=SMAStrategy regime=normal
2025-08-29 17:19:26 - TradeLogger - INFO - [TRADE] 2025-08-29T21:19:26.996854+00:00 | enter_short 1 AAPL @ 334.65 | SL:337.0360714285714 TP:331.4685714285714 TS:None | strat=SMAStrategy regime=normal
2025-08-29 17:19:27 - TradeLogger - INFO - [TRADE] 2025-08-29T21:19:27.129180+00:00 | enter_short 1 AAPL @ 334.26 | SL:336.4864285714286 TP:331.2914285714286 TS:None | strat=SMAStrategy regime=normal
2025-08-29 17:19:27 - TradeLogger - INFO - [TRADE] 2025-08-29T21:19:27.200053+00:00 | enter_short 1 AAPL @ 334.49 | SL:336.6542857142857 TP:331.6042857142857 TS:None | strat=SMAStrategy regime=normal
2025-08-29 17:19:27 - TradeLogger - INFO - [TRADE] 2025-08-29T21:19:27.330048+00:00 | enter_short 1 AAPL @ 334.53 | SL:335.91499999999996 TP:332.4525 TS:None | strat=SMAStrategy regime=low_volatility
2025-08-29 17:19:27 - TradeLogger - INFO - [TRADE] 2025-08-29T21:19:27.403356+00:00 | enter_short 1 AAPL @ 334.62 | SL:335.98 TP:332.58000000000004 TS:None | strat=SMAStrategy regime=low_volatility
2025-08-29 17:19:27 - TradeLogger - INFO - [TRADE] 2025-08-29T21:19:27.505365+00:00 | enter_short 1 AAPL @ 335.16 | SL:337.2964285714286 TP:332.3114285714286 TS:None | strat=SMAStrategy regime=normal
2025-08-29 17:19:27 - TradeLogger - INFO - [TRADE] 2025-08-29T21:19:27.609222+00:00 | enter_short 1 AAPL @ 335.75 | SL:337.9485714285714 TP:332.81857142857143 TS:None | strat=SMAStrategy regime=normal
2025-08-29 17:19:27 - TradeLogger - INFO - [TRADE] 2025-08-29T21:19:27.708064+00:00 | enter_short 1 AAPL @ 335.70 | SL:337.0542857142857 TP:333.66857142857145 TS:None | strat=SMAStrategy regime=low_volatility
2025-08-29 17:19:27 - TradeLogger - INFO - [TRADE] 2025-08-29T21:19:27.810068+00:00 | enter_short 1 AAPL @ 335.68 | SL:337.0464285714286 TP:333.6303571428572 TS:None | strat=SMAStrategy regime=low_volatility
2025-08-29 17:19:27 - TradeLogger - INFO - [TRADE] 2025-08-29T21:19:27.916809+00:00 | enter_short 1 AAPL @ 335.55 | SL:336.90214285714285 TP:333.5217857142857 TS:None | strat=SMAStrategy regime=low_volatility
2025-08-29 17:19:28 - TradeLogger - INFO - [TRADE] 2025-08-29T21:19:28.010895+00:00 | enter_short 1 AAPL @ 334.77 | SL:336.0278571428571 TP:332.8832142857143 TS:None | strat=SMAStrategy regime=low_volatility
2025-08-29 17:19:28 - TradeLogger - INFO - [TRADE] 2025-08-29T21:19:28.134975+00:00 | enter_short 1 AAPL @ 334.23 | SL:335.48 TP:332.355 TS:None | strat=SMAStrategy regime=low_volatility
2025-08-29 17:19:28 - TradeLogger - INFO - [TRADE] 2025-08-29T21:19:28.211382+00:00 | enter_short 1 AAPL @ 334.54 | SL:335.66785714285714 TP:332.84821428571433 TS:None | strat=SMAStrategy regime=low_volatility
2025-08-29 17:19:28 - TradeLogger - INFO - [TRADE] 2025-08-29T21:19:28.315599+00:00 | enter_short 1 AAPL @ 335.14 | SL:336.23285714285714 TP:333.5007142857143 TS:None | strat=SMAStrategy regime=low_volatility
2025-08-29 17:19:28 - TradeLogger - INFO - [TRADE] 2025-08-29T21:19:28.462454+00:00 | enter_short 1 AAPL @ 334.90 | SL:336.02214285714285 TP:333.2167857142857 TS:None | strat=SMAStrategy regime=low_volatility
2025-08-29 17:19:28 - TradeLogger - INFO - [TRADE] 2025-08-29T21:19:28.822286+00:00 | enter_short 1 AAPL @ 334.31 | SL:335.57642857142855 TP:332.41035714285715 TS:None | strat=SMAStrategy regime=low_volatility
2025-08-29 17:19:28 - TradeLogger - INFO - [TRADE] 2025-08-29T21:19:28.922761+00:00 | enter_short 1 AAPL @ 333.23 | SL:334.49142857142857 TP:331.33785714285716 TS:None | strat=SMAStrategy regime=low_volatility
2025-08-29 17:19:29 - TradeLogger - INFO - [TRADE] 2025-08-29T21:19:29.054133+00:00 | enter_short 1 AAPL @ 332.51 | SL:333.8192857142857 TP:330.5460714285714 TS:None | strat=SMAStrategy regime=low_volatility
2025-08-29 17:19:29 - TradeLogger - INFO - [TRADE] 2025-08-29T21:19:29.131681+00:00 | enter_short 1 AAPL @ 331.68 | SL:333.0285714285714 TP:329.65714285714284 TS:None | strat=SMAStrategy regime=low_volatility
2025-08-29 17:19:29 - TradeLogger - INFO - [TRADE] 2025-08-29T21:19:29.230040+00:00 | enter_short 1 AAPL @ 331.91 | SL:333.21857142857147 TP:329.94714285714286 TS:None | strat=SMAStrategy regime=low_volatility
2025-08-29 17:19:29 - TradeLogger - INFO - [TRADE] 2025-08-29T21:19:29.353960+00:00 | enter_short 1 AAPL @ 330.97 | SL:332.33000000000004 TP:328.93 TS:None | strat=SMAStrategy regime=low_volatility
2025-08-29 17:19:29 - TradeLogger - INFO - [TRADE] 2025-08-29T21:19:29.433807+00:00 | enter_short 1 AAPL @ 330.63 | SL:331.935 TP:328.6725 TS:None | strat=SMAStrategy regime=low_volatility
2025-08-29 17:19:29 - TradeLogger - INFO - [TRADE] 2025-08-29T21:19:29.551726+00:00 | enter_short 1 AAPL @ 331.56 | SL:332.91 TP:329.535 TS:None | strat=SMAStrategy regime=low_volatility
2025-08-29 17:19:29 - TradeLogger - INFO - [TRADE] 2025-08-29T21:19:29.658361+00:00 | enter_short 1 AAPL @ 331.00 | SL:333.2007142857143 TP:328.0657142857143 TS:None | strat=SMAStrategy regime=normal
2025-08-29 17:19:29 - TradeLogger - INFO - [TRADE] 2025-08-29T21:19:29.736132+00:00 | enter_short 1 AAPL @ 330.41 | SL:332.81107142857144 TP:327.2085714285715 TS:None | strat=SMAStrategy regime=normal
2025-08-29 17:19:29 - TradeLogger - INFO - [TRADE] 2025-08-29T21:19:29.838118+00:00 | enter_short 1 AAPL @ 329.26 | SL:331.74892857142856 TP:325.94142857142856 TS:None | strat=SMAStrategy regime=normal
2025-08-29 17:19:29 - TradeLogger - INFO - [TRADE] 2025-08-29T21:19:29.938594+00:00 | enter_short 1 AAPL @ 329.24 | SL:331.46535714285716 TP:326.27285714285716 TS:None | strat=SMAStrategy regime=normal
2025-08-29 17:19:30 - TradeLogger - INFO - [TRADE] 2025-08-29T21:19:30.041422+00:00 | enter_short 1 AAPL @ 329.18 | SL:331.6475 TP:325.89000000000004 TS:None | strat=SMAStrategy regime=normal
2025-08-29 17:19:30 - TradeLogger - INFO - [TRADE] 2025-08-29T21:19:30.143779+00:00 | enter_short 1 AAPL @ 329.82 | SL:332.35714285714283 TP:326.4371428571429 TS:None | strat=SMAStrategy regime=normal
2025-08-29 17:19:30 - TradeLogger - INFO - [TRADE] 2025-08-29T21:19:30.261333+00:00 | enter_short 1 AAPL @ 330.98 | SL:333.5835714285714 TP:327.5085714285715 TS:None | strat=SMAStrategy regime=normal
2025-08-29 17:19:30 - TradeLogger - INFO - [TRADE] 2025-08-29T21:19:30.545610+00:00 | enter_short 1 AAPL @ 329.64 | SL:332.18571428571425 TP:326.24571428571426 TS:None | strat=SMAStrategy regime=normal
2025-08-29 17:19:30 - TradeLogger - INFO - [TRADE] 2025-08-29T21:19:30.748773+00:00 | enter_short 1 AAPL @ 328.49 | SL:331.0925 TP:325.02000000000004 TS:None | strat=SMAStrategy regime=normal
2025-08-29 17:19:31 - TradeLogger - INFO - [TRADE] 2025-08-29T21:19:31.172952+00:00 | enter_short 1 AAPL @ 325.77 | SL:328.39928571428567 TP:322.2642857142857 TS:None | strat=SMAStrategy regime=normal
2025-08-29 17:19:31 - TradeLogger - INFO - [TRADE] 2025-08-29T21:19:31.274332+00:00 | enter_short 1 AAPL @ 326.06 | SL:328.4428571428571 TP:322.8828571428572 TS:None | strat=SMAStrategy regime=normal
2025-08-29 17:19:31 - TradeLogger - INFO - [TRADE] 2025-08-29T21:19:31.469363+00:00 | enter_short 1 AAPL @ 325.83 | SL:328.40678571428566 TP:322.39428571428573 TS:None | strat=SMAStrategy regime=normal
2025-08-29 17:19:31 - TradeLogger - INFO - [TRADE] 2025-08-29T21:19:31.567222+00:00 | enter_short 1 AAPL @ 326.66 | SL:329.2239285714286 TP:323.2414285714286 TS:None | strat=SMAStrategy regime=normal
2025-08-29 17:19:33 - TradeLogger - INFO - [TRADE] 2025-08-29T21:19:33.103762+00:00 | enter_short 1 AAPL @ 325.90 | SL:328.5828571428571 TP:322.3228571428571 TS:None | strat=SMAStrategy regime=normal
2025-08-29 17:19:33 - TradeLogger - INFO - [TRADE] 2025-08-29T21:19:33.496618+00:00 | enter_short 1 AAPL @ 325.71 | SL:328.3232142857143 TP:322.2257142857143 TS:None | strat=SMAStrategy regime=normal
2025-08-29 17:19:33 - TradeLogger - INFO - [TRADE] 2025-08-29T21:19:33.611042+00:00 | enter_short 1 AAPL @ 326.24 | SL:328.7867857142857 TP:322.8442857142857 TS:None | strat=SMAStrategy regime=normal
2025-08-29 17:19:33 - TradeLogger - INFO - [TRADE] 2025-08-29T21:19:33.694022+00:00 | enter_short 1 AAPL @ 326.67 | SL:329.1257142857143 TP:323.3957142857143 TS:None | strat=SMAStrategy regime=normal
2025-08-29 17:19:33 - TradeLogger - INFO - [TRADE] 2025-08-29T21:19:33.792911+00:00 | enter_short 1 AAPL @ 325.73 | SL:328.18678571428575 TP:322.45428571428573 TS:None | strat=SMAStrategy regime=normal
2025-08-29 17:19:33 - TradeLogger - INFO - [TRADE] 2025-08-29T21:19:33.912679+00:00 | enter_short 1 AAPL @ 325.28 | SL:327.5803571428571 TP:322.2128571428571 TS:None | strat=SMAStrategy regime=normal
2025-08-29 17:19:33 - TradeLogger - INFO - [TRADE] 2025-08-29T21:19:33.997727+00:00 | enter_short 1 AAPL @ 324.71 | SL:326.8817857142857 TP:321.8142857142857 TS:None | strat=SMAStrategy regime=normal
2025-08-29 17:19:34 - TradeLogger - INFO - [TRADE] 2025-08-29T21:19:34.103389+00:00 | enter_short 1 AAPL @ 324.62 | SL:325.91 TP:322.685 TS:None | strat=SMAStrategy regime=low_volatility
2025-08-29 17:19:34 - TradeLogger - INFO - [TRADE] 2025-08-29T21:19:34.200282+00:00 | enter_short 1 AAPL @ 325.06 | SL:326.355 TP:323.1175 TS:None | strat=SMAStrategy regime=low_volatility
2025-08-29 17:19:34 - TradeLogger - INFO - [TRADE] 2025-08-29T21:19:34.299372+00:00 | enter_short 1 AAPL @ 323.53 | SL:325.96964285714284 TP:320.27714285714285 TS:None | strat=SMAStrategy regime=normal
2025-08-29 17:19:34 - TradeLogger - INFO - [TRADE] 2025-08-29T21:19:34.404367+00:00 | enter_short 1 AAPL @ 324.37 | SL:326.9682142857143 TP:320.9057142857143 TS:None | strat=SMAStrategy regime=normal
2025-08-29 17:19:34 - TradeLogger - INFO - [TRADE] 2025-08-29T21:19:34.516439+00:00 | enter_short 1 AAPL @ 324.16 | SL:326.5857142857143 TP:320.9257142857143 TS:None | strat=SMAStrategy regime=normal
2025-08-29 17:19:34 - TradeLogger - INFO - [TRADE] 2025-08-29T21:19:34.606923+00:00 | enter_short 1 AAPL @ 323.21 | SL:325.51464285714286 TP:320.1371428571428 TS:None | strat=SMAStrategy regime=normal
2025-08-29 17:19:34 - TradeLogger - INFO - [TRADE] 2025-08-29T21:19:34.706239+00:00 | enter_short 1 AAPL @ 323.07 | SL:324.4764285714286 TP:320.9603571428571 TS:None | strat=SMAStrategy regime=low_volatility
2025-08-29 17:19:34 - TradeLogger - INFO - [TRADE] 2025-08-29T21:19:34.815629+00:00 | enter_short 1 AAPL @ 323.65 | SL:325.0278571428571 TP:321.58321428571423 TS:None | strat=SMAStrategy regime=low_volatility
2025-08-29 17:19:34 - TradeLogger - INFO - [TRADE] 2025-08-29T21:19:34.906126+00:00 | enter_short 1 AAPL @ 324.73 | SL:326.13428571428574 TP:322.62357142857144 TS:None | strat=SMAStrategy regime=low_volatility
2025-08-29 17:19:35 - TradeLogger - INFO - [TRADE] 2025-08-29T21:19:35.014494+00:00 | enter_short 1 AAPL @ 325.07 | SL:327.29535714285714 TP:322.10285714285715 TS:None | strat=SMAStrategy regime=normal
2025-08-29 17:19:35 - TradeLogger - INFO - [TRADE] 2025-08-29T21:19:35.228878+00:00 | enter_long 117 AAPL @ 333.06 | SL:328.7942857142857 TP:339.4585714285714 TS:None | strat=SMAStrategy regime=high_volatility
2025-08-29 17:19:41 - TradeLogger - INFO - [TRADE] 2025-08-29T21:19:41.934036+00:00 | enter_short 1 AAPL @ 336.96 | SL:339.34499999999997 TP:333.78 TS:None | strat=SMAStrategy regime=normal
2025-08-29 17:19:42 - TradeLogger - INFO - [TRADE] 2025-08-29T21:19:42.037575+00:00 | enter_short 1 AAPL @ 335.34 | SL:337.73249999999996 TP:332.15 TS:None | strat=SMAStrategy regime=normal
2025-08-29 17:19:42 - TradeLogger - INFO - [TRADE] 2025-08-29T21:19:42.118808+00:00 | enter_short 1 AAPL @ 335.04 | SL:337.34250000000003 TP:331.97 TS:None | strat=SMAStrategy regime=normal
2025-08-29 17:19:42 - TradeLogger - INFO - [TRADE] 2025-08-29T21:19:42.226637+00:00 | enter_short 1 AAPL @ 335.70 | SL:337.9403571428571 TP:332.71285714285716 TS:None | strat=SMAStrategy regime=normal
2025-08-29 17:19:42 - TradeLogger - INFO - [TRADE] 2025-08-29T21:19:42.341042+00:00 | enter_short 1 AAPL @ 338.05 | SL:340.4692857142857 TP:334.82428571428574 TS:None | strat=SMAStrategy regime=normal
2025-08-29 17:19:42 - TradeLogger - INFO - [TRADE] 2025-08-29T21:19:42.437186+00:00 | enter_short 1 AAPL @ 337.62 | SL:340.06071428571425 TP:334.3657142857143 TS:None | strat=SMAStrategy regime=normal
2025-08-29 17:19:42 - TradeLogger - INFO - [TRADE] 2025-08-29T21:19:42.949281+00:00 | enter_short 1 AAPL @ 337.23 | SL:339.9953571428572 TP:333.54285714285714 TS:None | strat=SMAStrategy regime=normal
2025-08-29 17:19:43 - TradeLogger - INFO - [TRADE] 2025-08-29T21:19:43.968550+00:00 | enter_short 1 AAPL @ 335.34 | SL:338.15142857142854 TP:331.59142857142854 TS:None | strat=SMAStrategy regime=normal
2025-08-29 17:19:44 - TradeLogger - INFO - [TRADE] 2025-08-29T21:19:44.069629+00:00 | enter_short 1 AAPL @ 335.96 | SL:338.42321428571427 TP:332.67571428571426 TS:None | strat=SMAStrategy regime=normal
2025-08-29 17:19:44 - TradeLogger - INFO - [TRADE] 2025-08-29T21:19:44.153471+00:00 | enter_short 1 AAPL @ 336.88 | SL:339.37857142857143 TP:333.54857142857145 TS:None | strat=SMAStrategy regime=normal
2025-08-29 17:19:44 - TradeLogger - INFO - [TRADE] 2025-08-29T21:19:44.261107+00:00 | enter_short 1 AAPL @ 336.24 | SL:338.71285714285716 TP:332.9428571428572 TS:None | strat=SMAStrategy regime=normal
2025-08-29 17:19:44 - TradeLogger - INFO - [TRADE] 2025-08-29T21:19:44.363527+00:00 | enter_short 1 AAPL @ 336.30 | SL:338.9132142857143 TP:332.8157142857143 TS:None | strat=SMAStrategy regime=normal
2025-08-29 17:19:44 - TradeLogger - INFO - [TRADE] 2025-08-29T21:19:44.456365+00:00 | enter_short 1 AAPL @ 335.99 | SL:338.53464285714284 TP:332.59714285714284 TS:None | strat=SMAStrategy regime=normal
2025-08-29 17:19:44 - TradeLogger - INFO - [TRADE] 2025-08-29T21:19:44.571406+00:00 | enter_short 1 AAPL @ 335.42 | SL:337.8532142857143 TP:332.1757142857143 TS:None | strat=SMAStrategy regime=normal
2025-08-29 17:19:44 - TradeLogger - INFO - [TRADE] 2025-08-29T21:19:44.678955+00:00 | enter_short 1 AAPL @ 334.98 | SL:337.4560714285714 TP:331.67857142857144 TS:None | strat=SMAStrategy regime=normal
2025-08-29 17:19:44 - TradeLogger - INFO - [TRADE] 2025-08-29T21:19:44.762038+00:00 | enter_short 1 AAPL @ 334.35 | SL:335.8514285714286 TP:332.09785714285715 TS:None | strat=SMAStrategy regime=low_volatility
2025-08-29 17:19:44 - TradeLogger - INFO - [TRADE] 2025-08-29T21:19:44.867971+00:00 | enter_short 1 AAPL @ 334.25 | SL:335.7342857142857 TP:332.0235714285714 TS:None | strat=SMAStrategy regime=low_volatility
2025-08-29 17:19:44 - TradeLogger - INFO - [TRADE] 2025-08-29T21:19:44.971609+00:00 | enter_short 1 AAPL @ 334.37 | SL:335.82 TP:332.195 TS:None | strat=SMAStrategy regime=low_volatility
2025-08-29 17:19:45 - TradeLogger - INFO - [TRADE] 2025-08-29T21:19:45.063959+00:00 | enter_short 1 AAPL @ 333.41 | SL:335.8046428571429 TP:330.2171428571429 TS:None | strat=SMAStrategy regime=normal
2025-08-29 17:19:45 - TradeLogger - INFO - [TRADE] 2025-08-29T21:19:45.169673+00:00 | enter_short 1 AAPL @ 333.23 | SL:334.60357142857146 TP:331.1696428571429 TS:None | strat=SMAStrategy regime=low_volatility
2025-08-29 17:19:45 - TradeLogger - INFO - [TRADE] 2025-08-29T21:19:45.267663+00:00 | enter_short 1 AAPL @ 335.06 | SL:336.5621428571429 TP:332.8067857142857 TS:None | strat=SMAStrategy regime=low_volatility
2025-08-29 17:19:45 - TradeLogger - INFO - [TRADE] 2025-08-29T21:19:45.371028+00:00 | enter_short 1 AAPL @ 335.68 | SL:338.0414285714286 TP:332.5314285714286 TS:None | strat=SMAStrategy regime=normal
2025-08-29 17:19:45 - TradeLogger - INFO - [TRADE] 2025-08-29T21:19:45.471814+00:00 | enter_short 1 AAPL @ 338.03 | SL:340.5617857142857 TP:334.65428571428566 TS:None | strat=SMAStrategy regime=normal
2025-08-29 17:19:45 - TradeLogger - INFO - [TRADE] 2025-08-29T21:19:45.574586+00:00 | enter_short 1 AAPL @ 337.45 | SL:339.90142857142854 TP:334.18142857142857 TS:None | strat=SMAStrategy regime=normal
2025-08-29 17:19:45 - TradeLogger - INFO - [TRADE] 2025-08-29T21:19:45.669928+00:00 | enter_short 1 AAPL @ 337.39 | SL:339.81142857142856 TP:334.16142857142853 TS:None | strat=SMAStrategy regime=normal
2025-08-29 17:19:45 - TradeLogger - INFO - [TRADE] 2025-08-29T21:19:45.779125+00:00 | enter_short 1 AAPL @ 337.46 | SL:339.97785714285715 TP:334.1028571428571 TS:None | strat=SMAStrategy regime=normal
2025-08-29 17:19:45 - TradeLogger - INFO - [TRADE] 2025-08-29T21:19:45.882817+00:00 | enter_short 1 AAPL @ 336.52 | SL:339.0753571428571 TP:333.11285714285714 TS:None | strat=SMAStrategy regime=normal
2025-08-29 17:19:45 - TradeLogger - INFO - [TRADE] 2025-08-29T21:19:45.980834+00:00 | enter_short 1 AAPL @ 336.62 | SL:339.2010714285714 TP:333.17857142857144 TS:None | strat=SMAStrategy regime=normal
2025-08-29 17:19:48 - TradeLogger - INFO - [TRADE] 2025-08-29T21:19:48.825910+00:00 | enter_short 1 AAPL @ 330.43 | SL:333.2339285714286 TP:326.69142857142856 TS:None | strat=SMAStrategy regime=normal
2025-08-29 17:19:48 - TradeLogger - INFO - [TRADE] 2025-08-29T21:19:48.945033+00:00 | enter_short 1 AAPL @ 330.83 | SL:333.5610714285714 TP:327.18857142857144 TS:None | strat=SMAStrategy regime=normal
2025-08-29 17:19:49 - TradeLogger - INFO - [TRADE] 2025-08-29T21:19:49.027776+00:00 | enter_short 1 AAPL @ 330.30 | SL:333.03214285714284 TP:326.65714285714284 TS:None | strat=SMAStrategy regime=normal
2025-08-29 17:19:49 - TradeLogger - INFO - [TRADE] 2025-08-29T21:19:49.133815+00:00 | enter_short 1 AAPL @ 329.55 | SL:332.2007142857143 TP:326.0157142857143 TS:None | strat=SMAStrategy regime=normal
2025-08-29 17:19:49 - TradeLogger - INFO - [TRADE] 2025-08-29T21:19:49.250204+00:00 | enter_short 1 AAPL @ 331.61 | SL:334.4225 TP:327.86 TS:None | strat=SMAStrategy regime=normal
2025-08-29 17:19:49 - TradeLogger - INFO - [TRADE] 2025-08-29T21:19:49.758693+00:00 | enter_short 1 AAPL @ 330.31 | SL:333.0003571428571 TP:326.72285714285715 TS:None | strat=SMAStrategy regime=normal
2025-08-29 17:19:50 - TradeLogger - INFO - [TRADE] 2025-08-29T21:19:50.061923+00:00 | enter_short 1 AAPL @ 333.13 | SL:335.89964285714285 TP:329.4371428571429 TS:None | strat=SMAStrategy regime=normal
2025-08-29 17:19:50 - TradeLogger - INFO - [TRADE] 2025-08-29T21:19:50.148117+00:00 | enter_short 1 AAPL @ 333.75 | SL:336.4275 TP:330.18 TS:None | strat=SMAStrategy regime=normal
2025-08-29 17:26:19 - TradeLogger - DEBUG - Logger initialized.
2025-08-29 17:26:19 - TradeLogger - DEBUG - Log file: logs/TradeLogger.log
2025-08-29 17:26:19 - TradeLogger - DEBUG - Logger name: TradeLogger
2025-08-29 17:26:19 - Drawdown Monitor - DEBUG - Logger initialized.
2025-08-29 17:26:19 - Drawdown Monitor - DEBUG - Log file: logs/TradeLogger.log
2025-08-29 17:26:19 - Drawdown Monitor - DEBUG - Logger name: Drawdown Monitor
2025-08-29 17:26:19 - Drawdown Monitor - INFO - [DAILY RESET] Portfolio start set to 100,000.00
2025-08-29 17:26:22 - TradeLogger - INFO - [TRADE] 2025-08-29T21:26:22.004709+00:00 | enter_long 331 AAPL @ 301.69 | SL:300.6385714285714 TP:303.26714285714286 TS:None | strat=SMAStrategy regime=low_volatility
2025-08-29 17:36:18 - TradeLogger - DEBUG - Logger initialized.
2025-08-29 17:36:18 - TradeLogger - DEBUG - Log file: logs/TradeLogger.log
2025-08-29 17:36:18 - TradeLogger - DEBUG - Logger name: TradeLogger
2025-08-29 17:36:18 - Drawdown Monitor - DEBUG - Logger initialized.
2025-08-29 17:36:18 - Drawdown Monitor - DEBUG - Log file: logs/TradeLogger.log
2025-08-29 17:36:18 - Drawdown Monitor - DEBUG - Logger name: Drawdown Monitor
2025-08-29 17:38:09 - TradeLogger - DEBUG - Logger initialized.
2025-08-29 17:38:09 - TradeLogger - DEBUG - Log file: logs/TradeLogger.log
2025-08-29 17:38:09 - TradeLogger - DEBUG - Logger name: TradeLogger
2025-08-29 17:38:09 - Drawdown Monitor - DEBUG - Logger initialized.
2025-08-29 17:38:09 - Drawdown Monitor - DEBUG - Log file: logs/TradeLogger.log
2025-08-29 17:38:09 - Drawdown Monitor - DEBUG - Logger name: Drawdown Monitor
2025-08-29 17:38:09 - Drawdown Monitor - INFO - [DAILY RESET] Portfolio start set to 100,000.00
2025-08-29 17:38:12 - TradeLogger - INFO - [TRADE] 2025-08-29T21:38:12.668131+00:00 | enter_long 74 MSFT @ 334.92 | SL:332.20714285714286 TP:338.98928571428576 TS:None | strat=SMAStrategy regime=high_volatility
2025-08-29 17:38:12 - TradeLogger - INFO - [TRADE] 2025-08-29T21:38:12.790453+00:00 | enter_short 74 MSFT @ 335.20 | SL:338.04857142857145 TP:330.9271428571428 TS:None | strat=SMAStrategy regime=high_volatility
2025-08-29 17:38:13 - TradeLogger - INFO - [TRADE] 2025-08-29T21:38:13.378751+00:00 | enter_long 74 MSFT @ 336.57 | SL:333.35 TP:341.4 TS:None | strat=SMAStrategy regime=high_volatility
2025-08-29 17:38:13 - TradeLogger - INFO - [TRADE] 2025-08-29T21:38:13.490511+00:00 | enter_long 74 MSFT @ 336.40 | SL:333.20714285714286 TP:341.1892857142857 TS:None | strat=SMAStrategy regime=high_volatility
2025-08-29 17:38:13 - TradeLogger - INFO - [TRADE] 2025-08-29T21:38:13.608570+00:00 | enter_long 74 MSFT @ 336.29 | SL:334.28107142857147 TP:338.96857142857147 TS:None | strat=SMAStrategy regime=normal
2025-08-29 17:38:13 - TradeLogger - INFO - [TRADE] 2025-08-29T21:38:13.682306+00:00 | enter_long 74 MSFT @ 336.20 | SL:334.12035714285713 TP:338.97285714285715 TS:None | strat=SMAStrategy regime=normal
2025-08-29 17:38:14 - TradeLogger - INFO - [TRADE] 2025-08-29T21:38:14.494176+00:00 | enter_short 74 MSFT @ 335.18 | SL:336.2764285714286 TP:333.53535714285715 TS:None | strat=SMAStrategy regime=low_volatility
2025-08-29 17:38:14 - TradeLogger - INFO - [TRADE] 2025-08-29T21:38:14.595044+00:00 | enter_short 74 MSFT @ 334.82 | SL:335.81142857142856 TP:333.3328571428571 TS:None | strat=SMAStrategy regime=low_volatility
2025-08-29 17:38:14 - TradeLogger - INFO - [TRADE] 2025-08-29T21:38:14.722034+00:00 | enter_short 74 MSFT @ 334.69 | SL:335.67857142857144 TP:333.20714285714286 TS:None | strat=SMAStrategy regime=low_volatility
2025-08-29 17:38:14 - TradeLogger - INFO - [TRADE] 2025-08-29T21:38:14.838137+00:00 | enter_short 74 MSFT @ 334.62 | SL:335.5914285714286 TP:333.16285714285715 TS:None | strat=SMAStrategy regime=low_volatility
2025-08-29 17:38:16 - TradeLogger - INFO - [TRADE] 2025-08-29T21:38:16.720487+00:00 | enter_long 74 MSFT @ 335.49 | SL:333.87 TP:337.65 TS:None | strat=SMAStrategy regime=normal
2025-08-29 17:38:16 - TradeLogger - INFO - [TRADE] 2025-08-29T21:38:16.818042+00:00 | enter_long 94 AAPL @ 264.13 | SL:263.3 TP:265.375 TS:None | strat=SMAStrategy regime=low_volatility
2025-08-29 17:38:16 - TradeLogger - INFO - [TRADE] 2025-08-29T21:38:16.826147+00:00 | enter_long 74 MSFT @ 335.89 | SL:334.26464285714286 TP:338.0571428571428 TS:None | strat=SMAStrategy regime=normal
2025-08-29 17:38:16 - TradeLogger - INFO - [TRADE] 2025-08-29T21:38:16.926017+00:00 | enter_long 94 AAPL @ 263.72 | SL:262.84785714285715 TP:265.0282142857143 TS:None | strat=SMAStrategy regime=low_volatility
2025-08-29 17:38:18 - TradeLogger - INFO - [TRADE] 2025-08-29T21:38:18.575304+00:00 | enter_short 74 MSFT @ 334.95 | SL:337.73571428571427 TP:330.77142857142854 TS:None | strat=SMAStrategy regime=high_volatility
2025-08-29 17:38:18 - TradeLogger - INFO - [TRADE] 2025-08-29T21:38:18.640170+00:00 | enter_long 94 AAPL @ 263.55 | SL:262.14750000000004 TP:265.42 TS:None | strat=SMAStrategy regime=normal
2025-08-29 17:38:18 - TradeLogger - INFO - [TRADE] 2025-08-29T21:38:18.644898+00:00 | enter_short 74 MSFT @ 334.76 | SL:337.53714285714284 TP:330.5942857142857 TS:None | strat=SMAStrategy regime=high_volatility
2025-08-29 17:38:18 - TradeLogger - INFO - [TRADE] 2025-08-29T21:38:18.740789+00:00 | enter_long 94 AAPL @ 263.78 | SL:262.2425 TP:265.83 TS:None | strat=SMAStrategy regime=normal
2025-08-29 17:38:19 - TradeLogger - INFO - [TRADE] 2025-08-29T21:38:19.046174+00:00 | enter_short 94 AAPL @ 263.78 | SL:265.3292857142857 TP:261.7142857142857 TS:None | strat=SMAStrategy regime=normal
2025-08-29 17:38:19 - TradeLogger - INFO - [TRADE] 2025-08-29T21:38:19.144201+00:00 | enter_short 94 AAPL @ 263.87 | SL:265.4825 TP:261.72 TS:None | strat=SMAStrategy regime=normal
2025-08-29 17:38:19 - TradeLogger - INFO - [TRADE] 2025-08-29T21:38:19.247550+00:00 | enter_short 94 AAPL @ 263.79 | SL:265.2707142857143 TP:261.8157142857143 TS:None | strat=SMAStrategy regime=normal
2025-08-29 17:38:19 - TradeLogger - INFO - [TRADE] 2025-08-29T21:38:19.373238+00:00 | enter_short 94 AAPL @ 264.16 | SL:265.0314285714286 TP:262.85285714285715 TS:None | strat=SMAStrategy regime=low_volatility
2025-08-29 17:38:19 - TradeLogger - INFO - [TRADE] 2025-08-29T21:38:19.651334+00:00 | enter_long 94 AAPL @ 264.12 | SL:263.25642857142856 TP:265.41535714285715 TS:None | strat=SMAStrategy regime=low_volatility
2025-08-29 17:38:19 - TradeLogger - INFO - [TRADE] 2025-08-29T21:38:19.760125+00:00 | enter_long 94 AAPL @ 264.23 | SL:263.3228571428572 TP:265.5907142857143 TS:None | strat=SMAStrategy regime=low_volatility
2025-08-29 17:38:19 - TradeLogger - INFO - [TRADE] 2025-08-29T21:38:19.852612+00:00 | enter_long 94 AAPL @ 264.07 | SL:263.16499999999996 TP:265.4275 TS:None | strat=SMAStrategy regime=low_volatility
2025-08-29 17:38:19 - TradeLogger - INFO - [TRADE] 2025-08-29T21:38:19.953879+00:00 | enter_long 94 AAPL @ 263.93 | SL:262.3592857142857 TP:266.0242857142857 TS:None | strat=SMAStrategy regime=normal
2025-08-29 17:38:20 - TradeLogger - INFO - [TRADE] 2025-08-29T21:38:20.461558+00:00 | enter_short 94 AAPL @ 263.74 | SL:265.25607142857143 TP:261.71857142857147 TS:None | strat=SMAStrategy regime=normal
2025-08-29 17:38:20 - TradeLogger - INFO - [TRADE] 2025-08-29T21:38:20.558441+00:00 | enter_short 94 AAPL @ 263.71 | SL:265.1425 TP:261.79999999999995 TS:None | strat=SMAStrategy regime=normal
2025-08-29 17:38:20 - TradeLogger - INFO - [TRADE] 2025-08-29T21:38:20.662392+00:00 | enter_short 94 AAPL @ 263.52 | SL:264.9610714285714 TP:261.5985714285714 TS:None | strat=SMAStrategy regime=normal
2025-08-29 17:38:20 - TradeLogger - INFO - [TRADE] 2025-08-29T21:38:20.766005+00:00 | enter_short 94 AAPL @ 263.97 | SL:265.35857142857145 TP:262.11857142857144 TS:None | strat=SMAStrategy regime=normal
2025-08-29 17:38:22 - TradeLogger - INFO - [TRADE] 2025-08-29T21:38:22.797456+00:00 | enter_long 74 MSFT @ 333.72 | SL:331.5728571428572 TP:336.58285714285716 TS:None | strat=SMAStrategy regime=normal
2025-08-29 17:38:22 - TradeLogger - INFO - [TRADE] 2025-08-29T21:38:22.905524+00:00 | enter_long 74 MSFT @ 333.61 | SL:331.5207142857143 TP:336.3957142857143 TS:None | strat=SMAStrategy regime=normal
2025-08-29 17:38:22 - TradeLogger - INFO - [TRADE] 2025-08-29T21:38:22.996291+00:00 | enter_long 74 MSFT @ 333.04 | SL:331.16607142857146 TP:335.53857142857146 TS:None | strat=SMAStrategy regime=normal
2025-08-29 17:38:23 - TradeLogger - INFO - [TRADE] 2025-08-29T21:38:23.135620+00:00 | enter_long 75 MSFT @ 332.83 | SL:330.66785714285714 TP:335.71285714285716 TS:None | strat=SMAStrategy regime=normal
2025-08-29 17:38:24 - TradeLogger - INFO - [TRADE] 2025-08-29T21:38:24.310789+00:00 | enter_short 75 MSFT @ 332.40 | SL:335.53428571428566 TP:327.6985714285714 TS:None | strat=SMAStrategy regime=high_volatility
2025-08-29 17:38:24 - TradeLogger - INFO - [TRADE] 2025-08-29T21:38:24.409280+00:00 | enter_long 94 AAPL @ 263.35 | SL:262.5964285714286 TP:264.48035714285714 TS:None | strat=SMAStrategy regime=low_volatility
2025-08-29 17:38:24 - TradeLogger - INFO - [TRADE] 2025-08-29T21:38:24.417888+00:00 | enter_short 75 MSFT @ 332.09 | SL:335.07571428571424 TP:327.6114285714286 TS:None | strat=SMAStrategy regime=high_volatility
2025-08-29 17:38:24 - TradeLogger - INFO - [TRADE] 2025-08-29T21:38:24.512680+00:00 | enter_long 94 AAPL @ 263.12 | SL:262.3021428571429 TP:264.3467857142857 TS:None | strat=SMAStrategy regime=low_volatility
2025-08-29 17:38:24 - TradeLogger - INFO - [TRADE] 2025-08-29T21:38:24.521947+00:00 | enter_short 75 MSFT @ 332.18 | SL:334.23607142857145 TP:329.43857142857144 TS:None | strat=SMAStrategy regime=normal
2025-08-29 17:38:24 - TradeLogger - INFO - [TRADE] 2025-08-29T21:38:24.614615+00:00 | enter_long 94 AAPL @ 262.98 | SL:261.5839285714286 TP:264.8414285714286 TS:None | strat=SMAStrategy regime=normal
2025-08-29 17:38:27 - TradeLogger - INFO - [TRADE] 2025-08-29T21:38:27.959759+00:00 | enter_short 94 AAPL @ 263.77 | SL:265.2367857142857 TP:261.8142857142857 TS:None | strat=SMAStrategy regime=normal
2025-08-29 17:38:28 - TradeLogger - INFO - [TRADE] 2025-08-29T21:38:28.060534+00:00 | enter_short 94 AAPL @ 263.78 | SL:265.27464285714285 TP:261.78714285714284 TS:None | strat=SMAStrategy regime=normal
2025-08-29 17:38:28 - TradeLogger - INFO - [TRADE] 2025-08-29T21:38:28.161478+00:00 | enter_short 94 AAPL @ 263.78 | SL:265.2907142857143 TP:261.76571428571424 TS:None | strat=SMAStrategy regime=normal
2025-08-29 17:38:31 - TradeLogger - INFO - [TRADE] 2025-08-29T21:38:31.219972+00:00 | enter_long 75 MSFT @ 331.80 | SL:330.7264285714286 TP:333.41035714285715 TS:None | strat=SMAStrategy regime=low_volatility
2025-08-29 17:38:31 - TradeLogger - INFO - [TRADE] 2025-08-29T21:38:31.300734+00:00 | enter_long 75 MSFT @ 331.49 | SL:330.31357142857144 TP:333.25464285714287 TS:None | strat=SMAStrategy regime=low_volatility
2025-08-29 17:38:31 - TradeLogger - INFO - [TRADE] 2025-08-29T21:38:31.406366+00:00 | enter_long 75 MSFT @ 331.12 | SL:329.9407142857143 TP:332.88892857142855 TS:None | strat=SMAStrategy regime=low_volatility
2025-08-29 17:38:32 - TradeLogger - INFO - [TRADE] 2025-08-29T21:38:32.515859+00:00 | enter_short 75 MSFT @ 330.13 | SL:331.1542857142857 TP:328.59357142857147 TS:None | strat=SMAStrategy regime=low_volatility
2025-08-29 17:38:32 - TradeLogger - INFO - [TRADE] 2025-08-29T21:38:32.611712+00:00 | enter_long 95 AAPL @ 262.45 | SL:260.18285714285713 TP:265.8507142857143 TS:None | strat=SMAStrategy regime=high_volatility
2025-08-29 17:38:32 - TradeLogger - INFO - [TRADE] 2025-08-29T21:38:32.617803+00:00 | enter_short 75 MSFT @ 330.25 | SL:331.36857142857144 TP:328.57214285714286 TS:None | strat=SMAStrategy regime=low_volatility
2025-08-29 17:38:32 - TradeLogger - INFO - [TRADE] 2025-08-29T21:38:32.716635+00:00 | enter_long 95 AAPL @ 262.32 | SL:260.8017857142857 TP:264.3442857142857 TS:None | strat=SMAStrategy regime=normal
2025-08-29 17:38:32 - TradeLogger - INFO - [TRADE] 2025-08-29T21:38:32.731229+00:00 | enter_short 75 MSFT @ 330.15 | SL:331.18142857142857 TP:328.60285714285715 TS:None | strat=SMAStrategy regime=low_volatility
2025-08-29 17:38:32 - TradeLogger - INFO - [TRADE] 2025-08-29T21:38:32.816924+00:00 | enter_long 95 AAPL @ 262.16 | SL:260.56357142857144 TP:264.28857142857146 TS:None | strat=SMAStrategy regime=normal
2025-08-29 17:38:32 - TradeLogger - INFO - [TRADE] 2025-08-29T21:38:32.913828+00:00 | enter_short 95 AAPL @ 262.19 | SL:263.68142857142857 TP:260.20142857142855 TS:None | strat=SMAStrategy regime=normal
2025-08-29 17:38:33 - TradeLogger - INFO - [TRADE] 2025-08-29T21:38:33.016395+00:00 | enter_short 95 AAPL @ 262.53 | SL:263.9785714285714 TP:260.5985714285714 TS:None | strat=SMAStrategy regime=normal
2025-08-29 17:38:33 - TradeLogger - INFO - [TRADE] 2025-08-29T21:38:33.123664+00:00 | enter_short 95 AAPL @ 262.43 | SL:263.28714285714284 TP:261.14428571428573 TS:None | strat=SMAStrategy regime=low_volatility
2025-08-29 17:38:33 - TradeLogger - INFO - [TRADE] 2025-08-29T21:38:33.723891+00:00 | enter_long 94 AAPL @ 263.14 | SL:262.3278571428571 TP:264.35821428571427 TS:None | strat=SMAStrategy regime=low_volatility
2025-08-29 17:38:33 - TradeLogger - INFO - [TRADE] 2025-08-29T21:38:33.826191+00:00 | enter_long 94 AAPL @ 262.99 | SL:262.29 TP:264.04 TS:None | strat=SMAStrategy regime=low_volatility
2025-08-29 17:38:33 - TradeLogger - INFO - [TRADE] 2025-08-29T21:38:33.934522+00:00 | enter_long 94 AAPL @ 263.17 | SL:262.5242857142857 TP:264.1385714285714 TS:None | strat=SMAStrategy regime=low_volatility
2025-08-29 17:38:37 - TradeLogger - INFO - [TRADE] 2025-08-29T21:38:37.473472+00:00 | enter_short 94 AAPL @ 263.50 | SL:265.76142857142855 TP:260.10785714285714 TS:None | strat=SMAStrategy regime=high_volatility
2025-08-29 17:38:37 - TradeLogger - INFO - [TRADE] 2025-08-29T21:38:37.482342+00:00 | enter_long 74 MSFT @ 333.48 | SL:330.13000000000005 TP:338.505 TS:None | strat=SMAStrategy regime=high_volatility
2025-08-29 17:38:37 - TradeLogger - INFO - [TRADE] 2025-08-29T21:38:37.576008+00:00 | enter_short 94 AAPL @ 263.33 | SL:265.84285714285716 TP:259.56071428571425 TS:None | strat=SMAStrategy regime=high_volatility
2025-08-29 17:38:37 - TradeLogger - INFO - [TRADE] 2025-08-29T21:38:37.584476+00:00 | enter_long 74 MSFT @ 333.43 | SL:330.26428571428573 TP:338.17857142857144 TS:None | strat=SMAStrategy regime=high_volatility
2025-08-29 17:38:37 - TradeLogger - INFO - [TRADE] 2025-08-29T21:38:37.678248+00:00 | enter_short 94 AAPL @ 263.61 | SL:266.2157142857143 TP:259.7014285714286 TS:None | strat=SMAStrategy regime=high_volatility
2025-08-29 17:38:37 - TradeLogger - INFO - [TRADE] 2025-08-29T21:38:37.688578+00:00 | enter_long 74 MSFT @ 333.68 | SL:330.4657142857143 TP:338.50142857142856 TS:None | strat=SMAStrategy regime=high_volatility
2025-08-29 17:38:40 - TradeLogger - INFO - [TRADE] 2025-08-29T21:38:40.612040+00:00 | enter_short 74 MSFT @ 333.63 | SL:334.76785714285717 TP:331.92321428571427 TS:None | strat=SMAStrategy regime=low_volatility
2025-08-29 17:38:40 - TradeLogger - INFO - [TRADE] 2025-08-29T21:38:40.710274+00:00 | enter_long 94 AAPL @ 264.46 | SL:262.13 TP:267.955 TS:None | strat=SMAStrategy regime=high_volatility
2025-08-29 17:38:40 - TradeLogger - INFO - [TRADE] 2025-08-29T21:38:40.721687+00:00 | enter_short 74 MSFT @ 333.27 | SL:334.40142857142854 TP:331.5728571428571 TS:None | strat=SMAStrategy regime=low_volatility
2025-08-29 17:38:40 - TradeLogger - INFO - [TRADE] 2025-08-29T21:38:40.837591+00:00 | enter_long 94 AAPL @ 264.58 | SL:262.2671428571428 TP:268.0492857142857 TS:None | strat=SMAStrategy regime=high_volatility
2025-08-29 17:38:40 - TradeLogger - INFO - [TRADE] 2025-08-29T21:38:40.850408+00:00 | enter_short 74 MSFT @ 333.46 | SL:335.2192857142857 TP:331.1142857142857 TS:None | strat=SMAStrategy regime=normal
2025-08-29 17:38:40 - TradeLogger - INFO - [TRADE] 2025-08-29T21:38:40.909380+00:00 | enter_long 94 AAPL @ 264.21 | SL:262.53214285714284 TP:266.44714285714286 TS:None | strat=SMAStrategy regime=normal
2025-08-29 17:38:41 - TradeLogger - INFO - [TRADE] 2025-08-29T21:38:41.416851+00:00 | enter_short 94 AAPL @ 263.63 | SL:265.0914285714286 TP:261.68142857142857 TS:None | strat=SMAStrategy regime=normal
2025-08-29 17:38:41 - TradeLogger - INFO - [TRADE] 2025-08-29T21:38:41.532767+00:00 | enter_short 94 AAPL @ 263.50 | SL:265.11892857142857 TP:261.34142857142854 TS:None | strat=SMAStrategy regime=normal
2025-08-29 17:38:41 - TradeLogger - INFO - [TRADE] 2025-08-29T21:38:41.625791+00:00 | enter_short 94 AAPL @ 263.46 | SL:265.8142857142857 TP:259.9285714285714 TS:None | strat=SMAStrategy regime=high_volatility
2025-08-29 17:38:42 - TradeLogger - INFO - [TRADE] 2025-08-29T21:38:42.443053+00:00 | enter_long 74 MSFT @ 334.66 | SL:330.81571428571436 TP:340.4264285714286 TS:None | strat=SMAStrategy regime=high_volatility
2025-08-29 17:38:42 - TradeLogger - INFO - [TRADE] 2025-08-29T21:38:42.581758+00:00 | enter_long 74 MSFT @ 334.72 | SL:331.03142857142865 TP:340.2528571428571 TS:None | strat=SMAStrategy regime=high_volatility
2025-08-29 17:38:42 - TradeLogger - INFO - [TRADE] 2025-08-29T21:38:42.640946+00:00 | enter_long 74 MSFT @ 334.43 | SL:330.87428571428575 TP:339.76357142857137 TS:None | strat=SMAStrategy regime=high_volatility
2025-08-29 17:38:44 - TradeLogger - INFO - [TRADE] 2025-08-29T21:38:44.890400+00:00 | enter_short 74 MSFT @ 333.07 | SL:335.01142857142855 TP:330.4814285714286 TS:None | strat=SMAStrategy regime=normal
2025-08-29 17:38:44 - TradeLogger - INFO - [TRADE] 2025-08-29T21:38:44.958336+00:00 | enter_long 94 AAPL @ 263.83 | SL:263.01642857142855 TP:265.05035714285714 TS:None | strat=SMAStrategy regime=low_volatility
2025-08-29 17:38:44 - TradeLogger - INFO - [TRADE] 2025-08-29T21:38:44.963694+00:00 | enter_short 75 MSFT @ 332.61 | SL:334.50857142857143 TP:330.0785714285715 TS:None | strat=SMAStrategy regime=normal
2025-08-29 17:38:45 - TradeLogger - INFO - [TRADE] 2025-08-29T21:38:45.060473+00:00 | enter_long 94 AAPL @ 263.92 | SL:263.1978571428572 TP:265.0032142857143 TS:None | strat=SMAStrategy regime=low_volatility
2025-08-29 17:38:45 - TradeLogger - INFO - [TRADE] 2025-08-29T21:38:45.068610+00:00 | enter_short 75 MSFT @ 332.28 | SL:334.14 TP:329.8 TS:None | strat=SMAStrategy regime=normal
2025-08-29 17:38:45 - TradeLogger - INFO - [TRADE] 2025-08-29T21:38:45.162524+00:00 | enter_long 94 AAPL @ 263.89 | SL:263.1492857142857 TP:265.0010714285714 TS:None | strat=SMAStrategy regime=low_volatility
2025-08-29 17:38:52 - TradeLogger - INFO - [TRADE] 2025-08-29T21:38:52.088432+00:00 | enter_short 94 AAPL @ 264.74 | SL:266.18964285714287 TP:262.8071428571429 TS:None | strat=SMAStrategy regime=normal
2025-08-29 17:38:52 - TradeLogger - INFO - [TRADE] 2025-08-29T21:38:52.105714+00:00 | enter_long 75 MSFT @ 330.11 | SL:328.23607142857145 TP:332.60857142857145 TS:None | strat=SMAStrategy regime=normal
2025-08-29 17:38:52 - TradeLogger - INFO - [TRADE] 2025-08-29T21:38:52.167009+00:00 | enter_short 94 AAPL @ 264.41 | SL:265.9325 TP:262.38000000000005 TS:None | strat=SMAStrategy regime=normal
2025-08-29 17:38:52 - TradeLogger - INFO - [TRADE] 2025-08-29T21:38:52.197241+00:00 | enter_long 75 MSFT @ 330.48 | SL:328.60607142857145 TP:332.97857142857146 TS:None | strat=SMAStrategy regime=normal
2025-08-29 17:38:52 - TradeLogger - INFO - [TRADE] 2025-08-29T21:38:52.249913+00:00 | enter_short 94 AAPL @ 264.51 | SL:266.0775 TP:262.42 TS:None | strat=SMAStrategy regime=normal
2025-08-29 17:38:52 - TradeLogger - INFO - [TRADE] 2025-08-29T21:38:52.255803+00:00 | enter_long 75 MSFT @ 330.41 | SL:328.51250000000005 TP:332.94000000000005 TS:None | strat=SMAStrategy regime=normal
2025-08-29 17:38:58 - TradeLogger - INFO - [TRADE] 2025-08-29T21:38:58.357294+00:00 | enter_short 74 MSFT @ 333.79 | SL:334.85285714285715 TP:332.1957142857143 TS:None | strat=SMAStrategy regime=low_volatility
2025-08-29 17:38:58 - TradeLogger - INFO - [TRADE] 2025-08-29T21:38:58.424393+00:00 | enter_long 95 AAPL @ 261.81 | SL:261.06714285714287 TP:262.9242857142857 TS:None | strat=SMAStrategy regime=low_volatility
2025-08-29 17:38:58 - TradeLogger - INFO - [TRADE] 2025-08-29T21:38:58.430272+00:00 | enter_short 74 MSFT @ 333.74 | SL:334.7864285714286 TP:332.17035714285714 TS:None | strat=SMAStrategy regime=low_volatility
2025-08-29 17:38:58 - TradeLogger - INFO - [TRADE] 2025-08-29T21:38:58.527300+00:00 | enter_long 95 AAPL @ 261.63 | SL:260.85571428571427 TP:262.7914285714286 TS:None | strat=SMAStrategy regime=low_volatility
2025-08-29 17:38:58 - TradeLogger - INFO - [TRADE] 2025-08-29T21:38:58.929956+00:00 | enter_short 95 AAPL @ 261.31 | SL:262.14428571428573 TP:260.05857142857144 TS:None | strat=SMAStrategy regime=low_volatility
2025-08-29 17:38:58 - TradeLogger - INFO - [TRADE] 2025-08-29T21:38:58.936742+00:00 | enter_long 72 MSFT @ 343.03 | SL:339.8185714285714 TP:347.8471428571429 TS:None | strat=SMAStrategy regime=high_volatility
2025-08-29 17:38:59 - TradeLogger - INFO - [TRADE] 2025-08-29T21:38:59.031737+00:00 | enter_short 95 AAPL @ 261.30 | SL:262.12857142857143 TP:260.0571428571429 TS:None | strat=SMAStrategy regime=low_volatility
2025-08-29 17:38:59 - TradeLogger - INFO - [TRADE] 2025-08-29T21:38:59.038364+00:00 | enter_long 72 MSFT @ 342.71 | SL:339.46428571428567 TP:347.5785714285714 TS:None | strat=SMAStrategy regime=high_volatility
2025-08-29 17:39:02 - TradeLogger - INFO - [TRADE] 2025-08-29T21:39:02.091627+00:00 | enter_short 73 MSFT @ 341.77 | SL:342.8292857142857 TP:340.18107142857144 TS:None | strat=SMAStrategy regime=low_volatility
2025-08-29 17:39:02 - TradeLogger - INFO - [TRADE] 2025-08-29T21:39:02.166966+00:00 | enter_long 95 AAPL @ 261.93 | SL:261.0992857142857 TP:263.17607142857145 TS:None | strat=SMAStrategy regime=low_volatility
2025-08-29 17:39:02 - TradeLogger - INFO - [TRADE] 2025-08-29T21:39:02.174909+00:00 | enter_short 72 MSFT @ 342.52 | SL:343.61285714285714 TP:340.8807142857143 TS:None | strat=SMAStrategy regime=low_volatility
2025-08-29 17:39:02 - TradeLogger - INFO - [TRADE] 2025-08-29T21:39:02.267704+00:00 | enter_long 95 AAPL @ 262.05 | SL:260.7825 TP:263.74 TS:None | strat=SMAStrategy regime=normal
2025-08-29 17:39:02 - TradeLogger - INFO - [TRADE] 2025-08-29T21:39:02.273476+00:00 | enter_short 72 MSFT @ 343.31 | SL:344.5 TP:341.52500000000003 TS:None | strat=SMAStrategy regime=low_volatility
2025-08-29 17:39:02 - TradeLogger - INFO - [TRADE] 2025-08-29T21:39:02.369018+00:00 | enter_long 95 AAPL @ 261.95 | SL:261.18 TP:263.10499999999996 TS:None | strat=SMAStrategy regime=low_volatility
2025-08-29 17:39:02 - TradeLogger - INFO - [TRADE] 2025-08-29T21:39:02.375493+00:00 | enter_short 72 MSFT @ 343.16 | SL:345.11 TP:340.56000000000006 TS:None | strat=SMAStrategy regime=normal
2025-08-29 17:39:02 - TradeLogger - INFO - [TRADE] 2025-08-29T21:39:02.470100+00:00 | enter_long 95 AAPL @ 261.97 | SL:260.7142857142858 TP:263.64428571428573 TS:None | strat=SMAStrategy regime=normal
2025-08-29 17:39:05 - TradeLogger - INFO - [TRADE] 2025-08-29T21:39:05.101529+00:00 | enter_short 95 AAPL @ 262.26 | SL:263.57464285714286 TP:260.50714285714287 TS:None | strat=SMAStrategy regime=normal
2025-08-29 17:39:05 - TradeLogger - INFO - [TRADE] 2025-08-29T21:39:05.111831+00:00 | enter_long 73 MSFT @ 341.61 | SL:338.37714285714287 TP:346.4592857142857 TS:None | strat=SMAStrategy regime=high_volatility
2025-08-29 17:39:05 - TradeLogger - INFO - [TRADE] 2025-08-29T21:39:05.203258+00:00 | enter_short 95 AAPL @ 262.11 | SL:263.5339285714286 TP:260.2114285714286 TS:None | strat=SMAStrategy regime=normal
2025-08-29 17:39:05 - TradeLogger - INFO - [TRADE] 2025-08-29T21:39:05.215375+00:00 | enter_long 72 MSFT @ 342.39 | SL:339.0942857142857 TP:347.3335714285714 TS:None | strat=SMAStrategy regime=high_volatility
2025-08-29 17:39:05 - TradeLogger - INFO - [TRADE] 2025-08-29T21:39:05.303955+00:00 | enter_short 95 AAPL @ 261.84 | SL:263.2585714285714 TP:259.9485714285714 TS:None | strat=SMAStrategy regime=normal
2025-08-29 17:39:05 - TradeLogger - INFO - [TRADE] 2025-08-29T21:39:05.314073+00:00 | enter_long 72 MSFT @ 342.33 | SL:340.0810714285714 TP:345.3285714285714 TS:None | strat=SMAStrategy regime=normal
2025-08-29 17:39:05 - TradeLogger - INFO - [TRADE] 2025-08-29T21:39:05.404515+00:00 | enter_short 95 AAPL @ 261.91 | SL:263.20964285714285 TP:260.1771428571429 TS:None | strat=SMAStrategy regime=normal
2025-08-29 17:39:05 - TradeLogger - INFO - [TRADE] 2025-08-29T21:39:05.414589+00:00 | enter_long 73 MSFT @ 342.07 | SL:339.7482142857143 TP:345.1657142857143 TS:None | strat=SMAStrategy regime=normal
2025-08-29 17:39:05 - TradeLogger - INFO - [TRADE] 2025-08-29T21:39:05.916713+00:00 | enter_short 73 MSFT @ 340.06 | SL:343.39 TP:335.065 TS:None | strat=SMAStrategy regime=high_volatility
2025-08-29 17:39:06 - TradeLogger - INFO - [TRADE] 2025-08-29T21:39:06.017579+00:00 | enter_short 73 MSFT @ 340.57 | SL:343.93857142857144 TP:335.51714285714286 TS:None | strat=SMAStrategy regime=high_volatility
2025-08-29 17:39:06 - TradeLogger - INFO - [TRADE] 2025-08-29T21:39:06.120420+00:00 | enter_short 73 MSFT @ 341.06 | SL:344.36428571428576 TP:336.1035714285714 TS:None | strat=SMAStrategy regime=high_volatility
2025-08-29 17:39:06 - TradeLogger - INFO - [TRADE] 2025-08-29T21:39:06.220899+00:00 | enter_short 73 MSFT @ 340.88 | SL:344.21857142857147 TP:335.8721428571428 TS:None | strat=SMAStrategy regime=high_volatility
2025-08-29 17:39:07 - TradeLogger - INFO - [TRADE] 2025-08-29T21:39:07.933712+00:00 | enter_long 95 AAPL @ 261.68 | SL:260.06642857142856 TP:263.8314285714286 TS:None | strat=SMAStrategy regime=normal
2025-08-29 17:39:08 - TradeLogger - INFO - [TRADE] 2025-08-29T21:39:08.034244+00:00 | enter_long 95 AAPL @ 261.82 | SL:259.6385714285714 TP:265.09214285714285 TS:None | strat=SMAStrategy regime=high_volatility
2025-08-29 17:39:08 - TradeLogger - INFO - [TRADE] 2025-08-29T21:39:08.135131+00:00 | enter_long 95 AAPL @ 261.94 | SL:260.32214285714286 TP:264.09714285714284 TS:None | strat=SMAStrategy regime=normal
2025-08-29 17:39:08 - TradeLogger - INFO - [TRADE] 2025-08-29T21:39:08.236085+00:00 | enter_long 95 AAPL @ 261.70 | SL:259.2728571428571 TP:265.3407142857143 TS:None | strat=SMAStrategy regime=high_volatility
2025-08-29 17:39:09 - TradeLogger - INFO - [TRADE] 2025-08-29T21:39:09.454057+00:00 | enter_short 95 AAPL @ 261.22 | SL:262.82928571428573 TP:259.07428571428574 TS:None | strat=SMAStrategy regime=normal
2025-08-29 17:39:09 - TradeLogger - INFO - [TRADE] 2025-08-29T21:39:09.549757+00:00 | enter_short 95 AAPL @ 261.26 | SL:263.41714285714284 TP:258.0242857142857 TS:None | strat=SMAStrategy regime=high_volatility
2025-08-29 17:39:09 - TradeLogger - INFO - [TRADE] 2025-08-29T21:39:09.650464+00:00 | enter_short 95 AAPL @ 261.50 | SL:262.8928571428571 TP:259.64285714285717 TS:None | strat=SMAStrategy regime=normal
2025-08-29 17:39:09 - TradeLogger - INFO - [TRADE] 2025-08-29T21:39:09.751329+00:00 | enter_short 95 AAPL @ 261.53 | SL:262.9239285714285 TP:259.6714285714286 TS:None | strat=SMAStrategy regime=normal
2025-08-29 17:39:10 - TradeLogger - INFO - [TRADE] 2025-08-29T21:39:10.256011+00:00 | enter_long 95 AAPL @ 262.35 | SL:261.0632142857143 TP:264.0657142857143 TS:None | strat=SMAStrategy regime=normal
2025-08-29 17:39:10 - TradeLogger - INFO - [TRADE] 2025-08-29T21:39:10.356484+00:00 | enter_long 95 AAPL @ 262.45 | SL:261.18035714285713 TP:264.1428571428571 TS:None | strat=SMAStrategy regime=normal
2025-08-29 17:39:10 - TradeLogger - INFO - [TRADE] 2025-08-29T21:39:10.458386+00:00 | enter_long 95 AAPL @ 262.80 | SL:261.5314285714286 TP:264.49142857142857 TS:None | strat=SMAStrategy regime=normal
2025-08-29 17:39:10 - TradeLogger - INFO - [TRADE] 2025-08-29T21:39:10.558600+00:00 | enter_long 94 AAPL @ 263.12 | SL:261.8 TP:264.88 TS:None | strat=SMAStrategy regime=normal
2025-08-29 17:39:14 - TradeLogger - INFO - [TRADE] 2025-08-29T21:39:14.010386+00:00 | enter_short 92 AAPL @ 270.27 | SL:272.66714285714284 TP:266.6742857142857 TS:None | strat=SMAStrategy regime=high_volatility
2025-08-29 17:39:14 - TradeLogger - INFO - [TRADE] 2025-08-29T21:39:14.120489+00:00 | enter_short 92 AAPL @ 270.03 | SL:272.3685714285714 TP:266.52214285714285 TS:None | strat=SMAStrategy regime=high_volatility
2025-08-29 17:39:14 - TradeLogger - INFO - [TRADE] 2025-08-29T21:39:14.208419+00:00 | enter_short 92 AAPL @ 269.55 | SL:272.0942857142857 TP:265.73357142857145 TS:None | strat=SMAStrategy regime=high_volatility
2025-08-29 17:39:14 - TradeLogger - INFO - [TRADE] 2025-08-29T21:39:14.216240+00:00 | enter_long 73 MSFT @ 339.47 | SL:335.7957142857143 TP:344.9814285714286 TS:None | strat=SMAStrategy regime=high_volatility
2025-08-29 17:39:14 - TradeLogger - INFO - [TRADE] 2025-08-29T21:39:14.308917+00:00 | enter_short 92 AAPL @ 269.50 | SL:272.12857142857143 TP:265.5571428571429 TS:None | strat=SMAStrategy regime=high_volatility
2025-08-29 17:39:14 - TradeLogger - INFO - [TRADE] 2025-08-29T21:39:14.316826+00:00 | enter_long 73 MSFT @ 339.79 | SL:336.02714285714285 TP:345.43428571428575 TS:None | strat=SMAStrategy regime=high_volatility
2025-08-29 17:39:14 - TradeLogger - INFO - [TRADE] 2025-08-29T21:39:14.426371+00:00 | enter_long 73 MSFT @ 338.92 | SL:334.95285714285717 TP:344.8707142857143 TS:None | strat=SMAStrategy regime=high_volatility
2025-08-29 17:39:14 - TradeLogger - INFO - [TRADE] 2025-08-29T21:39:14.537728+00:00 | enter_long 73 MSFT @ 339.20 | SL:335.54285714285714 TP:344.68571428571425 TS:None | strat=SMAStrategy regime=high_volatility
2025-08-29 17:39:16 - TradeLogger - INFO - [TRADE] 2025-08-29T21:39:16.039406+00:00 | enter_short 73 MSFT @ 337.68 | SL:339.77035714285716 TP:334.89285714285717 TS:None | strat=SMAStrategy regime=normal
2025-08-29 17:39:16 - TradeLogger - INFO - [TRADE] 2025-08-29T21:39:16.140641+00:00 | enter_short 73 MSFT @ 338.05 | SL:340.1907142857143 TP:335.1957142857143 TS:None | strat=SMAStrategy regime=normal
2025-08-29 17:39:16 - TradeLogger - INFO - [TRADE] 2025-08-29T21:39:16.241077+00:00 | enter_short 73 MSFT @ 338.23 | SL:341.48 TP:333.355 TS:None | strat=SMAStrategy regime=high_volatility
2025-08-29 17:39:16 - TradeLogger - INFO - [TRADE] 2025-08-29T21:39:16.340048+00:00 | enter_short 73 MSFT @ 338.39 | SL:340.71285714285716 TP:335.29285714285714 TS:None | strat=SMAStrategy regime=normal
2025-08-29 17:39:16 - TradeLogger - INFO - [TRADE] 2025-08-29T21:39:16.838336+00:00 | enter_long 92 AAPL @ 270.58 | SL:268.27 TP:274.045 TS:None | strat=SMAStrategy regime=high_volatility
2025-08-29 17:39:16 - TradeLogger - INFO - [TRADE] 2025-08-29T21:39:16.944339+00:00 | enter_long 92 AAPL @ 270.65 | SL:268.95392857142855 TP:272.91142857142853 TS:None | strat=SMAStrategy regime=normal
2025-08-29 17:39:17 - TradeLogger - INFO - [TRADE] 2025-08-29T21:39:17.038499+00:00 | enter_long 92 AAPL @ 271.05 | SL:268.7614285714286 TP:274.48285714285714 TS:None | strat=SMAStrategy regime=high_volatility
2025-08-29 17:39:21 - TradeLogger - INFO - [TRADE] 2025-08-29T21:39:21.900873+00:00 | enter_short 92 AAPL @ 270.89 | SL:273.30571428571426 TP:267.26642857142855 TS:None | strat=SMAStrategy regime=high_volatility
2025-08-29 17:39:21 - TradeLogger - INFO - [TRADE] 2025-08-29T21:39:21.906937+00:00 | enter_long 74 MSFT @ 335.78 | SL:333.6296428571428 TP:338.64714285714285 TS:None | strat=SMAStrategy regime=normal
2025-08-29 17:39:22 - TradeLogger - INFO - [TRADE] 2025-08-29T21:39:22.002902+00:00 | enter_short 92 AAPL @ 270.99 | SL:273.4257142857143 TP:267.33642857142854 TS:None | strat=SMAStrategy regime=high_volatility
2025-08-29 17:39:22 - TradeLogger - INFO - [TRADE] 2025-08-29T21:39:22.011373+00:00 | enter_long 74 MSFT @ 336.14 | SL:333.79035714285715 TP:339.2728571428571 TS:None | strat=SMAStrategy regime=normal
2025-08-29 17:39:22 - TradeLogger - INFO - [TRADE] 2025-08-29T21:39:22.104668+00:00 | enter_short 91 AAPL @ 271.49 | SL:273.9114285714286 TP:267.85785714285714 TS:None | strat=SMAStrategy regime=high_volatility
2025-08-29 17:39:22 - TradeLogger - INFO - [TRADE] 2025-08-29T21:39:22.113428+00:00 | enter_long 74 MSFT @ 336.38 | SL:333.9982142857143 TP:339.55571428571426 TS:None | strat=SMAStrategy regime=normal
2025-08-29 17:39:22 - TradeLogger - INFO - [TRADE] 2025-08-29T21:39:22.925980+00:00 | enter_long 73 MSFT @ 337.55 | SL:334.0114285714286 TP:342.8578571428571 TS:None | strat=SMAStrategy regime=high_volatility
2025-08-29 17:39:24 - TradeLogger - INFO - [TRADE] 2025-08-29T21:39:24.540694+00:00 | enter_short 74 MSFT @ 335.58 | SL:337.7335714285714 TP:332.7085714285714 TS:None | strat=SMAStrategy regime=normal
2025-08-29 17:39:24 - TradeLogger - INFO - [TRADE] 2025-08-29T21:39:24.662167+00:00 | enter_short 74 MSFT @ 335.46 | SL:336.82071428571425 TP:333.4189285714286 TS:None | strat=SMAStrategy regime=low_volatility
2025-08-29 17:39:24 - TradeLogger - INFO - [TRADE] 2025-08-29T21:39:24.737895+00:00 | enter_long 92 AAPL @ 270.69 | SL:268.9275 TP:273.03999999999996 TS:None | strat=SMAStrategy regime=normal
2025-08-29 17:39:24 - TradeLogger - INFO - [TRADE] 2025-08-29T21:39:24.744096+00:00 | enter_short 74 MSFT @ 335.14 | SL:336.4992857142857 TP:333.10107142857146 TS:None | strat=SMAStrategy regime=low_volatility
2025-08-29 17:39:24 - TradeLogger - INFO - [TRADE] 2025-08-29T21:39:24.838526+00:00 | enter_long 92 AAPL @ 270.86 | SL:269.1692857142857 TP:273.1142857142857 TS:None | strat=SMAStrategy regime=normal
2025-08-29 17:39:27 - TradeLogger - INFO - [TRADE] 2025-08-29T21:39:27.669907+00:00 | enter_short 91 AAPL @ 271.61 | SL:272.9632142857143 TP:269.8057142857143 TS:None | strat=SMAStrategy regime=normal
2025-08-29 17:39:27 - TradeLogger - INFO - [TRADE] 2025-08-29T21:39:27.678122+00:00 | enter_long 74 MSFT @ 335.96 | SL:333.8760714285714 TP:338.7385714285714 TS:None | strat=SMAStrategy regime=normal
2025-08-29 17:39:27 - TradeLogger - INFO - [TRADE] 2025-08-29T21:39:27.769287+00:00 | enter_short 91 AAPL @ 271.56 | SL:272.9271428571429 TP:269.7371428571429 TS:None | strat=SMAStrategy regime=normal
2025-08-29 17:39:27 - TradeLogger - INFO - [TRADE] 2025-08-29T21:39:27.777929+00:00 | enter_long 74 MSFT @ 336.32 | SL:335.1278571428571 TP:338.10821428571427 TS:None | strat=SMAStrategy regime=low_volatility
2025-08-29 17:39:27 - TradeLogger - INFO - [TRADE] 2025-08-29T21:39:27.880899+00:00 | enter_short 74 MSFT @ 335.70 | SL:336.88071428571425 TP:333.92892857142857 TS:None | strat=SMAStrategy regime=low_volatility
2025-08-29 17:39:27 - TradeLogger - INFO - [TRADE] 2025-08-29T21:39:27.981963+00:00 | enter_short 74 MSFT @ 335.51 | SL:336.5342857142857 TP:333.9735714285714 TS:None | strat=SMAStrategy regime=low_volatility
2025-08-29 17:39:30 - TradeLogger - INFO - [TRADE] 2025-08-29T21:39:30.206944+00:00 | enter_long 74 MSFT @ 336.01 | SL:332.7471428571429 TP:340.90428571428566 TS:None | strat=SMAStrategy regime=high_volatility
2025-08-29 17:39:30 - TradeLogger - INFO - [TRADE] 2025-08-29T21:39:30.299581+00:00 | enter_long 92 AAPL @ 271.20 | SL:268.61285714285714 TP:275.0807142857143 TS:None | strat=SMAStrategy regime=high_volatility
2025-08-29 17:39:30 - TradeLogger - INFO - [TRADE] 2025-08-29T21:39:30.602457+00:00 | enter_short 92 AAPL @ 270.81 | SL:273.54857142857145 TP:266.70214285714286 TS:None | strat=SMAStrategy regime=high_volatility
2025-08-29 17:39:30 - TradeLogger - INFO - [TRADE] 2025-08-29T21:39:30.609586+00:00 | enter_long 74 MSFT @ 335.74 | SL:332.37714285714287 TP:340.7842857142857 TS:None | strat=SMAStrategy regime=high_volatility
2025-08-29 17:39:32 - TradeLogger - INFO - [TRADE] 2025-08-29T21:39:32.681658+00:00 | enter_short 74 MSFT @ 336.45 | SL:340.04999999999995 TP:331.05 TS:None | strat=SMAStrategy regime=high_volatility
2025-08-29 17:39:32 - TradeLogger - INFO - [TRADE] 2025-08-29T21:39:32.747634+00:00 | enter_short 74 MSFT @ 336.09 | SL:339.7185714285714 TP:330.64714285714285 TS:None | strat=SMAStrategy regime=high_volatility
2025-08-29 17:39:32 - TradeLogger - INFO - [TRADE] 2025-08-29T21:39:32.944377+00:00 | enter_long 90 AAPL @ 276.36 | SL:273.84714285714284 TP:280.12928571428574 TS:None | strat=SMAStrategy regime=high_volatility
2025-08-29 17:39:33 - TradeLogger - INFO - [TRADE] 2025-08-29T21:39:33.040346+00:00 | enter_long 90 AAPL @ 276.57 | SL:273.92285714285714 TP:280.5407142857143 TS:None | strat=SMAStrategy regime=high_volatility
2025-08-29 17:39:38 - TradeLogger - INFO - [TRADE] 2025-08-29T21:39:38.102670+00:00 | enter_short 89 AAPL @ 277.60 | SL:279.3860714285714 TP:275.21857142857147 TS:None | strat=SMAStrategy regime=normal
2025-08-29 17:39:38 - TradeLogger - INFO - [TRADE] 2025-08-29T21:39:38.203931+00:00 | enter_short 89 AAPL @ 277.93 | SL:279.6025 TP:275.7 TS:None | strat=SMAStrategy regime=normal
2025-08-29 17:39:40 - TradeLogger - INFO - [TRADE] 2025-08-29T21:39:40.223878+00:00 | enter_long 89 AAPL @ 278.54 | SL:275.91 TP:282.485 TS:None | strat=SMAStrategy regime=high_volatility
2025-08-29 17:39:40 - TradeLogger - INFO - [TRADE] 2025-08-29T21:39:40.326486+00:00 | enter_long 89 AAPL @ 278.55 | SL:275.7628571428572 TP:282.7307142857143 TS:None | strat=SMAStrategy regime=high_volatility
2025-08-29 17:39:47 - TradeLogger - INFO - [TRADE] 2025-08-29T21:39:47.209349+00:00 | enter_short 89 AAPL @ 280.45 | SL:282.3517857142857 TP:277.9142857142857 TS:None | strat=SMAStrategy regime=normal
2025-08-29 17:39:47 - TradeLogger - INFO - [TRADE] 2025-08-29T21:39:47.219378+00:00 | enter_long 75 MSFT @ 329.75 | SL:327.5814285714286 TP:332.64142857142855 TS:None | strat=SMAStrategy regime=normal
2025-08-29 17:39:47 - TradeLogger - INFO - [TRADE] 2025-08-29T21:39:47.312723+00:00 | enter_short 89 AAPL @ 280.47 | SL:282.2507142857143 TP:278.0957142857143 TS:None | strat=SMAStrategy regime=normal
2025-08-29 17:39:47 - TradeLogger - INFO - [TRADE] 2025-08-29T21:39:47.322388+00:00 | enter_long 75 MSFT @ 330.20 | SL:328.03464285714284 TP:333.08714285714285 TS:None | strat=SMAStrategy regime=normal
2025-08-29 17:42:52 - TradeLogger - DEBUG - Logger initialized.
2025-08-29 17:42:52 - TradeLogger - DEBUG - Log file: logs/TradeLogger.log
2025-08-29 17:42:52 - TradeLogger - DEBUG - Logger name: TradeLogger
2025-08-29 17:42:52 - Drawdown Monitor - DEBUG - Logger initialized.
2025-08-29 17:42:52 - Drawdown Monitor - DEBUG - Log file: logs/TradeLogger.log
2025-08-29 17:42:52 - Drawdown Monitor - DEBUG - Logger name: Drawdown Monitor
2025-08-29 17:42:52 - Drawdown Monitor - INFO - [DAILY RESET] Portfolio start set to 100,000.00
2025-08-29 17:42:55 - TradeLogger - INFO - [TRADE] 2025-08-29T21:42:55.270358+00:00 | enter_long 85 AAPL @ 292.08 | SL:289.9135714285714 TP:294.9685714285714 TS:None | strat=SMAStrategy regime=normal
2025-08-29 17:42:55 - TradeLogger - INFO - [TRADE] 2025-08-29T21:42:55.275771+00:00 | enter_long 75 MSFT @ 330.39 | SL:327.4085714285714 TP:334.8621428571428 TS:None | strat=SMAStrategy regime=high_volatility
2025-08-29 17:42:55 - TradeLogger - INFO - [TRADE] 2025-08-29T21:42:55.374104+00:00 | enter_long 85 AAPL @ 292.24 | SL:290.1764285714286 TP:294.99142857142857 TS:None | strat=SMAStrategy regime=normal
2025-08-29 17:42:55 - TradeLogger - INFO - [TRADE] 2025-08-29T21:42:55.382323+00:00 | enter_long 75 MSFT @ 330.29 | SL:328.25107142857144 TP:333.00857142857143 TS:None | strat=SMAStrategy regime=normal
2025-08-29 17:42:56 - TradeLogger - INFO - [TRADE] 2025-08-29T21:42:56.989195+00:00 | enter_short 75 MSFT @ 330.36 | SL:332.24357142857144 TP:327.84857142857146 TS:None | strat=SMAStrategy regime=normal
2025-08-29 17:42:57 - TradeLogger - INFO - [TRADE] 2025-08-29T21:42:57.086212+00:00 | enter_long 85 AAPL @ 293.75 | SL:292.7442857142857 TP:295.25857142857143 TS:None | strat=SMAStrategy regime=low_volatility
2025-08-29 17:42:57 - TradeLogger - INFO - [TRADE] 2025-08-29T21:42:57.091131+00:00 | enter_short 75 MSFT @ 330.43 | SL:332.35214285714284 TP:327.8671428571429 TS:None | strat=SMAStrategy regime=normal
2025-08-29 17:42:57 - TradeLogger - INFO - [TRADE] 2025-08-29T21:42:57.188692+00:00 | enter_long 84 AAPL @ 294.23 | SL:293.36642857142857 TP:295.52535714285716 TS:None | strat=SMAStrategy regime=low_volatility
2025-08-29 17:43:01 - TradeLogger - INFO - [TRADE] 2025-08-29T21:43:01.332944+00:00 | enter_short 84 AAPL @ 294.74 | SL:295.8157142857143 TP:293.12642857142856 TS:None | strat=SMAStrategy regime=low_volatility
2025-08-29 17:43:01 - TradeLogger - INFO - [TRADE] 2025-08-29T21:43:01.445588+00:00 | enter_short 84 AAPL @ 294.92 | SL:295.99357142857144 TP:293.3096428571429 TS:None | strat=SMAStrategy regime=low_volatility
2025-08-29 17:43:01 - TradeLogger - INFO - [TRADE] 2025-08-29T21:43:01.548671+00:00 | enter_short 84 AAPL @ 295.13 | SL:296.81964285714287 TP:292.87714285714287 TS:None | strat=SMAStrategy regime=normal
2025-08-29 17:43:01 - TradeLogger - INFO - [TRADE] 2025-08-29T21:43:01.634675+00:00 | enter_short 84 AAPL @ 295.16 | SL:296.2142857142857 TP:293.5785714285714 TS:None | strat=SMAStrategy regime=low_volatility
2025-08-29 17:43:02 - TradeLogger - INFO - [TRADE] 2025-08-29T21:43:02.141303+00:00 | enter_long 84 AAPL @ 296.24 | SL:295.41785714285714 TP:297.4732142857143 TS:None | strat=SMAStrategy regime=low_volatility
2025-08-29 17:43:02 - TradeLogger - INFO - [TRADE] 2025-08-29T21:43:02.241636+00:00 | enter_long 84 AAPL @ 296.30 | SL:295.49857142857144 TP:297.50214285714287 TS:None | strat=SMAStrategy regime=low_volatility
2025-08-29 17:43:02 - TradeLogger - INFO - [TRADE] 2025-08-29T21:43:02.342874+00:00 | enter_long 84 AAPL @ 297.12 | SL:296.23071428571427 TP:298.45392857142855 TS:None | strat=SMAStrategy regime=low_volatility
2025-08-29 17:43:02 - TradeLogger - INFO - [TRADE] 2025-08-29T21:43:02.444030+00:00 | enter_long 84 AAPL @ 297.27 | SL:296.4214285714286 TP:298.54285714285714 TS:None | strat=SMAStrategy regime=low_volatility
2025-08-29 17:43:05 - TradeLogger - INFO - [TRADE] 2025-08-29T21:43:05.900857+00:00 | enter_short 84 AAPL @ 296.81 | SL:299.4242857142857 TP:292.8885714285714 TS:None | strat=SMAStrategy regime=high_volatility
2025-08-29 17:43:05 - TradeLogger - INFO - [TRADE] 2025-08-29T21:43:05.921599+00:00 | enter_long 75 MSFT @ 330.22 | SL:328.2925 TP:332.79 TS:None | strat=SMAStrategy regime=normal
2025-08-29 17:43:05 - TradeLogger - INFO - [TRADE] 2025-08-29T21:43:05.981744+00:00 | enter_short 84 AAPL @ 296.57 | SL:298.4321428571429 TP:294.08714285714285 TS:None | strat=SMAStrategy regime=normal
2025-08-29 17:43:05 - TradeLogger - INFO - [TRADE] 2025-08-29T21:43:05.988147+00:00 | enter_long 75 MSFT @ 330.34 | SL:328.50892857142856 TP:332.78142857142853 TS:None | strat=SMAStrategy regime=normal
2025-08-29 17:43:06 - TradeLogger - INFO - [TRADE] 2025-08-29T21:43:06.082443+00:00 | enter_short 84 AAPL @ 296.31 | SL:298.2107142857143 TP:293.7757142857143 TS:None | strat=SMAStrategy regime=normal
2025-08-29 17:43:06 - TradeLogger - INFO - [TRADE] 2025-08-29T21:43:06.088771+00:00 | enter_long 75 MSFT @ 330.67 | SL:328.7607142857143 TP:333.2157142857143 TS:None | strat=SMAStrategy regime=normal
2025-08-29 17:43:06 - TradeLogger - INFO - [TRADE] 2025-08-29T21:43:06.183631+00:00 | enter_short 84 AAPL @ 296.49 | SL:298.3521428571429 TP:294.00714285714287 TS:None | strat=SMAStrategy regime=normal
2025-08-29 17:43:06 - TradeLogger - INFO - [TRADE] 2025-08-29T21:43:06.190344+00:00 | enter_long 75 MSFT @ 330.68 | SL:328.79214285714284 TP:333.19714285714286 TS:None | strat=SMAStrategy regime=normal
2025-08-29 17:43:10 - TradeLogger - INFO - [TRADE] 2025-08-29T21:43:10.772313+00:00 | enter_short 75 MSFT @ 331.50 | SL:333.5389285714286 TP:328.78142857142853 TS:None | strat=SMAStrategy regime=normal
2025-08-29 17:43:10 - TradeLogger - INFO - [TRADE] 2025-08-29T21:43:10.887440+00:00 | enter_short 75 MSFT @ 331.31 | SL:333.2321428571429 TP:328.7471428571428 TS:None | strat=SMAStrategy regime=normal
2025-08-29 17:43:10 - TradeLogger - INFO - [TRADE] 2025-08-29T21:43:10.947974+00:00 | enter_short 75 MSFT @ 331.50 | SL:333.44142857142856 TP:328.91142857142853 TS:None | strat=SMAStrategy regime=normal
2025-08-29 17:43:11 - TradeLogger - INFO - [TRADE] 2025-08-29T21:43:11.049772+00:00 | enter_short 75 MSFT @ 331.45 | SL:333.2767857142857 TP:329.0142857142857 TS:None | strat=SMAStrategy regime=normal
2025-08-29 17:43:13 - TradeLogger - INFO - [TRADE] 2025-08-29T21:43:13.379305+00:00 | enter_long 75 MSFT @ 331.82 | SL:329.76928571428573 TP:334.5542857142857 TS:None | strat=SMAStrategy regime=normal
2025-08-29 17:43:13 - TradeLogger - INFO - [TRADE] 2025-08-29T21:43:13.477592+00:00 | enter_long 75 MSFT @ 331.33 | SL:328.5928571428571 TP:335.43571428571425 TS:None | strat=SMAStrategy regime=high_volatility
2025-08-29 17:43:13 - TradeLogger - INFO - [TRADE] 2025-08-29T21:43:13.576948+00:00 | enter_long 75 MSFT @ 332.26 | SL:329.16714285714284 TP:336.8992857142857 TS:None | strat=SMAStrategy regime=high_volatility
2025-08-29 17:43:13 - TradeLogger - INFO - [TRADE] 2025-08-29T21:43:13.681648+00:00 | enter_long 75 MSFT @ 331.89 | SL:328.68 TP:336.705 TS:None | strat=SMAStrategy regime=high_volatility
2025-08-29 17:43:14 - TradeLogger - INFO - [TRADE] 2025-08-29T21:43:14.786991+00:00 | enter_short 75 MSFT @ 330.62 | SL:332.6192857142857 TP:327.95428571428573 TS:None | strat=SMAStrategy regime=normal
2025-08-29 17:43:14 - TradeLogger - INFO - [TRADE] 2025-08-29T21:43:14.883325+00:00 | enter_long 84 AAPL @ 294.78 | SL:293.1535714285714 TP:296.9485714285714 TS:None | strat=SMAStrategy regime=normal
2025-08-29 17:43:14 - TradeLogger - INFO - [TRADE] 2025-08-29T21:43:14.888339+00:00 | enter_short 75 MSFT @ 330.52 | SL:332.5310714285714 TP:327.8385714285714 TS:None | strat=SMAStrategy regime=normal
2025-08-29 17:43:14 - TradeLogger - INFO - [TRADE] 2025-08-29T21:43:14.985655+00:00 | enter_long 84 AAPL @ 295.10 | SL:293.46500000000003 TP:297.28000000000003 TS:None | strat=SMAStrategy regime=normal
2025-08-29 17:43:14 - TradeLogger - INFO - [TRADE] 2025-08-29T21:43:14.990484+00:00 | enter_short 75 MSFT @ 330.46 | SL:332.4142857142857 TP:327.8542857142857 TS:None | strat=SMAStrategy regime=normal
2025-08-29 17:43:15 - TradeLogger - INFO - [TRADE] 2025-08-29T21:43:15.086845+00:00 | enter_long 84 AAPL @ 295.21 | SL:294.22214285714284 TP:296.6917857142857 TS:None | strat=SMAStrategy regime=low_volatility
2025-08-29 17:43:15 - TradeLogger - INFO - [TRADE] 2025-08-29T21:43:15.093048+00:00 | enter_short 75 MSFT @ 330.55 | SL:332.5375 TP:327.90000000000003 TS:None | strat=SMAStrategy regime=normal
2025-08-29 17:43:15 - TradeLogger - INFO - [TRADE] 2025-08-29T21:43:15.204155+00:00 | enter_long 84 AAPL @ 294.90 | SL:293.8735714285714 TP:296.4396428571428 TS:None | strat=SMAStrategy regime=low_volatility
2025-08-29 17:43:18 - TradeLogger - INFO - [TRADE] 2025-08-29T21:43:18.731245+00:00 | enter_short 84 AAPL @ 295.98 | SL:297.6514285714286 TP:293.7514285714286 TS:None | strat=SMAStrategy regime=normal
2025-08-29 17:43:18 - TradeLogger - INFO - [TRADE] 2025-08-29T21:43:18.741315+00:00 | enter_long 75 MSFT @ 331.40 | SL:328.25857142857143 TP:336.1121428571428 TS:None | strat=SMAStrategy regime=high_volatility
2025-08-29 17:43:18 - TradeLogger - INFO - [TRADE] 2025-08-29T21:43:18.834302+00:00 | enter_short 84 AAPL @ 295.94 | SL:296.91285714285715 TP:294.48071428571427 TS:None | strat=SMAStrategy regime=low_volatility
2025-08-29 17:43:18 - TradeLogger - INFO - [TRADE] 2025-08-29T21:43:18.843588+00:00 | enter_long 75 MSFT @ 331.11 | SL:327.99285714285713 TP:335.7857142857143 TS:None | strat=SMAStrategy regime=high_volatility
2025-08-29 17:43:18 - TradeLogger - INFO - [TRADE] 2025-08-29T21:43:18.936621+00:00 | enter_short 84 AAPL @ 296.30 | SL:297.8642857142857 TP:294.2142857142857 TS:None | strat=SMAStrategy regime=normal
2025-08-29 17:43:18 - TradeLogger - INFO - [TRADE] 2025-08-29T21:43:18.945131+00:00 | enter_long 75 MSFT @ 331.31 | SL:328.26428571428573 TP:335.87857142857143 TS:None | strat=SMAStrategy regime=high_volatility
2025-08-29 17:43:19 - TradeLogger - INFO - [TRADE] 2025-08-29T21:43:19.038217+00:00 | enter_short 84 AAPL @ 295.94 | SL:297.55892857142857 TP:293.7814285714286 TS:None | strat=SMAStrategy regime=normal
2025-08-29 17:43:19 - TradeLogger - INFO - [TRADE] 2025-08-29T21:43:19.046549+00:00 | enter_long 75 MSFT @ 331.08 | SL:328.0071428571428 TP:335.6892857142857 TS:None | strat=SMAStrategy regime=high_volatility
2025-08-29 17:43:24 - TradeLogger - INFO - [TRADE] 2025-08-29T21:43:24.327956+00:00 | enter_short 75 MSFT @ 332.68 | SL:335.9342857142857 TP:327.79857142857145 TS:None | strat=SMAStrategy regime=high_volatility
2025-08-29 17:43:24 - TradeLogger - INFO - [TRADE] 2025-08-29T21:43:24.412745+00:00 | enter_short 75 MSFT @ 332.83 | SL:336.09999999999997 TP:327.925 TS:None | strat=SMAStrategy regime=high_volatility
2025-08-29 17:43:24 - TradeLogger - INFO - [TRADE] 2025-08-29T21:43:24.504351+00:00 | enter_short 75 MSFT @ 332.87 | SL:335.86857142857144 TP:328.3721428571429 TS:None | strat=SMAStrategy regime=high_volatility
2025-08-29 17:43:24 - TradeLogger - INFO - [TRADE] 2025-08-29T21:43:24.605315+00:00 | enter_long 75 MSFT @ 332.92 | SL:330.76214285714286 TP:335.7971428571429 TS:None | strat=SMAStrategy regime=normal
2025-08-29 17:43:24 - TradeLogger - INFO - [TRADE] 2025-08-29T21:43:24.705264+00:00 | enter_long 74 MSFT @ 333.21 | SL:330.2742857142857 TP:337.6135714285714 TS:None | strat=SMAStrategy regime=high_volatility
2025-08-29 17:43:24 - TradeLogger - INFO - [TRADE] 2025-08-29T21:43:24.806588+00:00 | enter_long 74 MSFT @ 333.04 | SL:331.04071428571433 TP:335.7057142857143 TS:None | strat=SMAStrategy regime=normal
2025-08-29 17:43:26 - TradeLogger - INFO - [TRADE] 2025-08-29T21:43:26.017360+00:00 | enter_short 75 MSFT @ 331.53 | SL:333.4971428571428 TP:328.90714285714284 TS:None | strat=SMAStrategy regime=normal
2025-08-29 17:43:26 - TradeLogger - INFO - [TRADE] 2025-08-29T21:43:26.113431+00:00 | enter_long 84 AAPL @ 297.25 | SL:294.2528571428571 TP:301.7457142857143 TS:None | strat=SMAStrategy regime=high_volatility
2025-08-29 17:43:26 - TradeLogger - INFO - [TRADE] 2025-08-29T21:43:26.119836+00:00 | enter_short 75 MSFT @ 331.67 | SL:333.70250000000004 TP:328.96000000000004 TS:None | strat=SMAStrategy regime=normal
2025-08-29 17:43:26 - TradeLogger - INFO - [TRADE] 2025-08-29T21:43:26.213772+00:00 | enter_long 83 AAPL @ 297.48 | SL:294.51 TP:301.935 TS:None | strat=SMAStrategy regime=high_volatility
2025-08-29 17:43:26 - TradeLogger - INFO - [TRADE] 2025-08-29T21:43:26.221294+00:00 | enter_short 75 MSFT @ 331.85 | SL:333.86857142857144 TP:329.15857142857146 TS:None | strat=SMAStrategy regime=normal
2025-08-29 17:43:26 - TradeLogger - INFO - [TRADE] 2025-08-29T21:43:26.315808+00:00 | enter_long 83 AAPL @ 297.55 | SL:294.78714285714284 TP:301.69428571428574 TS:None | strat=SMAStrategy regime=high_volatility
2025-08-29 17:43:28 - TradeLogger - INFO - [TRADE] 2025-08-29T21:43:28.439506+00:00 | enter_short 83 AAPL @ 297.35 | SL:300.00428571428574 TP:293.36857142857144 TS:None | strat=SMAStrategy regime=high_volatility
2025-08-29 17:43:28 - TradeLogger - INFO - [TRADE] 2025-08-29T21:43:28.541164+00:00 | enter_short 84 AAPL @ 297.30 | SL:299.95000000000005 TP:293.325 TS:None | strat=SMAStrategy regime=high_volatility
2025-08-29 17:43:28 - TradeLogger - INFO - [TRADE] 2025-08-29T21:43:28.652479+00:00 | enter_short 83 AAPL @ 297.39 | SL:300.1014285714286 TP:293.3228571428571 TS:None | strat=SMAStrategy regime=high_volatility
2025-08-29 17:43:29 - TradeLogger - INFO - [TRADE] 2025-08-29T21:43:29.245602+00:00 | enter_long 83 AAPL @ 298.01 | SL:295.2657142857143 TP:302.12642857142856 TS:None | strat=SMAStrategy regime=high_volatility
2025-08-29 17:43:29 - TradeLogger - INFO - [TRADE] 2025-08-29T21:43:29.346281+00:00 | enter_long 83 AAPL @ 298.15 | SL:295.31857142857143 TP:302.39714285714285 TS:None | strat=SMAStrategy regime=high_volatility
2025-08-29 17:43:29 - TradeLogger - INFO - [TRADE] 2025-08-29T21:43:29.446944+00:00 | enter_long 83 AAPL @ 298.73 | SL:295.8128571428572 TP:303.1057142857143 TS:None | strat=SMAStrategy regime=high_volatility
2025-08-29 17:43:35 - TradeLogger - INFO - [TRADE] 2025-08-29T21:43:35.617557+00:00 | enter_short 83 AAPL @ 300.23 | SL:301.16357142857146 TP:298.8296428571429 TS:None | strat=SMAStrategy regime=low_volatility
2025-08-29 17:43:35 - TradeLogger - INFO - [TRADE] 2025-08-29T21:43:35.625395+00:00 | enter_long 75 MSFT @ 332.64 | SL:330.5389285714286 TP:335.44142857142856 TS:None | strat=SMAStrategy regime=normal
2025-08-29 17:43:35 - TradeLogger - INFO - [TRADE] 2025-08-29T21:43:35.719883+00:00 | enter_short 83 AAPL @ 300.63 | SL:301.5728571428571 TP:299.2157142857143 TS:None | strat=SMAStrategy regime=low_volatility
2025-08-29 17:43:35 - TradeLogger - INFO - [TRADE] 2025-08-29T21:43:35.729898+00:00 | enter_long 75 MSFT @ 331.97 | SL:329.915 TP:334.71000000000004 TS:None | strat=SMAStrategy regime=normal
2025-08-29 17:43:36 - TradeLogger - INFO - [TRADE] 2025-08-29T21:43:36.328753+00:00 | enter_short 75 MSFT @ 331.65 | SL:335.05571428571426 TP:326.5414285714285 TS:None | strat=SMAStrategy regime=high_volatility
2025-08-29 17:43:36 - TradeLogger - INFO - [TRADE] 2025-08-29T21:43:36.424487+00:00 | enter_long 80 AAPL @ 309.10 | SL:305.9114285714286 TP:313.8828571428572 TS:None | strat=SMAStrategy regime=high_volatility
2025-08-29 17:43:36 - TradeLogger - INFO - [TRADE] 2025-08-29T21:43:36.429717+00:00 | enter_short 75 MSFT @ 331.88 | SL:335.2628571428572 TP:326.80571428571426 TS:None | strat=SMAStrategy regime=high_volatility
2025-08-29 17:43:36 - TradeLogger - INFO - [TRADE] 2025-08-29T21:43:36.526243+00:00 | enter_long 80 AAPL @ 308.96 | SL:305.75142857142856 TP:313.7728571428571 TS:None | strat=SMAStrategy regime=high_volatility
2025-08-29 17:43:37 - TradeLogger - INFO - [TRADE] 2025-08-29T21:43:37.949660+00:00 | enter_short 82 AAPL @ 304.57 | SL:306.4910714285714 TP:302.00857142857143 TS:None | strat=SMAStrategy regime=normal
2025-08-29 17:43:37 - TradeLogger - INFO - [TRADE] 2025-08-29T21:43:37.958510+00:00 | enter_long 74 MSFT @ 333.39 | SL:331.4828571428571 TP:335.93285714285713 TS:None | strat=SMAStrategy regime=normal
2025-08-29 17:43:38 - TradeLogger - INFO - [TRADE] 2025-08-29T21:43:38.039449+00:00 | enter_short 82 AAPL @ 304.41 | SL:306.3567857142857 TP:301.81428571428575 TS:None | strat=SMAStrategy regime=normal
2025-08-29 17:43:38 - TradeLogger - INFO - [TRADE] 2025-08-29T21:43:38.045094+00:00 | enter_long 74 MSFT @ 333.99 | SL:331.8192857142857 TP:336.88428571428574 TS:None | strat=SMAStrategy regime=normal
2025-08-29 17:43:38 - TradeLogger - INFO - [TRADE] 2025-08-29T21:43:38.141189+00:00 | enter_short 82 AAPL @ 303.92 | SL:305.9407142857143 TP:301.22571428571433 TS:None | strat=SMAStrategy regime=normal
2025-08-29 17:43:38 - TradeLogger - INFO - [TRADE] 2025-08-29T21:43:38.146508+00:00 | enter_long 74 MSFT @ 333.78 | SL:331.5621428571428 TP:336.7371428571428 TS:None | strat=SMAStrategy regime=normal
2025-08-29 17:43:39 - TradeLogger - INFO - [TRADE] 2025-08-29T21:43:39.461586+00:00 | enter_short 74 MSFT @ 333.12 | SL:336.1657142857143 TP:328.5514285714286 TS:None | strat=SMAStrategy regime=high_volatility
2025-08-29 17:43:39 - TradeLogger - INFO - [TRADE] 2025-08-29T21:43:39.564882+00:00 | enter_short 74 MSFT @ 333.31 | SL:335.4882142857143 TP:330.4057142857143 TS:None | strat=SMAStrategy regime=normal
2025-08-29 17:43:39 - TradeLogger - INFO - [TRADE] 2025-08-29T21:43:39.667582+00:00 | enter_short 74 MSFT @ 333.31 | SL:335.37892857142856 TP:330.5514285714286 TS:None | strat=SMAStrategy regime=normal
2025-08-29 17:43:40 - TradeLogger - INFO - [TRADE] 2025-08-29T21:43:40.160174+00:00 | enter_long 81 AAPL @ 304.67 | SL:301.6157142857143 TP:309.25142857142856 TS:None | strat=SMAStrategy regime=high_volatility
2025-08-29 17:43:40 - TradeLogger - INFO - [TRADE] 2025-08-29T21:43:40.261280+00:00 | enter_long 81 AAPL @ 305.56 | SL:302.54857142857145 TP:310.07714285714286 TS:None | strat=SMAStrategy regime=high_volatility
2025-08-29 17:43:40 - TradeLogger - INFO - [TRADE] 2025-08-29T21:43:40.361458+00:00 | enter_long 81 AAPL @ 305.77 | SL:302.70142857142855 TP:310.37285714285713 TS:None | strat=SMAStrategy regime=high_volatility
2025-08-29 17:43:42 - TradeLogger - INFO - [TRADE] 2025-08-29T21:43:42.691205+00:00 | enter_short 82 AAPL @ 304.20 | SL:307.29571428571427 TP:299.55642857142857 TS:None | strat=SMAStrategy regime=high_volatility
2025-08-29 17:43:42 - TradeLogger - INFO - [TRADE] 2025-08-29T21:43:42.700753+00:00 | enter_long 74 MSFT @ 334.43 | SL:333.45428571428573 TP:335.8935714285714 TS:None | strat=SMAStrategy regime=low_volatility
2025-08-29 17:43:42 - TradeLogger - INFO - [TRADE] 2025-08-29T21:43:42.790757+00:00 | enter_short 82 AAPL @ 303.72 | SL:306.8757142857143 TP:298.98642857142863 TS:None | strat=SMAStrategy regime=high_volatility
2025-08-29 17:43:42 - TradeLogger - INFO - [TRADE] 2025-08-29T21:43:42.800253+00:00 | enter_long 74 MSFT @ 334.16 | SL:333.0464285714286 TP:335.83035714285717 TS:None | strat=SMAStrategy regime=low_volatility
2025-08-29 17:43:45 - TradeLogger - INFO - [TRADE] 2025-08-29T21:43:45.960426+00:00 | enter_short 74 MSFT @ 336.59 | SL:338.40071428571423 TP:334.17571428571426 TS:None | strat=SMAStrategy regime=normal
2025-08-29 17:43:46 - TradeLogger - INFO - [TRADE] 2025-08-29T21:43:46.027632+00:00 | enter_long 82 AAPL @ 304.06 | SL:300.86 TP:308.86 TS:None | strat=SMAStrategy regime=high_volatility
2025-08-29 17:43:46 - TradeLogger - INFO - [TRADE] 2025-08-29T21:43:46.036168+00:00 | enter_short 74 MSFT @ 337.20 | SL:338.9421428571428 TP:334.87714285714287 TS:None | strat=SMAStrategy regime=normal
2025-08-29 17:43:46 - TradeLogger - INFO - [TRADE] 2025-08-29T21:43:46.136216+00:00 | enter_long 82 AAPL @ 304.01 | SL:301.1142857142857 TP:308.3535714285714 TS:None | strat=SMAStrategy regime=high_volatility
2025-08-29 17:43:46 - TradeLogger - INFO - [TRADE] 2025-08-29T21:43:46.154013+00:00 | enter_short 73 MSFT @ 337.89 | SL:338.94071428571425 TP:336.31392857142856 TS:None | strat=SMAStrategy regime=low_volatility
2025-08-29 17:43:46 - TradeLogger - INFO - [TRADE] 2025-08-29T21:43:46.225949+00:00 | enter_long 82 AAPL @ 304.04 | SL:302.01500000000004 TP:306.74 TS:None | strat=SMAStrategy regime=normal
2025-08-29 17:43:48 - TradeLogger - INFO - [TRADE] 2025-08-29T21:43:48.857820+00:00 | enter_short 82 AAPL @ 303.97 | SL:305.8096428571429 TP:301.51714285714286 TS:None | strat=SMAStrategy regime=normal
2025-08-29 17:43:48 - TradeLogger - INFO - [TRADE] 2025-08-29T21:43:48.958968+00:00 | enter_short 82 AAPL @ 304.19 | SL:305.99857142857144 TP:301.7785714285714 TS:None | strat=SMAStrategy regime=normal
2025-08-29 17:43:49 - TradeLogger - INFO - [TRADE] 2025-08-29T21:43:49.060020+00:00 | enter_short 82 AAPL @ 303.95 | SL:305.06 TP:302.28499999999997 TS:None | strat=SMAStrategy regime=low_volatility
2025-08-29 17:43:49 - TradeLogger - INFO - [TRADE] 2025-08-29T21:43:49.069643+00:00 | enter_long 73 MSFT @ 337.92 | SL:337.10857142857145 TP:339.13714285714286 TS:None | strat=SMAStrategy regime=low_volatility
2025-08-29 17:43:49 - TradeLogger - INFO - [TRADE] 2025-08-29T21:43:49.173296+00:00 | enter_long 73 MSFT @ 337.87 | SL:336.9457142857143 TP:339.2564285714286 TS:None | strat=SMAStrategy regime=low_volatility
2025-08-29 17:43:49 - TradeLogger - INFO - [TRADE] 2025-08-29T21:43:49.266338+00:00 | enter_long 73 MSFT @ 338.62 | SL:337.7235714285714 TP:339.96464285714285 TS:None | strat=SMAStrategy regime=low_volatility
2025-08-29 17:43:50 - TradeLogger - INFO - [TRADE] 2025-08-29T21:43:50.575791+00:00 | enter_short 74 MSFT @ 336.69 | SL:337.82142857142856 TP:334.99285714285713 TS:None | strat=SMAStrategy regime=low_volatility
2025-08-29 17:43:50 - TradeLogger - INFO - [TRADE] 2025-08-29T21:43:50.672430+00:00 | enter_long 82 AAPL @ 304.50 | SL:302.58 TP:307.06 TS:None | strat=SMAStrategy regime=normal
2025-08-29 17:43:50 - TradeLogger - INFO - [TRADE] 2025-08-29T21:43:50.679315+00:00 | enter_short 74 MSFT @ 336.47 | SL:337.60357142857146 TP:334.7696428571429 TS:None | strat=SMAStrategy regime=low_volatility
2025-08-29 17:43:50 - TradeLogger - INFO - [TRADE] 2025-08-29T21:43:50.774654+00:00 | enter_long 82 AAPL @ 303.81 | SL:301.85464285714284 TP:306.4171428571429 TS:None | strat=SMAStrategy regime=normal
2025-08-29 17:43:50 - TradeLogger - INFO - [TRADE] 2025-08-29T21:43:50.875924+00:00 | enter_short 82 AAPL @ 303.67 | SL:304.84928571428577 TP:301.9010714285714 TS:None | strat=SMAStrategy regime=low_volatility
2025-08-29 17:43:50 - TradeLogger - INFO - [TRADE] 2025-08-29T21:43:50.998359+00:00 | enter_short 82 AAPL @ 303.85 | SL:305.0078571428572 TP:302.11321428571426 TS:None | strat=SMAStrategy regime=low_volatility
2025-08-29 17:43:55 - TradeLogger - INFO - [TRADE] 2025-08-29T21:43:55.442010+00:00 | enter_long 82 AAPL @ 302.47 | SL:299.20714285714286 TP:307.36428571428576 TS:None | strat=SMAStrategy regime=high_volatility
2025-08-29 17:43:55 - TradeLogger - INFO - [TRADE] 2025-08-29T21:43:55.539289+00:00 | enter_long 82 AAPL @ 301.70 | SL:298.4657142857143 TP:306.5514285714286 TS:None | strat=SMAStrategy regime=high_volatility
2025-08-29 17:44:00 - TradeLogger - INFO - [TRADE] 2025-08-29T21:44:00.405506+00:00 | enter_short 80 AAPL @ 308.71 | SL:310.7992857142857 TP:305.92428571428565 TS:None | strat=SMAStrategy regime=normal
2025-08-29 17:44:00 - TradeLogger - INFO - [TRADE] 2025-08-29T21:44:00.412362+00:00 | enter_long 74 MSFT @ 334.90 | SL:334.085 TP:336.12249999999995 TS:None | strat=SMAStrategy regime=low_volatility
2025-08-29 17:44:00 - TradeLogger - INFO - [TRADE] 2025-08-29T21:44:00.496346+00:00 | enter_short 80 AAPL @ 309.35 | SL:311.4521428571429 TP:306.54714285714283 TS:None | strat=SMAStrategy regime=normal
2025-08-29 17:44:00 - TradeLogger - INFO - [TRADE] 2025-08-29T21:44:00.502789+00:00 | enter_long 74 MSFT @ 335.09 | SL:334.22999999999996 TP:336.38 TS:None | strat=SMAStrategy regime=low_volatility
2025-08-29 17:44:00 - TradeLogger - INFO - [TRADE] 2025-08-29T21:44:00.597931+00:00 | enter_short 80 AAPL @ 308.45 | SL:311.46285714285716 TP:303.93071428571426 TS:None | strat=SMAStrategy regime=high_volatility
2025-08-29 17:44:00 - TradeLogger - INFO - [TRADE] 2025-08-29T21:44:00.605619+00:00 | enter_long 74 MSFT @ 334.96 | SL:334.0957142857143 TP:336.25642857142856 TS:None | strat=SMAStrategy regime=low_volatility
2025-08-29 17:44:01 - TradeLogger - INFO - [TRADE] 2025-08-29T21:44:01.418472+00:00 | enter_short 74 MSFT @ 333.79 | SL:334.5714285714286 TP:332.6178571428572 TS:None | strat=SMAStrategy regime=low_volatility
2025-08-29 17:44:01 - TradeLogger - INFO - [TRADE] 2025-08-29T21:44:01.520910+00:00 | enter_short 74 MSFT @ 333.06 | SL:333.8807142857143 TP:331.82892857142855 TS:None | strat=SMAStrategy regime=low_volatility
2025-08-29 17:44:01 - TradeLogger - INFO - [TRADE] 2025-08-29T21:44:01.619247+00:00 | enter_short 74 MSFT @ 333.17 | SL:333.93857142857144 TP:332.01714285714286 TS:None | strat=SMAStrategy regime=low_volatility
2025-08-29 17:44:02 - TradeLogger - INFO - [TRADE] 2025-08-29T21:44:02.420813+00:00 | enter_long 80 AAPL @ 309.38 | SL:305.87857142857143 TP:314.63214285714287 TS:None | strat=SMAStrategy regime=high_volatility
2025-08-29 17:44:02 - TradeLogger - INFO - [TRADE] 2025-08-29T21:44:02.520449+00:00 | enter_long 80 AAPL @ 309.49 | SL:305.83714285714285 TP:314.9692857142857 TS:None | strat=SMAStrategy regime=high_volatility
2025-08-29 17:44:02 - TradeLogger - INFO - [TRADE] 2025-08-29T21:44:02.620398+00:00 | enter_long 80 AAPL @ 308.87 | SL:304.79285714285714 TP:314.98571428571427 TS:None | strat=SMAStrategy regime=high_volatility
2025-08-29 17:44:04 - TradeLogger - INFO - [TRADE] 2025-08-29T21:44:04.037683+00:00 | enter_short 80 AAPL @ 309.39 | SL:312.6642857142857 TP:304.4785714285714 TS:None | strat=SMAStrategy regime=high_volatility
2025-08-29 17:44:04 - TradeLogger - INFO - [TRADE] 2025-08-29T21:44:04.139534+00:00 | enter_short 80 AAPL @ 309.12 | SL:312.39285714285717 TP:304.2107142857143 TS:None | strat=SMAStrategy regime=high_volatility
2025-08-29 17:44:04 - TradeLogger - INFO - [TRADE] 2025-08-29T21:44:04.242078+00:00 | enter_short 80 AAPL @ 308.47 | SL:310.79071428571433 TP:305.3757142857143 TS:None | strat=SMAStrategy regime=normal
2025-08-29 17:44:04 - TradeLogger - INFO - [TRADE] 2025-08-29T21:44:04.752393+00:00 | enter_long 74 MSFT @ 334.18 | SL:332.4142857142857 TP:336.5342857142857 TS:None | strat=SMAStrategy regime=normal
2025-08-29 17:44:04 - TradeLogger - INFO - [TRADE] 2025-08-29T21:44:04.854903+00:00 | enter_long 74 MSFT @ 334.00 | SL:332.2482142857143 TP:336.3357142857143 TS:None | strat=SMAStrategy regime=normal
2025-08-29 17:44:04 - TradeLogger - INFO - [TRADE] 2025-08-29T21:44:04.952490+00:00 | enter_long 74 MSFT @ 333.62 | SL:331.93035714285713 TP:335.87285714285713 TS:None | strat=SMAStrategy regime=normal
2025-08-29 17:44:08 - TradeLogger - INFO - [TRADE] 2025-08-29T21:44:08.497710+00:00 | enter_short 74 MSFT @ 335.20 | SL:338.3957142857143 TP:330.40642857142853 TS:None | strat=SMAStrategy regime=high_volatility
2025-08-29 17:44:08 - TradeLogger - INFO - [TRADE] 2025-08-29T21:44:08.598113+00:00 | enter_short 74 MSFT @ 335.29 | SL:338.48428571428576 TP:330.49857142857144 TS:None | strat=SMAStrategy regime=high_volatility
2025-08-29 17:44:08 - TradeLogger - INFO - [TRADE] 2025-08-29T21:44:08.699442+00:00 | enter_short 74 MSFT @ 335.41 | SL:338.3857142857143 TP:330.9464285714286 TS:None | strat=SMAStrategy regime=high_volatility
2025-08-29 17:44:08 - TradeLogger - INFO - [TRADE] 2025-08-29T21:44:08.894160+00:00 | enter_long 79 AAPL @ 313.02 | SL:309.5957142857143 TP:318.15642857142853 TS:None | strat=SMAStrategy regime=high_volatility
2025-08-29 17:44:09 - TradeLogger - INFO - [TRADE] 2025-08-29T21:44:09.004218+00:00 | enter_long 79 AAPL @ 312.34 | SL:308.84 TP:317.59 TS:None | strat=SMAStrategy regime=high_volatility
2025-08-29 17:44:09 - TradeLogger - INFO - [TRADE] 2025-08-29T21:44:09.103681+00:00 | enter_long 80 AAPL @ 311.28 | SL:307.95714285714286 TP:316.2642857142857 TS:None | strat=SMAStrategy regime=high_volatility
2025-08-29 17:44:10 - TradeLogger - INFO - [TRADE] 2025-08-29T21:44:10.510015+00:00 | enter_short 80 AAPL @ 311.10 | SL:313.39500000000004 TP:308.04 TS:None | strat=SMAStrategy regime=normal
2025-08-29 17:44:10 - TradeLogger - INFO - [TRADE] 2025-08-29T21:44:10.517310+00:00 | enter_long 74 MSFT @ 336.12 | SL:334.365 TP:338.46000000000004 TS:None | strat=SMAStrategy regime=normal
2025-08-29 17:44:10 - TradeLogger - INFO - [TRADE] 2025-08-29T21:44:10.614340+00:00 | enter_short 80 AAPL @ 311.15 | SL:313.3625 TP:308.2 TS:None | strat=SMAStrategy regime=normal
2025-08-29 17:44:10 - TradeLogger - INFO - [TRADE] 2025-08-29T21:44:10.622655+00:00 | enter_long 74 MSFT @ 335.85 | SL:334.1764285714286 TP:338.0814285714286 TS:None | strat=SMAStrategy regime=normal
2025-08-29 17:44:10 - TradeLogger - INFO - [TRADE] 2025-08-29T21:44:10.712888+00:00 | enter_short 80 AAPL @ 311.33 | SL:313.62071428571426 TP:308.27571428571423 TS:None | strat=SMAStrategy regime=normal
2025-08-29 17:44:10 - TradeLogger - INFO - [TRADE] 2025-08-29T21:44:10.720744+00:00 | enter_long 74 MSFT @ 336.08 | SL:334.2660714285714 TP:338.49857142857144 TS:None | strat=SMAStrategy regime=normal
2025-08-29 17:44:10 - TradeLogger - INFO - [TRADE] 2025-08-29T21:44:10.920836+00:00 | enter_short 75 MSFT @ 331.98 | SL:335.0342857142858 TP:327.3985714285714 TS:None | strat=SMAStrategy regime=high_volatility
2025-08-29 17:44:11 - TradeLogger - INFO - [TRADE] 2025-08-29T21:44:11.022187+00:00 | enter_short 75 MSFT @ 331.60 | SL:334.71000000000004 TP:326.935 TS:None | strat=SMAStrategy regime=high_volatility
2025-08-29 17:44:11 - TradeLogger - INFO - [TRADE] 2025-08-29T21:44:11.123904+00:00 | enter_short 75 MSFT @ 331.74 | SL:335.0342857142858 TP:326.7985714285714 TS:None | strat=SMAStrategy regime=high_volatility
2025-08-29 17:44:14 - TradeLogger - INFO - [TRADE] 2025-08-29T21:44:14.177732+00:00 | enter_long 74 MSFT @ 333.42 | SL:332.36857142857144 TP:334.9971428571429 TS:None | strat=SMAStrategy regime=low_volatility
2025-08-29 17:44:14 - TradeLogger - INFO - [TRADE] 2025-08-29T21:44:14.263407+00:00 | enter_long 74 MSFT @ 334.23 | SL:332.52964285714285 TP:336.4971428571429 TS:None | strat=SMAStrategy regime=normal
2025-08-29 17:44:14 - TradeLogger - INFO - [TRADE] 2025-08-29T21:44:14.359181+00:00 | enter_long 74 MSFT @ 333.81 | SL:332.1278571428571 TP:336.05285714285714 TS:None | strat=SMAStrategy regime=normal
2025-08-29 17:44:15 - TradeLogger - INFO - [TRADE] 2025-08-29T21:44:15.904667+00:00 | enter_short 75 MSFT @ 331.96 | SL:335.0185714285714 TP:327.3721428571428 TS:None | strat=SMAStrategy regime=high_volatility
2025-08-29 17:44:15 - TradeLogger - INFO - [TRADE] 2025-08-29T21:44:15.977050+00:00 | enter_short 75 MSFT @ 332.16 | SL:335.4814285714286 TP:327.1778571428572 TS:None | strat=SMAStrategy regime=high_volatility
2025-08-29 17:44:16 - TradeLogger - INFO - [TRADE] 2025-08-29T21:44:16.084575+00:00 | enter_short 75 MSFT @ 332.47 | SL:335.4257142857143 TP:328.0364285714286 TS:None | strat=SMAStrategy regime=high_volatility
2025-08-29 17:44:17 - TradeLogger - INFO - [TRADE] 2025-08-29T21:44:17.710920+00:00 | enter_long 75 MSFT @ 332.76 | SL:328.89428571428573 TP:338.55857142857144 TS:None | strat=SMAStrategy regime=high_volatility
2025-08-29 17:44:17 - TradeLogger - INFO - [TRADE] 2025-08-29T21:44:17.795280+00:00 | enter_long 75 MSFT @ 332.68 | SL:328.8457142857143 TP:338.43142857142857 TS:None | strat=SMAStrategy regime=high_volatility
2025-08-29 17:44:17 - TradeLogger - INFO - [TRADE] 2025-08-29T21:44:17.905530+00:00 | enter_long 75 MSFT @ 332.76 | SL:329.11857142857144 TP:338.22214285714284 TS:None | strat=SMAStrategy regime=high_volatility
2025-08-29 17:44:20 - TradeLogger - INFO - [TRADE] 2025-08-29T21:44:20.041318+00:00 | enter_short 74 MSFT @ 333.17 | SL:337.1071428571429 TP:327.26428571428573 TS:None | strat=SMAStrategy regime=high_volatility
2025-08-29 17:44:20 - TradeLogger - INFO - [TRADE] 2025-08-29T21:44:20.140014+00:00 | enter_short 74 MSFT @ 333.58 | SL:337.7285714285714 TP:327.35714285714283 TS:None | strat=SMAStrategy regime=high_volatility
2025-08-29 17:44:20 - TradeLogger - INFO - [TRADE] 2025-08-29T21:44:20.232087+00:00 | enter_short 74 MSFT @ 333.44 | SL:337.7285714285714 TP:327.00714285714287 TS:None | strat=SMAStrategy regime=high_volatility
2025-08-29 17:44:20 - TradeLogger - INFO - [TRADE] 2025-08-29T21:44:20.435101+00:00 | enter_long 74 MSFT @ 333.40 | SL:329.1485714285714 TP:339.77714285714285 TS:None | strat=SMAStrategy regime=high_volatility
2025-08-29 17:44:20 - TradeLogger - INFO - [TRADE] 2025-08-29T21:44:20.534672+00:00 | enter_long 74 MSFT @ 333.22 | SL:329.17 TP:339.295 TS:None | strat=SMAStrategy regime=high_volatility
2025-08-29 17:44:20 - TradeLogger - INFO - [TRADE] 2025-08-29T21:44:20.632378+00:00 | enter_long 74 MSFT @ 333.48 | SL:329.66 TP:339.21000000000004 TS:None | strat=SMAStrategy regime=high_volatility
2025-08-29 17:44:22 - TradeLogger - INFO - [TRADE] 2025-08-29T21:44:22.852968+00:00 | enter_short 74 MSFT @ 333.86 | SL:335.7532142857143 TP:331.3357142857143 TS:None | strat=SMAStrategy regime=normal
2025-08-29 17:44:22 - TradeLogger - INFO - [TRADE] 2025-08-29T21:44:22.951946+00:00 | enter_long 83 AAPL @ 299.19 | SL:298.00357142857143 TP:300.96964285714284 TS:None | strat=SMAStrategy regime=low_volatility
2025-08-29 17:44:22 - TradeLogger - INFO - [TRADE] 2025-08-29T21:44:22.969055+00:00 | enter_short 74 MSFT @ 334.20 | SL:336.1060714285714 TP:331.6585714285714 TS:None | strat=SMAStrategy regime=normal
2025-08-29 17:44:23 - TradeLogger - INFO - [TRADE] 2025-08-29T21:44:23.056593+00:00 | enter_long 83 AAPL @ 299.22 | SL:298.06928571428574 TP:300.94607142857143 TS:None | strat=SMAStrategy regime=low_volatility
2025-08-29 17:44:23 - TradeLogger - INFO - [TRADE] 2025-08-29T21:44:23.073367+00:00 | enter_short 74 MSFT @ 333.55 | SL:335.58464285714285 TP:330.83714285714285 TS:None | strat=SMAStrategy regime=normal
2025-08-29 17:44:23 - TradeLogger - INFO - [TRADE] 2025-08-29T21:44:23.152258+00:00 | enter_long 83 AAPL @ 299.34 | SL:298.2707142857143 TP:300.94392857142856 TS:None | strat=SMAStrategy regime=low_volatility
2025-08-29 17:44:23 - TradeLogger - INFO - [TRADE] 2025-08-29T21:44:23.356035+00:00 | enter_short 83 AAPL @ 298.43 | SL:299.6542857142857 TP:296.59357142857147 TS:None | strat=SMAStrategy regime=low_volatility
2025-08-29 17:44:23 - TradeLogger - INFO - [TRADE] 2025-08-29T21:44:23.460578+00:00 | enter_short 83 AAPL @ 299.50 | SL:301.4789285714286 TP:296.8614285714286 TS:None | strat=SMAStrategy regime=normal
2025-08-29 17:44:23 - TradeLogger - INFO - [TRADE] 2025-08-29T21:44:23.568292+00:00 | enter_short 83 AAPL @ 300.35 | SL:302.4328571428572 TP:297.5728571428572 TS:None | strat=SMAStrategy regime=normal
2025-08-29 17:44:23 - TradeLogger - INFO - [TRADE] 2025-08-29T21:44:23.767404+00:00 | enter_long 74 MSFT @ 334.95 | SL:331.71285714285716 TP:339.80571428571426 TS:None | strat=SMAStrategy regime=high_volatility
2025-08-29 17:44:23 - TradeLogger - INFO - [TRADE] 2025-08-29T21:44:23.863507+00:00 | enter_long 74 MSFT @ 335.15 | SL:331.9528571428571 TP:339.94571428571425 TS:None | strat=SMAStrategy regime=high_volatility
2025-08-29 17:44:23 - TradeLogger - INFO - [TRADE] 2025-08-29T21:44:23.966004+00:00 | enter_long 74 MSFT @ 335.46 | SL:332.25714285714287 TP:340.2642857142857 TS:None | strat=SMAStrategy regime=high_volatility
2025-08-29 17:44:26 - TradeLogger - INFO - [TRADE] 2025-08-29T21:44:26.290813+00:00 | enter_short 74 MSFT @ 335.07 | SL:336.9792857142857 TP:332.5242857142857 TS:None | strat=SMAStrategy regime=normal
2025-08-29 17:44:26 - TradeLogger - INFO - [TRADE] 2025-08-29T21:44:26.393658+00:00 | enter_short 74 MSFT @ 335.41 | SL:336.5414285714286 TP:333.71285714285716 TS:None | strat=SMAStrategy regime=low_volatility
2025-08-29 17:44:26 - TradeLogger - INFO - [TRADE] 2025-08-29T21:44:26.501939+00:00 | enter_short 74 MSFT @ 335.09 | SL:336.9553571428571 TP:332.60285714285715 TS:None | strat=SMAStrategy regime=normal
2025-08-29 17:44:27 - TradeLogger - INFO - [TRADE] 2025-08-29T21:44:27.093913+00:00 | enter_long 83 AAPL @ 300.14 | SL:297.68535714285713 TP:303.41285714285715 TS:None | strat=SMAStrategy regime=normal
2025-08-29 17:44:27 - TradeLogger - INFO - [TRADE] 2025-08-29T21:44:27.193263+00:00 | enter_long 82 AAPL @ 301.01 | SL:298.5875 TP:304.24 TS:None | strat=SMAStrategy regime=normal
2025-08-29 17:44:27 - TradeLogger - INFO - [TRADE] 2025-08-29T21:44:27.293473+00:00 | enter_long 82 AAPL @ 300.96 | SL:298.74321428571426 TP:303.9157142857143 TS:None | strat=SMAStrategy regime=normal
2025-08-29 17:44:30 - TradeLogger - INFO - [TRADE] 2025-08-29T21:44:30.127211+00:00 | enter_short 82 AAPL @ 303.25 | SL:305.33714285714285 TP:300.46714285714285 TS:None | strat=SMAStrategy regime=normal
2025-08-29 17:44:30 - TradeLogger - INFO - [TRADE] 2025-08-29T21:44:30.139187+00:00 | enter_long 74 MSFT @ 336.75 | SL:332.8328571428571 TP:342.6257142857143 TS:None | strat=SMAStrategy regime=high_volatility
2025-08-29 17:44:30 - TradeLogger - INFO - [TRADE] 2025-08-29T21:44:30.228931+00:00 | enter_short 82 AAPL @ 303.78 | SL:305.83821428571423 TP:301.0357142857143 TS:None | strat=SMAStrategy regime=normal
2025-08-29 17:44:30 - TradeLogger - INFO - [TRADE] 2025-08-29T21:44:30.239919+00:00 | enter_long 74 MSFT @ 336.01 | SL:331.9271428571428 TP:342.13428571428574 TS:None | strat=SMAStrategy regime=high_volatility
2025-08-29 17:44:30 - TradeLogger - INFO - [TRADE] 2025-08-29T21:44:30.330125+00:00 | enter_short 82 AAPL @ 303.04 | SL:305.1014285714286 TP:300.2914285714286 TS:None | strat=SMAStrategy regime=normal
2025-08-29 17:44:30 - TradeLogger - INFO - [TRADE] 2025-08-29T21:44:30.340259+00:00 | enter_long 74 MSFT @ 336.13 | SL:332.1085714285714 TP:342.16214285714284 TS:None | strat=SMAStrategy regime=high_volatility
2025-08-29 17:44:30 - TradeLogger - INFO - [TRADE] 2025-08-29T21:44:30.843708+00:00 | enter_short 74 MSFT @ 335.78 | SL:339.20142857142855 TP:330.6478571428571 TS:None | strat=SMAStrategy regime=high_volatility
2025-08-29 17:44:30 - TradeLogger - INFO - [TRADE] 2025-08-29T21:44:30.940407+00:00 | enter_short 74 MSFT @ 336.02 | SL:339.2857142857143 TP:331.12142857142857 TS:None | strat=SMAStrategy regime=high_volatility
2025-08-29 17:44:31 - TradeLogger - INFO - [TRADE] 2025-08-29T21:44:31.035579+00:00 | enter_long 81 AAPL @ 305.33 | SL:303.4325 TP:307.85999999999996 TS:None | strat=SMAStrategy regime=normal
2025-08-29 17:44:31 - TradeLogger - INFO - [TRADE] 2025-08-29T21:44:31.041097+00:00 | enter_short 74 MSFT @ 336.97 | SL:340.4 TP:331.82500000000005 TS:None | strat=SMAStrategy regime=high_volatility
2025-08-29 17:44:31 - TradeLogger - INFO - [TRADE] 2025-08-29T21:44:31.138537+00:00 | enter_long 82 AAPL @ 304.30 | SL:302.3607142857143 TP:306.8857142857143 TS:None | strat=SMAStrategy regime=normal
2025-08-29 17:44:31 - TradeLogger - INFO - [TRADE] 2025-08-29T21:44:31.249573+00:00 | enter_long 82 AAPL @ 304.02 | SL:301.8567857142857 TP:306.9042857142857 TS:None | strat=SMAStrategy regime=normal
2025-08-29 17:54:16 - TradeLogger - DEBUG - Logger initialized.
2025-08-29 17:54:16 - TradeLogger - DEBUG - Log file: logs/TradeLogger.log
2025-08-29 17:54:16 - TradeLogger - DEBUG - Logger name: TradeLogger
2025-08-29 17:54:16 - Drawdown Monitor - DEBUG - Logger initialized.
2025-08-29 17:54:16 - Drawdown Monitor - DEBUG - Log file: logs/TradeLogger.log
2025-08-29 17:54:16 - Drawdown Monitor - DEBUG - Logger name: Drawdown Monitor
2025-08-29 17:54:16 - Drawdown Monitor - INFO - [DAILY RESET] Portfolio start set to 100,000.00
2025-08-29 17:54:19 - TradeLogger - INFO - [TRADE] 2025-08-29T21:54:19.076740+00:00 | enter_long 96 MSFT @ 258.74 | SL:257.98 TP:259.88 TS:None | strat=SMAStrategy regime=low_volatility
2025-08-29 17:54:19 - TradeLogger - INFO - [TRADE] 2025-08-29T21:54:19.178526+00:00 | enter_long 96 MSFT @ 258.52 | SL:257.7285714285714 TP:259.70714285714286 TS:None | strat=SMAStrategy regime=low_volatility
